28737ff6
d86e9ff7
4be18e64
8dc448cd
864fa582
78e34493
145b2cd0
eb59a4c9
01d697ce
e1f396ef
d88e45fc
aacec485
7dc862da
6b0cb30b
b877c5e8
02bc2401
96d9d2a6
ab5174e7
d4f75894
20c5ff3d
2e407332
1f367883
5b3b6a00
ee985239
10fe907e
8bde19df
daed262c
2aa2d8f5
c7ef368a
3c3474fb
d31c7918
50950f71
5c923156
f3cb65d7
21ec0ec4
8d9a31ad
9e980ce2
33768873
c2fd5330
bc553ba9
362e152e
2ba738cf
089c725c
249ce965
8f0a563a
788892eb
3bac5848
7af7b6e1
68379c06
83db72c7
4e52b0f4
5bd7e01d
94a17292
28927463
0d63e860
3e976119
386025de
f42df3bf
fc8f2a8c
9c33f5d5
8ec4c1ea
21d80cdb
c94a6378
c5cb1a51
052512b6
2b409bb7
007e3f24
a6d60a8d
3667a442
8b393c53
72f22990
6f25c289
134fc28e
0e114aaf
74784ebc
e09efe45
4389799a
cbb1e2cb
e1d99aa8
bcb639c1
8b759566
a779e0a7
9981b954
8dabb0fd
c2b5a1f2
f1d9e043
d2eb16c0
c7875ff9
a777eb3e
87b03d9f
80cadeec
fcd502b5
9a837d4a
8b6514bb
a9fcfdd8
a3201531
10042416
93c64197
65301f84
a32fd36d
41166ba2
eca36033
e351aff0
b1033969
6a139fee
4529cc8f
b4b9db1c
278d0325
a19dccfa
e800a2ab
35178d08
e42faca1
146bbec6
5924be87
ca1c71b4
5df971dd
31d50152
f584bc23
60e8f520
f4a04ed9
151de09e
f05cf77f
5638434c
333dff95
378368aa
ca538c9b
b54c4838
82cc0011
37076576
1e545777
7999afe4
885f8c4d
3dfc6302
602cf413
3f33e650
2b25a049
5751ad4e
e8e8be6f
8df9177c
fe1ef805
bb9f505a
6cecd28b
ab7e2f68
899c0f81
e2f21826
b7d40c67
9fbada14
b07922bd
e75790b2
4a0b0803
d8758380
2d1a2db9
842a05fe
342c215f
976f57ac
e226ec75
be1c840a
4c1b747b
17504298
7b06daf1
0006d6d6
97e2dd57
1352f044
981d352d
38718a62
8a4df7f3
1db0ccb0
82c4f729
43e1eaae
6d46204f
f0ce03dc
250cdce5
afe603ba
15ee726b
a72581c8
c1336261
a2e0a186
be7fca47
85f4f274
a4e2c39d
74955012
a1e4c3e3
c6a8c1e0
d42cfc99
43745b5e
b515bb3f
8b081c0c
6847c955
92a6cf6a
9a34cc5b
e820ecf8
1e08a5d1
bcda7836
a969d337
b3f3e0a4
5020ce0d
c7cde1c2
ab7e6bd3
81e06310
59193e09
e49c580e
a239f22f
f9d0a03c
190eb1c5
a8c9e71a
ba7d824b
76258428
1b2da541
cc0f5ae6
441ff827
9462bad4
96ee547d
f6e63f72
4b89efc3
249ab040
4910bb79
edd4e0be
3111c51f
a39a906c
e0589635
257a4aca
5a17943b
2bd64758
7a0960b1
8b5a4996
d7e13917
89148104
6a2256ed
0f696922
a0364fb3
dadaa970
4b5a74e9
3a58f56e
b3bc340f
f198ec9c
12dc76a5
dca2fa7a
4e12022b
52963688
a3c2d821
a2564446
fbac9607
8e9c3334
1e53d55d
17a25ed2
31728ba3
57634ea0
e6fd6a59
6a23961e
c2183eff
7fbeb4cc
21115315
f2eef62a
4d3bcc1b
d28851b8
19410b91
555e4af6
84410ef7
6c4cd164
dbd9cfcd
be9c2082
e0eda393
03b79fd0
f2c09bc9
91efc2ce
29c4e5ef
4cbee8fc
072e2b85
8dc93dda
e023f20b
628f98e8
e32afb01
358d5da6
741da3e7
e4395b94
0ecb463d
0c21ae32
da169783
301a9d00
052b0939
eb387b7e
de2128df
ea0c892c
bd29fff5
835cd18a
511973fb
b84f0c18
01e7a671
d0be7c56
eb8154d7
e334d1c4
d6ff38ad
10be07e2
821c6773
438f4630
e483b2a9
8438c02e
e84c07cf
abda955c
a6bbd065
0a94b13a
9c2b51eb
b829ab48
dd9e0de1
618ca706
186b21c7
b0d233f4
780ca71d
95bc2d92
67ee1363
ebd89b60
f6d19819
efeb90de
572482bf
d91c0d8c
035a9cd5
6b1bdcea
5f288bdb
a5427678
b6353151
7f52ddb6
269a0ab7
1f648224
c94a918d
cd271f42
343a9b53
4d799c90
b1dbb989
f60bed8e
2f4999af
db83f1bc
5e3d6545
ad5d549a
c9a021cb
517c6da8
135410c1
ce2c2066
2f8d0fa7
bbfebc54
a5cff7fd
01c9dcf2
9970ff43
33b549c0
0b2916f9
4314d63e
5b1a4c9f
6f8541ec
fe5b29b5
4a84184a
8ce113bb
4d7a90d8
3461ac31
aef36f16
2a833097
fe73e284
5c73da6d
472f66a2
43c03f33
408ea2f0
e800b069
18414aee
9ab59b8f
d452fe1c
566aea25
dc7b27fa
cbfa61ab
189fe008
808503a1
ef43c9c6
dc7b6d87
7956f4b4
1fcd38dd
29a2bc52
c9175b23
1cc8a820
8d6985d9
fb8c4b9e
73fa867f
fbe0264c
74e3a695
cded83aa
0bbb0b9b
510f5b38
f6a51711
79783076
c834c677
09faf2e4
7633134d
5e2ede02
99255313
a7e65950
102a9749
67b0d84e
22880d6f
badfba7c
73fc5f05
0a462b5a
22b2118b
e3ac0268
9d68e681
04aba326
1e2e3b67
0872dd14
a9bc69bd
729ecbb2
ed592703
282ab680
c4cae4b9
7c29f0fe
87bd305f
f8c4baac
e9ac1375
adb01f0a
292e737b
3c18d598
f33771f1
c4b921d6
aca6cc57
7791b344
38403c2d
7d7d8562
b8e1d6f3
7a98bfb0
af916e29
ad3295ae
1ab8ef4f
dfc226dc
57a9c3e5
b5165eba
693f316b
74b8d4c8
5e37b961
1a3bac86
cf9d7947
34ea7574
43558a9d
ce160b12
98ae62e3
42f374e0
f4853399
73c5c65e
d85a4a3f
0ccaff0c
9b6c7055
ae23ea6a
4eb34b5b
86aefff8
9c50bcd1
428e4336
60d14237
28d023a4
0053550d
9c735cc2
c36dcad3
1bbdd610
476d3509
fd9e830e
3340412f
bf92433c
5e2b18c5
6743c21a
5719c14b
79de5728
33297c41
07cbe5e6
a7c12727
7655bdd4
28509b7d
b9607a72
f98f0ec3
c63ae340
5bd07279
dd37cbbe
03c9d41f
0a8af36c
84dcbd35
9fa0e5ca
01c1933b
94e9da58
e028f7b1
70cf9496
49ac2817
ab4e4404
68245ded
3e686422
75412eb3
5a6d9c70
54f5ebe9
b9cca06e
7816030f
02e80f9c
a0385da5
b726557a
bfb9c12b
8d348988
08762f21
71344f46
39914507
f04cb634
d0659c5d
3dd619d2
da732aa3
771901a0
35e4a159
ff58011e
0403cdff
f09c97cc
5cb4fa15
5e7f112a
e3d14b1b
b6e164b8
28f82291
995515f6
a82f7df7
38a41464
456b56cd
72b49b82
26d40293
71c012d0
516392c9
8e94edce
513234ef
7e5b8bfc
f2899285
471618da
9297310b
34d36be8
4655d201
c64ce8a6
f405d2e7
72675e94
ef4c8d3d
f0cee932
a1d2b683
86a5d000
b9f9c039
6cfe667e
2f0037df
e997ec2c
95ad26f5
d3166c8a
b25a72fb
28ad9f18
5cf63d71
d1f6c756
995343d7
b66994c4
a9e03fad
d4b002e2
cc9e4673
08cd3930
b1ee29a9
74cf6b2e
828cd6cf
3284b85c
e5d6b765
c56b0c3a
db2a10eb
e2d2fe48
d10064e1
42edb206
2216d0c7
783db6f4
74bd6e1d
f3a2e892
5225b263
91f94e60
1b47cf19
0502fbde
36b711bf
4c14f08c
5e7d43d5
f1bef7ea
46d50adb
12668978
de5b4851
fc8ca8b6
160f79b7
b636c524
e33b188d
8bb29a42
f717fa53
32ad0f90
e7cdb089
b154188e
2c1de8af
4bfb94bc
c6d7cc45
ec7d2f9a
c0ea60cb
f54b40a8
08ade7c1
eeeeab66
eabc3ea7
2967bf54
8c703efd
f3aa17f2
89e41e43
a22b7cc0
8906cdf9
f23dc13e
29205b9f
9aaba4ec
a1dd50b5
bad0b34a
96b912bb
882423d8
8b5f4331
c6eeba16
f35c1f97
75a3a584
7b33e16d
4b1461a2
d2b91e33
6e7795f0
603a2769
d4faf5ee
c9dd6a8f
2358211c
9e44d125
82a482fa
875020ab
b6543308
c9965aa1
9e27d4c6
50ee1c87
597d77b4
9e1cffdd
2a3c7752
8385fa23
2c545b20
2e6ebcd9
ab86b69e
7034157f
83f4094c
06854d95
3aa39eaa
b37e8a9b
89fe6e38
be3a2e11
aaf4fb76
e2313577
de4835e4
37829a4d
522d5902
27f9b213
a744cc50
846b8e49
bc9c034e
33c35c6f
3d325d7c
30d5c605
5a39065a
8dd3508b
5c05d568
6bf1bd81
f0712e26
33a46a67
8816e014
4d7bb0bd
5cb206b2
15834603
118be980
32b79bb9
f3b5dbfe
d1ea3f5f
e2861dac
ef2d3a75
898fba0a
ca9d727b
040d6898
4d2408f1
ee776cd6
6f86bb57
85bc7644
19df432d
6c558062
5b51b5f3
342cb2b0
b999e529
910f40ae
9dc7be4f
4a2249dc
ff42aae5
5192b9ba
4febf06b
087827c8
c3f81061
51a2b786
4dd72847
e0cbf874
7a44519d
dc62c612
b25401e3
9eea27e0
b9196a99
d9a3315e
703ad93f
bcf9e20c
7a8d1755
cbed056a
258dca5b
ce6912f8
8a54d3d1
a34e0e36
0454b137
ad9866a4
6001dc0d
f0e4d7c2
6d3929d3
d8474910
60fd2c09
c72cae0e
97e2902f
26bfe63c
46437fc5
53099d1a
6512004b
c9c32a28
21e15341
f99470e6
367e5627
3b34c0d4
402ee27d
86a6b572
68702dc3
8d871640
e0cc2979
b826b6be
c91de31f
45e7566c
835ce435
321380ca
29c7923b
ad296d58
44048eb1
a750df96
e5931717
43740704
83a264ed
c3335f22
fa280db3
c2ac8f70
d7cd62e9
1fcc4b6e
0e0bd20f
dba3329c
fe9044a5
54f5b07a
80bd802b
99fedc88
51e58621
ec1e5a46
6091f407
1ae93934
f6f3635d
c4d5d4d2
e24fc9a3
027ab4a0
c507d859
36186c1e
b68b5cff
dbe67acc
a054a115
f85b2c2a
58c2ca1b
506677b8
c46b3991
a457e0f6
3439ecf7
e0e75764
3a78ddcd
52991682
3a966193
8e7485d0
774289c9
a7c618ce
483b83ef
9d642efc
dce0f985
59aef3da
7266700b
5f433ee8
9c3ca901
f91873a6
1b0a01e7
af816194
3249d43d
8c482432
666ad583
8edd0300
7d047739
4650517e
6e7b46df
098f4f2c
242c4df5
671c078a
4ff771fb
54383218
d1c0d471
103b1256
ed4132d7
cb8a57c4
763d46ad
9a6dfde2
02fc2573
42b72c30
9494a0a9
b7f2162e
ea69a5cf
cc9adb5c
51ed9e65
6f8d673a
2584cfeb
eba85148
c51ebbe1
bc5abd06
90de7fc7
d49539f4
c1ea351d
5e55a392
d7395163
2fc60160
1bfa0619
27a666de
82e5a0bf
8579d38c
1d9bead5
d2ae12ea
c8dd89db
40b69c78
ae3d5f51
2cd273b6
e9a0e8b7
f4f50824
64a79f8d
220a1542
c3d15953
528c8290
80fba789
f528438e
f48e37af
f5df37bc
8a6e3345
b0e90a9a
a1909fcb
fd4613a8
0cc3bec1
9dbd3666
c9076da7
11bcc254
b18c85fd
485652f2
b3333d43
4e4dafc0
b12084f9
64f2ac3e
e1c26a9f
323e07ec
575b77b5
9b694e4a
98ed11bb
89f9b6d8
1818da31
07f60516
de510e97
fabf6884
6f6fe86d
fcc55ca2
898dfd33
9d0c88f0
89af9e69
5040a0ee
c2a1398f
d1c9441c
6f1ab825
4419ddfa
0a01dfab
3e348608
2f63b1a1
d117dfc6
a67ccb87
9a8ffab4
48e8c6dd
e3a23252
14d09923
bf8c0e20
47aff3d9
d50d219e
d509a47f
1e73ec4c
5822f495
2da5b9aa
b19e099b
90198138
498b4511
7b7dc676
5c49a477
268178e4
3c4e214d
c9f7d402
fcaa1113
6d4f3f50
f7e88549
06132e4e
0c9aab6f
44f1007c
a4ab2d05
5b77e15a
9e508f8b
448ba868
65369481
5642b926
e8369967
4ea6e314
0bb6f7bd
559141b2
b2896503
c4991c80
e6e052b9
9acdc6fe
02b34e5f
84b380ac
62aa6175
01bb550a
2068717b
9f2dfb98
f8cc9ff1
2d41b7d6
d082aa57
6dd33944
acfa4a2d
b4f97b62
619d94f3
7a6ca5b0
10de5c29
9f77ebae
e6728d4f
5fee6cdc
8bd791e5
355b14ba
b9f4af6b
92637ac8
62746761
f915c286
292cd747
b9997b74
b9af189d
4f7b8112
ded5a0e3
0a8cdae0
91e9a199
250c9c5e
6cb7683f
cb94c50c
75a9be55
9c02206a
0ec4495b
ef4f25f8
5814ead1
8f19d936
83f42037
724ca9a4
df2c630d
752252c2
98e088d3
e77cbc10
15c92309
f146d90e
c020df2f
5f59893c
4157e6c5
1c1b781a
d4663f4b
95d3fd28
57552a41
5168fbe6
e0578527
12ffc3d4
4e89297d
0eb8f072
882d4cc3
aa7f4940
4803e079
2ea1a1be
710df21f
85afb96c
4bd90b35
8cd21bca
c229913b
a4950058
159c25b1
dede2a96
9b960617
8185ca04
2c9c6bed
4dca5a22
1eeaecb3
43978270
43e0d9e9
1c57f66e
659da10f
abca559c
9de42ba5
66110b7a
811d3f2b
a8f52f88
f010dd21
c3146546
60aea307
3e71bc34
01fd2a5d
5ca18fd2
390868a3
298867a0
04670f59
be64d71e
c9aeebff
719c5dcc
5bf04815
7083472a
9c10491b
cf178ab8
5b9a5091
2666abf6
18605bf7
95169a64
2b0264cd
0e499182
0c34c093
89d4f8d0
d45d80c9
8d8343ce
fee0d2ef
d9d8d1fc
36346085
7593ceda
6f91af0b
11df11e8
54df8001
7deffea6
d92a30e7
cb876494
47c31b3d
8e8d5f32
17def483
78c03600
be4b2e39
272e3c7e
8c9255df
79f2b22c
d8a774f5
ef6da28a
19f070fb
6aeec518
d0476b71
3b8b5d56
d74b21d7
52971ac4
ac164dad
11f7f8e2
15360473
214d1f30
fc7717a9
fda0c12e
0fe274cf
aa1cfe5c
5b008565
b8fbc23a
6b3b8eeb
02a9a448
29f912e1
7dd3c806
54c22ec7
f5d8bcf4
cf92fc1d
85d45e92
e728f063
f53eb460
68e83d19
07d5d1de
2bb02fbf
b54ab68c
b0b691d5
bde92dea
d54208db
6032af78
95db7651
c0243eb6
914e57b7
0b9f4b24
bd90268d
402d9042
8a66b853
dd17f590
ed659e89
71886e8e
789a86af
092edabc
19009a45
aaa0e59a
5b92decb
996ce6a8
8f9595c1
8a97c166
ba6e9ca7
a4fdc554
8524ccfd
afce8df2
055e5c43
681be2c0
f3763bf9
4b33973e
7500799f
663c6aec
8ed59eb5
9c4de94a
837d10bb
82fb49d8
4a8e7131
22095016
db61fd97
bdc72b84
a927ef6d
0c4257a2
583edc33
fc4d7bf0
d4611569
3a124bee
7501088f
0fa6671c
38ec9f25
d0db38fa
440f9eab
e040d908
21ed08a1
3813eac6
cd277a87
6c8e7db4
90308ddd
05d3ed52
6cf73823
066fc120
492d2ad9
281f8c9e
927b337f
fb5fcf4c
d9bc9b95
56f3d4aa
f619889b
93609438
08985c11
9b129176
267e1377
12a6bbe4
f495a84d
758e4f02
07367013
2a05b250
daa17c49
f416594e
9d0dfa6f
021ba37c
3f7c9405
be02bc5a
4429ce8b
cd3d7b68
f9376b81
e6204426
2be4c867
8c22e614
546e3ebd
0d3c7cb2
b46b8403
71524f80
514509b9
2171b1fe
0a185d5f
0f4ce3ac
b4238875
c632f00a
1a8f707b
3d7a8e98
663136f1
311802d6
bf9a9957
5fd5fc44
6191512d
07697662
bbc573f3
7d5898b0
255ed329
886c96ae
e4b95c4f
51268fdc
6d6878e5
106f6fba
97596e6b
427acdc8
a9acbe61
c094cd86
519e8647
ef52fe74
7195df9d
d7603c12
0e333fe3
b5db8de0
eef5d899
0602075e
bdcff73f
689ba80c
fcc26555
ce633b6a
fa56c85b
196138f8
759101d1
b5f1a436
cfaf8f37
a6ececa4
edd2ea0d
d92bcdc2
3663e7d3
795e2f10
d5d11a09
2bed040e
9bfb2e2f
995f2c3c
bf684dc5
7279531a
95167e4b
0e10d028
43850141
bf4986e6
954cb427
2db6c6d4
c35f707d
01972b72
48c66bc3
4d237c40
01779779
f0a88cbe
eb9a011f
f9e41c6c
4e513235
5fdcb6ca
bae7903b
ab2c9358
c4efbcb1
c7777596
5bb4f517
95838d04
d31272ed
8e2d5522
d389cbb3
0d2e7570
093050e9
5f6fa16e
6ecb700f
a35d789c
ee3412a5
9a78667a
b0d8fe2b
ea178288
52f83421
a6167046
29e75207
8ae63f34
6182f15d
b5394ad2
ce9d07a3
1c421aa0
64024659
483d421e
2d6e7aff
e1be40cc
ff87ef15
76f7622a
9db9c81b
62f49db8
5e856791
cf8176f6
44a2caf7
8531dd64
8707ebcd
55c60c82
8baf1f93
93e16bd0
d8b477c9
efcc6ece
652221ef
63b974fc
6e83c785
4ac4a9da
7a18ee0b
7ca6e4e8
e03e5701
04d389a6
1e665fe7
f6796794
9fb8623d
a79e9a32
a62f1383
744f6900
edcde539
bf98277e
794564df
6ac2152c
231e9bf5
1c0b3d8a
00456ffb
9cd15818
c88a0271
03e7a856
477110d7
7b8fddc4
bb6b54ad
eb4df3e2
f34be373
d48f1230
59958ea9
f5db6c2e
e2f743cf
fb0b215c
710f6c65
51b61d3a
9c4e4deb
57d6f748
6f8f69e1
3758d306
5dc1ddc7
0c083ff4
0db7c31d
1a1f1992
71f48f63
12636760
72127419
55913cde
2116bebf
0b87998c
87cd38d5
637048ea
5c0287db
a0dac278
05358d51
668209b6
fd17c6b7
2a358e24
5df4ad8d
961d0b42
3ad81753
024f6890
9d0b9589
d674998e
a842d5af
b5ea7dbc
e28f0145
89a4c09a
def11dcb
f9bfb9a8
01236cc1
657e4c66
aef1cba7
132ac854
773913fd
da12c8f2
70657b43
1f9615c0
c007f2f9
5500823e
d2da889f
66a6cdec
b84bc5b5
6d7e844a
46690fbb
a328dcd8
92c00831
c5289b16
da8eec97
eebaee84
985bf66d
298b52a2
2ecbbb33
bc3a6ef0
b04e8c69
426ff6ee
d0fcd78f
0cef8a1c
6bba8625
d8e893fa
25795dab
cc792c08
11325fa1
831bf5c6
b4ee2987
ff7900b4
e3f454dd
40d1a852
7bf9d723
30ff7420
a2e661d9
54bdf79e
9888c27f
4ab7b24c
fb524295
668defaa
70f1079b
c3d3a738
6b617311
b9b35c76
30ce8277
d2b7fee4
d0592f4d
04f0ca02
379ecf13
0d682550
9c967349
36a5844e
d51d496f
a4b2467c
7149fb05
31d9975a
6f5f0d8b
261b4e68
97f44281
5009cf26
eeaef767
708ae914
97a185bd
33b3b7b2
0b29a303
47b78280
e1e5c0b9
37a19cfe
d8196c5f
b25246ac
5398af75
86f68b0a
a9126f7b
0ef32198
0551cdf1
a9fa4dd6
2cce8857
8bc4bf44
a7a4582d
13a57162
59c952f3
6cf08bb0
671b4a29
fbed41ae
889c2b4f
4dcab2dc
13f55fe5
92cfcaba
d81a2d6b
48be20c8
09a11561
581fd886
b72c3547
b1f88174
11f8a69d
2410f712
306cdee3
d0d640e0
403e0f99
2c83725e
5384863f
c40e8b0c
7fd70c55
1310566a
d845475b
7c9f4bf8
52c918d1
c7d56f36
d786fe37
7b792fa4
fbf5710d
cd0148c2
35c346d3
bdeba210
11151109
271f2f0e
1b717d2f
04d0cf3c
3074b4c5
06232e1a
9722bd4b
6279a328
5670d841
f33611e6
455de327
bb59c9d4
0eb1b77d
0f416672
9a3b8ac3
a573af40
7d274e79
ae3b77be
28c2101f
d2847f6c
fac55935
5b3351ca
04018f3b
f0f02658
c1ff53b1
111cc096
15efe417
af6d5004
e70479ed
345c5022
0804aab3
4f716870
97bbc7e9
99134c6e
19953f0f
f25c9b9c
5f7ff9a5
a22bc17a
fff0bd2b
8d65d588
ea9b8b21
45247b46
ac3c0107
3046c234
8584b85d
7e9d05d2
930da6a3
0aa7cda0
53d97d59
83a1ad1e
d1ca09ff
5c4c23cc
fb1b9615
bbb77d2a
4dbf471b
3bfdb0b8
3d2c7e91
4fa841f6
a90139f7
e1392064
be8972cd
d90e8782
a9057e93
dc99ded0
f4476ec9
7ea199ce
6aff70ef
6b0617fc
f5cf2e85
894184da
81fc2d0b
cf9ab7e8
ae592e01
3dc314a6
dabe8ee7
60576a94
aa29a93d
877bd532
015b3283
b18a9c00
7b8c9c39
bf8e127e
249473df
0bfd782c
7391c2f5
9cf4d88a
f2f66efb
19dfeb18
2a889971
194ff356
2db2ffd7
7674a0c4
143c5bad
d66feee2
8d3dc273
8c7d0530
1bf005a9
50a2172e
53a812cf
ef65445c
041a5365
e9bc783a
a8bd0ceb
1b304a48
05e1c0e1
98e9de06
9bdd8cc7
4723c2f4
ec588a1d
cb35d492
679c2e63
b7341a60
a778ab19
c0d8a7de
53194dbf
b8307c8c
12dfdfd5
734363ea
4d1f06db
32aed578
6c4ba451
cfebd4b6
1cfd35b7
80b7d124
b5d5348d
d3d88642
c5257653
f232db90
ffed8c89
d3ecc48e
738724af
2c1220bc
57196845
fdf49b9a
1bab5ccb
4e3e8ca8
d16d43c1
de70d766
9690faa7
8c43cb54
f7c95afd
772303f2
e4489a43
a4bc48c0
86d5a9f9
32596d3e
eb50979f
637d30ec
43bdecb5
befb1f4a
d1b10ebb
1a826fd8
60ad9f31
a153e616
cbd7db97
bd9ab184
ad0bfd6d
04a04da2
fd349a33
0cd361f0
8d780369
1959a1ee
c694a68f
f9a4ad1c
77846d25
0c41eefa
9e3f1cab
32dd7f08
6d33b6a1
623000c6
4dd0d887
834f83b4
b4341bdd
449b6352
31d87623
6f3b2720
c4db98d9
0ae8629e
d732517f
3c7b954c
2ce3e995
0c740aaa
1224869b
5172ba38
e1e68a11
87602776
6b3af177
96b541e4
3f98b64d
281f4502
7de32e13
47769850
adc76a49
7dc0af4e
a4c8986f
5cb4e97c
aa136205
66fc725a
0ff04c8b
7f252168
b16d1981
43ff5a26
20952667
2bdeec14
4550ccbd
78f6f2b2
a6c3c203
77c8b580
08c277b9
8d5d87fe
5cb67b5f
9dc3a9ac
b109d675
f406260a
bbf16e7b
4397b498
462e64f1
47e898d6
081e7757
219f8244
ef335f2d
89ad6c62
2ba931f3
79347eb0
4613c129
a9f9ecae
c21afa4f
85dad5dc
ef7e46e5
6c7c25ba
6c36ec6b
d52d73c8
f2516c61
6fb6e386
49d5e447
318a0474
0ad76d9d
e58db212
35827de3
8b7cf3e0
f5c24699
4890dd5e
1dd5153f
0ded6e0c
6ee7b355
1a09716a
988fc65b
49095ef8
5fbd2fd1
74c53a36
8b7a6d37
1ff172a4
7993f80d
00a2c3c2
86fea5d3
e5251510
37950809
92dd5a0e
2e83cc2f
d1ae723c
047d1bc5
8719091a
ca8afc4b
c30e7628
0018af41
9d2e9ce6
e08b1227
ebe8ccd4
a07ffe7d
e7b7a172
6c8ca9c3
e36fe240
2b130579
175a62be
18861f1f
3f90e26c
c1358035
2ed5ecca
8d778e3b
a5dfb958
7ccaeab1
6bce0b96
ba46d317
ff431304
d87280ed
f0574b22
ac5b89b3
3a605b70
5f833ee9
7942f76e
55fb0e0f
c8c7be9c
61c7e0a5
2d2b1c7a
5e647c2b
c2e02888
26fae221
503e8646
d7acb007
5e934534
de027f5d
68ccc0d2
765a45a3
24b980a0
43ecb459
2092181e
a6c198ff
114606cc
beab3d15
eec3982a
9c20c61b
8a32c3b8
678f9591
56db0cf6
357ba8f7
d92c6364
4186f9cd
48230282
5437dd93
93fe51d0
971665c9
ea02c4ce
0078bfef
1fbebafc
3c169585
e10a5fda
773b6c0b
3aba8ae8
2f300501
d8be9fa6
fe32bde7
39216d94
d716f03d
de251032
19635183
6071cf00
d7875339
d70ffd7e
7e7f82df
8da4db2c
3a00e9f5
222a738a
e2036dfb
121a7e18
66433071
2bc43e56
7a10eed7
734563c4
268962ad
835de9e2
d30ba173
7916f830
b3867ca9
bdf4c22e
51f4e1cf
b72b675c
84213a65
310ed33a
8087cbeb
7cb59d48
5cf017e1
5286e906
ff153bc7
d72b45f4
db75511d
49188f92
b81fcd63
13b0cd60
791ae219
f9ac12de
b1b7dcbf
eb455f8c
c1ee86d5
9d627eea
989785db
45aee878
3b1dbb51
ac619fb6
e0fea4b7
3f261424
3531bb8d
a9600142
194ed553
dcc24e90
860b8389
19f0ef8e
ca6773af
9ba5c3bc
e69fcf45
b790769a
01c19bcb
c6e95fa8
70731ac1
a56f6266
614c29a7
4048ce54
76d5a1fd
36ff3ef2
5107b943
278e7bc0
b7df60f9
933e583e
ae62a69f
8cbf93ec
a12c13b5
40c3ba4a
15550dbb
190802d8
24573631
668b3116
9f3cca97
5a667484
5738046d
4d8148a2
b3797933
1e1854f0
dbdd7a69
6ecf4cee
45c8758f
05c5d01c
cc4a5425
1ae749fa
9e60dbab
436dd208
a5f10da1
85500bc6
87cf8787
281206b4
70efe2dd
c1311e52
7e931523
f122da20
1f0ccfd9
fa9ecd9e
3e77e07f
00ab784c
de719095
f8a625aa
c9b4059b
6c3dcd38
dc27a111
b418f276
c5c36077
8e9e84e4
b2543d4d
8f19c002
ca038d13
08310b50
7e346149
7967da4e
fc0fe76f
5a238c7c
59d8c905
0d6b4d5a
15dd8b8b
085af468
b5a1f081
7200e526
b1975567
ee1eef14
cd7c13bd
8d062db2
7739e103
3185e880
35db2eb9
d2a572fe
87ef8a5f
01a10cac
3c76fd75
bd61c10a
432c6d7b
0b684798
98c6fbf1
bae2e3d6
418a6657
51664544
a83e662d
19816762
216510f3
d22471b0
32483829
429297ae
8135c94f
2956f8dc
70032de5
4d7480ba
43afab6b
17c8c6c8
d3bdc361
b759ee86
f99b9347
9e078774
cc32349d
cbd66d12
0d741ce3
15cfa6e0
7f827d99
0a2a485e
0cc1a43f
7638510c
39f45a55
934e8c6a
2b36455b
ae9f71f8
0c6d46d1
6cc10536
db89dc37
c455b5a4
d6ae7f0d
24103ec2
1a1604d3
1f0a8810
b950ff09
1f27850e
c5321b2f
2ff8153c
ab8182c5
a55ae41a
1f4f3b4b
5fcf4928
b07c8641
6d3327e6
56d44127
ef63cfd4
e8ca457d
3af9dc72
afb9c8c3
37181540
7b3abc79
dc054dbe
aae62e1f
7109456c
11a1a735
8ac487ca
47498d3b
f9fb4c58
655281b1
878b5696
38b9c217
b504d604
175c87ed
721e4622
b08e68b3
fdfb4e70
d086b5e9
affea26e
13fcdd0f
569ee19c
650bc7a5
eb76777a
bc343b2b
ba867b88
78163921
77649146
9c395f07
45cbc834
dafc465d
23c87bd2
6882e4a3
9a7733a0
a43beb59
cf0e831e
9c5527ff
30abe9cc
ba36e415
c01bb32a
78de451b
7d93d6b8
4daeac91
9519d7f6
da1217f7
9d0ba664
800080cd
53037d82
7d463c93
ea0ec4d0
31215cc9
e1efefce
158e0eef
b1e35dfc
b159fc85
021f3ada
49d6ab0b
ee065de8
d2c2dc01
85c62aa6
78c2ece7
b0d77094
9680373d
5b9a4b32
de477083
b1050200
71be0a39
b61de87e
770691df
1fb83e2c
e66c10f5
5bac0e8a
bd6c6cfb
b5811118
ebb9c771
eb448956
1c8addd7
a20226c4
625269ad
a217e4e2
b4b58073
ca5ceb30
9058f3a9
edd36d2e
cdddb0cf
825d8a5c
61242165
d7ad2e3a
13ae8aeb
ac66f048
e4ba6ee1
142ff406
7768eac7
ec1ec8f4
4b0e181d
43c74a92
537f6c63
57d98060
56f91919
b00b7dde
2cf26bbf
d4c6428c
04f92dd5
91cd99ea
2e6c04db
09dafb78
e1abd251
abe36ab6
391c13b7
95805724
4c0a428d
c6b37c42
27543453
f1fdc190
9f657a89
58811a8e
9ce3c2af
34a566bc
01223645
6678519a
8133dacb
93c032a8
4e34f1c1
6a79ed66
ff2358a7
5f39d154
645de8fd
c9a779f2
a6a2d843
d80caec0
c32517f9
27af433e
0c10b59f
126df6ec
40963ab5
a2d8554a
01550cbb
ceb995d8
4dbccd31
c4ce7c16
44bdb997
f51e3784
06e00b6d
b42e43a2
419a5833
200947f0
0b7ef169
f2d0f7ee
3e98448f
6152f31c
da0c3b25
b4d8a4fa
15de9aab
2e2a2508
2b6a64a1
9c7c16c6
52ea3687
1dc089b4
8a27a9dd
6692d952
5229b423
e6b68d20
217a06d9
d3e1389e
be596f7f
c7475b4c
7ffb3795
db2440aa
879f849b
4434e038
ca24b811
efddbd76
3067cf77
ea73c7e4
988bc44d
e9e03b02
0bffec13
7f977e50
7ddd5849
d99b054e
caf3366f
ccfe2f7c
f09a3005
d526285a
7126ca8b
f1bcc768
1492c781
8a0e7026
91b58467
e74af214
a0235abd
1fe168b2
6c8c0003
a4ef1b80
d92fe5b9
b7795dfe
49c4995f
0dea6fac
65e02475
93095c0a
2ec36c7b
9664da98
6d1b92f1
b2e92ed6
c9125557
4b190844
42c56d2d
73216262
2afceff3
a7c064b0
9bb8af29
75b742ae
b5ec984f
683f1bdc
058414e5
e5b8dbba
4e846a6b
409019c8
1de61a61
df08f986
b67d4247
27710a74
c608fb9d
86eb2812
a841bbe3
9fce59e0
4d7eb499
214fb35e
104a333f
2cef340c
50fd0155
2edfa76a
8038c45b
dd6184f8
c8d95dd1
5fc8d036
b7b54b37
98a5f8a4
8345060d
e749b9c2
df0963d3
9b9bfb10
0648f609
7bfdb00e
cf7c6a2f
4fadb83c
9581e9c5
10e8bf1a
856f7a4b
68bc1c28
d79c5d41
1343b2e6
98397027
f5cad2d4
57908c7d
b9081772
53c2e7c3
d06c4840
dd9e7379
ac3c38be
cfe23d1f
96eda86c
5c09ce35
1eff22ca
21778c3b
1d42df58
eb9618b1
1454a196
8148b117
00b29904
13c28eed
69b14122
049d47b3
ca424170
5ac62ce9
ed464d6e
439aac0f
cbe2049c
d94baea5
8d0dd27a
095ffa2b
a458ce88
4ded9021
6a969c46
e9e20e07
15f04b34
ec720d5d
5f9036d2
598783a3
9be0e6a0
e4c72259
3f16ee1e
a284b6ff
ea7dcccc
5dbe8b15
dfbfce2a
d3f7c41b
4620e9b8
5f89c391
ba64a2f6
86c486f7
5cd6e964
e9f607cd
a9aff882
14309b93
0ecb37d0
326853c9
16691ace
9a3f5def
517400fc
c5996385
9c8015da
e9cdea0b
197e30e8
0911b301
f4d9b5a6
3a6f1be7
f7797394
58657e3d
afdb8632
40078f83
d3443500
ba30c139
0cb7d37e
fe29a0df
f237a12c
e8d337f5
f979a98a
75316bfb
3413a418
2aec5e71
07d0d456
0520ccd7
32aae9c4
379770ad
e29ddfe2
223b5f73
b04ede30
22676aa9
903e182e
b7627fcf
80fbad5c
0b230865
8d97893a
523149eb
da444348
0d40c5e1
8de4ff06
f4d899c7
b5fe4bf4
ab22df1d
6b420592
29bb0b63
b3ae3360
b1135019
93f6e8de
b4c8fabf
a4b3258c
4bffd4d5
0084b4ea
fe9c83db
af330e78
cff5e951
7e7135b6
155582b7
b3c69a24
6a5ec98d
dbd2f742
df359353
61e53490
bbfb7189
3f9d458e
dafc11af
271109bc
16a09d45
baac2c9a
8a0219cb
e4c305a8
dab2c8c1
dd907866
601687a7
1916d454
30622ffd
df1bb4f2
d519f743
e636e1c0
18a6cef9
9fac2e3e
f45ac49f
248859ec
91fc61b5
9538f04a
85b10bbb
6b9728d8
4cde6431
6c1dc716
ac5aa897
bdc1fa84
2c04126d
e8a73ea2
97973733
42a63af0
8c5c6869
555ea2ee
a104138f
3c4c161c
10ca2225
8a15fffa
f4b859ab
23127808
6d9fbba1
57b421c6
9f20e587
945b0cb4
6fdb70dd
e4c09452
9c9c5323
7ff64020
3c233dd9
46afa39e
46d6fe7f
c04f3e4c
8180de95
63ee5baa
3be7039b
0957f338
1bddcf11
eaae8876
9b283e77
da350ae4
623f4b4d
e872b602
33d84b13
dda9f150
1cc24f49
4e5a304e
0172856f
e544d27c
de579705
6e2d035a
11cc098b
6b4a9a68
3e3f9e81
3c27fb26
b0efb367
4762f514
2d46a1bd
e188a3b2
76ba1f03
02044e80
62c09cb9
ebd948fe
9235a85f
f29fd2ac
9d454b75
24fcf70a
6eb66b7b
148d6d98
332c29f1
dffb79d6
8eb64457
3eb7cb44
2ec8742d
468d5d62
3870cef3
2a0857b0
f2652629
f367edae
503f674f
72933edc
2000fbe5
e54936ba
7cb5296b
7f836cc8
40ca7161
96c40486
707af147
fdc68d74
685bc29d
c6cbe312
f5eb5ae3
59790ce0
cfb6eb99
3e011e5e
186ec23f
6212170c
2401a855
9cbcc26a
8797435b
054f97f8
050174d1
fddc9b36
0ffcba37
cce23ba4
ef578d0d
fa4f34c2
c5d8c2d3
8ad96e10
8e7ced09
595fdb0e
3d62b92f
60cf5b3c
327e50c5
79c29a1a
ecebb94b
0dd4ef28
e5783441
3f603de6
94ba9f27
2f1dd5d4
5cd2d37d
11e25272
48a806c3
df6c7b40
c23e2a79
37ff23be
777a4c1f
e13e0b6c
106df535
9b85bdca
0c018b3b
3fb67258
7f95afb1
c229ec96
83f3a017
124c5c04
3da495ed
87103c22
988826b3
cf353470
6e41a3e9
e119f86e
d4d47b0f
5891279c
2e8795a5
c1f12d7a
35e7b92b
b0572188
1880e721
d9d4a746
b0a6bd07
ff00ce34
8263d45d
cc23f1d2
396822a3
58f699a0
758e5959
20ab591e
a95045ff
6ebbafcc
19423215
fdafe92a
9d6d431b
13d9fcb8
0d20da91
76bb6df6
2b92f5f7
488e2c64
ef678ecd
fc287382
08f6fa93
3233aad0
0aeb4ac9
376e45ce
7e8cacef
2e70a3fc
e8d4ca85
602cf0da
4721290b
ed2203e8
421c8a01
d5f940a6
33374ae7
3d077694
8cc6c53d
8ae8c132
2ea3ae83
f72f6800
20df7839
8addbe7e
03e8afdf
3523042c
b1365ef5
ab93448a
f9526afb
bdd23718
93daf571
31691f56
23d2bbd7
553facc4
165877ad
f4efdae2
0b9d3e73
5aecd130
d9b1e1a9
5534c32e
fe834ecf
e305d05c
f21def65
02cde43a
2c1008eb
364d9648
46831ce1
6fa60a06
676448c7
64c9cef4
6bb3a61d
6f88c092
2ad2aa63
572ee660
f7698719
556e53de
393b89bf
8b0c088c
07027bd5
9987cfea
f92902db
65b72178
75fc0051
d40b00b6
65aaf1b7
c9f8dd24
002f508d
98be7242
30f2f253
5c78a790
4bcd6889
7f45708e
74b060af
a2e8acbc
971b0445
642c079a
0c2c58cb
e9f1d8a8
85ec9fc1
aeb30366
7425b6a7
9ddfd754
4ae276fd
275beff2
cc6d1643
820d14c0
286485f9
ab35193e
5740d39f
f30ebcec
055e88b5
c7e58b4a
92690abb
1fa0bbd8
91bbfb31
0c791216
c6139797
e451bd84
36a4196d
9aec39a2
a5701633
b5ef2df0
ce75df69
46784dee
5d0be28f
c6b1391c
e0840925
4a9f5afa
2aee18ab
5226cb08
dc9112a1
66f82cc6
5c739487
bbe18fb4
920b37dd
ebba4f52
4deaf223
ece1f320
df0874d9
030a0e9e
c7f08d7f
1bc3214c
53028595
430476aa
d68a829b
eba70638
4152e611
548b5376
f604ad77
8de24de4
7f6ed24d
3ad13102
318caa13
52686450
cae34649
87a55b4e
8f8dd46f
d2f7757c
9310fe05
887fde5a
e7cd488b
a5046d68
a2a87581
384d8626
ff45e267
3e66f814
e4e5e8bd
81fbdeb2
85c43e03
78c58180
428d53b9
1fc533fe
5142b75f
dfc135ac
52a67275
233c920a
f3056a7b
b5e20098
5af8c0f1
f219c4d6
82763357
5c428e44
dc477b2d
43c55862
39c0adf3
88fc4ab0
a64d9d29
6ba498ae
402e364f
785361dc
2f79e2e5
fc2591ba
be41e86b
04a2bfc8
ac6ac861
8e8b0f86
1794a047
51081074
232a899d
3b789e12
e670f9e3
72cfbfe0
762b2299
103e895e
152f513f
45a0fa0c
23024f55
8ce5dd6a
3151c25b
5669aaf8
30e58bd1
f6fc6636
d4602937
910a7ea4
8ae6140d
0d20afc2
be8421d3
1cc2e110
c1ece409
674e060e
fee5082f
935cfe3c
f276b7c5
8fe8751a
45c3f84b
7f19c228
4a100b41
a188c8e6
3c57ce27
cb5cd8d4
68911a7d
f5888d72
7e6925c3
9418ae40
9919e179
2f4e0ebe
91ae5b1f
7ffa6e6c
9ece1c35
b05858ca
f6e78a3b
91560558
915146b1
410b3796
30ba8f17
19d21f04
05029ced
7a3b3722
5c4f05b3
3cd42770
7af91ae9
3b79a36e
b7aa4a0f
2cac4a9c
d4bf7ca5
3a20887a
31cb782b
0e817488
47d03e21
751eb246
e0876c07
30fd5134
0cd19b5d
1983acd2
f824c1a3
01b84ca0
c6919059
23cbc41e
a0b7d4ff
ed6592cc
5cc1d915
c9ec042a
c53ec21b
16bf0fb8
c673f191
7a1e38f6
b87d64f7
90316f64
005515cd
fa6cee82
4b995993
84481dd0
2aaa41c9
f4ff70ce
b275fbef
78d946fc
8b0c3185
fd25cbda
51d0680b
98f1d6e8
ede36101
d924cba6
531b79e7
b1817994
a3a40c3d
9cc1fc32
9a1bcd83
4cc69b00
15ca2f39
e08fa97e
7843bedf
187a672c
af9585f5
21f8df8a
39cf69fb
82bcca18
96858c71
180d6a56
68a0aad7
39c06fc4
6e957ead
890dd5e2
60db1d73
fa36c430
263858a9
ecb76e2e
93401dcf
d87bf35c
8614d665
e7503f3a
914ac7eb
f082e948
008173e1
69731506
bf0bf7c7
288151f4
fcc06d1d
009b7b92
46c64963
725b9960
99fbbe19
a471bede
aa4a18bf
b7d0eb8c
a60122d5
0cd6eaea
0e1181db
5d673478
43be1751
5cb0cbb6
1a1c60b7
08172024
7d7bd78d
ad75ed42
0c8c5153
11b81a90
bedb5f89
c7799b8e
5a00afaf
d82c4fbc
f2916b45
12f7e29a
f7b297cb
d34caba8
bfe276c1
8de18e66
2b50e5a7
1d94da54
23debdfd
52682af2
7c9c3543
db8f47c0
625e3cf9
fa4a043e
24c2e29f
ae011fec
0abcafb5
eade264a
177d09bb
1ad64ed8
8c559231
55e05d16
81e88697
98cd8084
96c0206d
7afd34a2
5b24f533
a9e420f0
41cb5669
761df8ee
62afb18f
30825c1c
b939f025
a674b5fa
a87fd7ab
eb671e08
e83e69a1
7a4837c6
7ae24387
c45412b4
60b6fedd
2b800a52
56159123
5d79a620
7a29abd9
b8f0799e
31a61c7f
09a3044c
64802c95
286691aa
478a019b
1b221938
aa83fd11
dd741e76
30fd1c77
357b90e4
601a594d
90fbac02
f51d0913
0dd2d750
f8403d49
357c864e
6545236f
c616187c
7ec66505
d41eb95a
e32a878b
ceea4068
b1cd4c81
2e7f1126
6cb81167
fc56fb14
37012fbd
b13b19b2
89aa5d03
3932b480
e8960ab9
033d1efe
76ebc65f
054e98ac
f6039975
3dc82d0a
abb0697b
aa629398
548157f1
99440fd6
94522257
d3b95144
bb42822d
1ac95362
1eec8cf3
f49c3db0
27721429
8e6d43ae
75b9054f
a97f84dc
a3eec9e5
da4decba
032aa76b
ffee12c8
d0c71f61
765e1a86
9bca4f47
51359374
6675509d
94f15912
69d298e3
1bd272e0
b0db5999
4807f45e
f68be03f
079bdd0c
bdfef655
af5af86a
6d68415b
00afbdf8
bc85a2d1
fb283136
f4df9837
151ec1a4
c5f09b0d
cfbe2ac2
b90b80d3
81585410
1098db09
55c8310e
0403572f
1756a13c
456b1ec5
035a501a
7ff8374b
ec8a9528
7563e241
e9bd53e6
7f10fd27
fa87dbd4
eacb617d
13fac872
e50644c3
1e70e140
d2319879
4228f9be
0e7e6a1f
a322d16c
772a4335
0d76f3ca
d229893b
42219858
90c8ddb1
40f88296
779d7e17
4743e204
d9dca3ed
f3323222
3ff1e4b3
431f1a70
f0ec91e9
ac654e6e
dc1c190f
78336d9c
3bf363a5
a59be37a
ed0b372b
eed7c788
4bdb9521
ec74bd46
69841b07
dbe5d434
fbbb625d
f7af67d2
85bd60a3
c625ffa0
47d0c759
f8782f1e
78bb63ff
967b75cc
983d8015
f4741f2a
3b6c411b
7ed022b8
fb830891
748d03f6
1d83d3f7
63c0b264
8cbe9ccd
547d6982
cc17b893
350890d0
01a538c9
ff1c9bce
25fb4aef
60ade9fc
1c3f9885
236aa6da
f9dba70b
4ceda9e8
7c663801
ae5c56a6
8a1ba8e7
84e77c94
0cfd533d
95673732
726fec83
0409ce00
08f0e639
bdcd947e
4b3acddf
cc3dca2c
53f0acf5
0caa7a8a
26a868fb
b2d35d18
a2ec2371
6bbdb556
c38a99d7
102d32c4
b04e85ad
4ef7d0e2
11f4fc73
be2cb730
77facfa9
06c6192e
6598eccf
915e165c
3707bd65
eb1e9a3a
71e186eb
38e43c48
ab3bcae1
2b4c2006
ebcfa6c7
3124d4f4
ce49341d
ce7a3692
6d95e863
35344c60
08c9f519
310129de
f7f4a7bf
5b01ce8c
98fbc9d5
0a7205ea
2d5600db
c6434778
a93c2e51
c86296b6
22a9cfb7
9e216324
52445e8d
c9f96842
6201b053
b1a38d90
85255689
c839c68e
7aecfeaf
f6dbf2bc
9903d245
770fbd9a
3c94d6cb
d0d37ea8
f8944dc1
2b1c1966
759814a7
c835dd54
2b5704fd
104065f2
d5a75443
22bd7ac0
3693f3f9
3ceaef3e
4ce0f19f
855f82ec
1216d6b5
ae22c14a
04ed08bb
8d37e1d8
acab2931
f853a816
cfd97597
0b354384
bc58276d
38da2fa2
a8b5d433
4e8513f0
565ccd69
944fa3ee
a1ef808f
a9bf7f1c
0aebd725
4d9610fa
5d6d96ab
1ed37108
00a7c0a1
41a442c6
ea6cf287
ddb295b4
4bdec5dd
5411c552
a51c3023
01bd5920
7d86e2d9
1862e49e
73f7ab7f
b9eee74c
25f9d395
c414acaa
7ee5809b
c7c92c38
c7711411
3568e976
3c118b77
0100d3e4
7441e04d
9af22702
6e896813
3fe94a50
14d93449
07dfb14e
7298726f
eea0bb7c
1177cc05
0109945a
f3e3c68b
18fc1368
dbae2381
cebc9c26
e9464067
b132fe14
939876bd
1f4654b2
726c7c03
734be780
c4dac1b9
464109fe
f330d55f
9347fbac
f75cc075
249fc80a
88b7687b
220f2698
8fc5eef1
857a5ad6
b44a1157
d51c1444
3bb9892d
7b994e62
d7f46bf3
9ce830b0
e5d28b29
0bc1eeae
e0dfd44f
3617a7dc
ed5fb0e5
2fc247ba
3b6f666b
a16565c8
1ddf7661
fe3d2586
ed1bfe47
2e4f1674
a23c179d
83361412
701037e3
848125e0
efc79099
955d5f5e
ac846f3f
d802c00c
64f79d55
b41c136a
2bdac05b
3421d0f8
17e1b9d1
ba5ffc36
617b0737
891f04a4
1077220d
f227a5c2
a56edfd3
e899c710
ea80d209
d4ce5c0e
3cbda62f
1cbc443c
9b5b85c5
84182b1a
8b88764b
86276828
d773b941
c7fddee6
4ce62c27
ec9eded4
5381a87d
1d390372
6c7f63c3
ae751440
dd854f79
208fe4be
ddea791f
7ab7346c
09826a35
62e18eca
8dc7883b
82192b58
edfc74b1
71f1cd96
489c6d17
caa1a504
2c32aaed
a1f52d22
3370c3b3
12160d70
401c08e9
e3dcf96e
3229e80f
6b26909c
d4234aa5
b4633e7a
57a6f62b
815a1a88
94a2ec21
efd6c846
3b9cca07
2fba5734
bf21295d
16a722d2
d231ffa3
d63fb2a0
694bfe59
4eb09a1e
215af2ff
99fd58cc
3bb52715
2d483a2a
eff5c01b
7c0d35b8
1c4e1f91
1607cef6
4aa642f7
f33bf564
04a423cd
ba59e482
7a721793
747503d0
ffdc2fc9
05c5c6ce
c91c99ef
15ee8cfc
0c6eff85
82fb81da
2f42e60b
39157ce8
5da50f01
059fe1a6
c837d7e7
e7397f94
38d29a3d
24d87232
a7a00b83
4cf90100
6a539d39
d2977f7e
6ccddcdf
806d2d2c
0e47d3f5
1ba8158a
afdd67fb
7e15f018
290eba71
dc7a0056
249088d7
0885f5c4
4b838cad
f6adcbe2
0eeadb73
d6ceaa30
3ef946a9
5360c42e
658dbbcf
3dac395c
74f6a465
be38f53a
bdd445eb
3f718f48
b6b221e1
65312b06
ddaf55c7
aeb457f4
504dfb1d
8924f192
8f418763
cfb8ff60
b3d42c19
ab1c94de
123b36bf
a49eb18c
4ff270d5
425920ea
46f67fdb
d04b5a78
16764551
c72061b6
6f533eb7
bc17a624
ee88e58d
9e48e342
21530f53
6c3b0090
0eab4d89
3185f18e
c7754daf
2ef795bc
fa723945
4073989a
cad315cb
128651a8
a00224c1
3662a466
42fb43a7
cdc2e054
d14b4bfd
10e4a0f2
c78e7343
8797adc0
1505aaf9
2317da3e
bf9b009f
a929e5ec
8b6cfdb5
c1b35c4a
4ab907bb
a6c574d8
62bcc031
a3d2f316
9fe66497
6b890684
176c2e6d
84832aa2
7e22b333
d3d206f0
7c2a4469
510d4eee
0acb4f8f
6268a21c
4599be25
f0036bfa
39b755ab
1c6bc408
95cd17a1
6d0c4dc6
9b13a187
37fd18b4
c3828cdd
156f8052
2afecf23
09ad0c20
592019d9
d1614f9e
7ee53a7f
5ca6ca4c
076f7a95
c60ec7aa
6c9cff9b
219c3f38
081a2b11
0c69b476
0741fa77
207216e4
2be5674d
08b4a202
8dd1c713
18abbd50
90ae2b49
aecedc4e
a787c16f
7c975e7c
bb253305
bf406f5a
09f9058b
b339e668
904afa81
c9062726
64f06f67
8cfb0114
6aabbdbd
7c1d8fb2
300a9b03
57111a80
475b78b9
98d0f4fe
b611e45f
b9ad5eac
c6b1e775
87c3630a
7a1a677b
4ce7b998
7cc685f1
66bca5d6
d25e0057
906ad744
cdac902d
16354962
54d84af3
b1e023b0
516f0229
93a299ae
71a2a34f
4e1bcadc
7bcc97e5
ac82a2ba
5710256b
1908b8c8
03b3cd61
d6283086
fb89ad47
18549974
467ede9d
b646cf12
e929d6e3
dcdbd8e0
a2efc799
a83eca5e
2718fe3f
e6d5a30c
87ec4455
4b292e6a
5ca93f5b
20bfe3f8
b2f9d0d1
e4a3c736
0a327637
1d0b47a4
da79a90d
245d20c2
73ae3ed3
82873a10
bfa4c909
9460870e
9913f52f
d38de73c
6447ecc5
c222061a
5874b54b
7bf03b28
e03f9041
ec4a69e6
95d75b27
d1a1e1d4
12b3ef7d
c1433e72
04d482c3
74254740
2b150679
7a82cfbe
eff2881f
36b7976c
c5d69135
609829ca
19c1873b
813cbe58
18ec0bb1
83f71896
93b75c17
d3eb6804
6c04b1ed
36842822
26cba2b3
d9b90070
d8877fe9
91e0a46e
a9d3b70f
3585b39c
0d4f31a5
1676997a
619eb52b
f6086d88
92264321
2f44d346
46d17907
5c7ada34
c702f05d
266addd2
cd829ea3
620565a0
9b033559
d675051e
8a9681ff
27eb3bcc
b728ce15
2468552a
d2db3f1b
3e7648b8
98d53691
0e8e99f6
2fe4b1f7
6ea33864
d805aacd
dc025f82
46a87693
728d76d0
954f26c9
b8faf1ce
8bd9e8ef
c89b2ffc
cb9a6685
cbd85cda
e206250b
8d694fe8
019fe601
8eef6ca6
fd7006e7
08778294
9723e13d
fb15ad32
29ac2a83
57943400
a9f25439
ceed6a7e
ccfcebdf
6508902c
4e9afaf5
fef1b08a
c56e66fb
14848318
98ed5171
1a424b56
7bb277d7
52cab8c4
b03493ad
302fc6e2
47bcba73
741c9d30
eb33bda9
82876f2e
831e8acf
0d665c5c
afe18b65
109f503a
652304eb
342ae248
92e478e1
c7223606
84ab04c7
d12fdaf4
f2cec21d
e09bac92
9bc92663
71e9b260
0b1a6319
c2c3ffde
e91dc5bf
c4a7948c
3ae517d5
648c3bea
4af2fedb
ab7f6d78
fb6c5c51
08ea2cb6
f018adb7
91f9e924
c2496c8d
da645e42
3a806e53
717e7390
cb6d4489
b35e1c8e
2f999caf
b07f38bc
86dca045
1f23739a
926d54cb
c86524a8
262bfbc1
5fb52f66
837a72a7
5e3be354
85bb92fd
0454dbf2
42519243
3a1de0c0
6db361f9
5cd0c53e
6cf10f9f
496048ec
e6bf24b5
d58ff74a
d8e106bb
977f07d8
1e8a5731
085e3e16
e20f5397
e9c8c984
17fc356d
0df825a2
cb6b9233
69caf9f0
2333bb69
5c56f9ee
8d431e8f
8a7dc51c
d943a525
3dbcc6fa
2d5d14ab
14301708
17ae6ea1
ac8058c6
7cd65087
03339bb4
37a253dd
1f993b52
d7bd6e23
a548bf20
7cf550d9
93ebba9e
426ec97f
21caad4c
78e12195
de54e2aa
00b07e9b
589b5238
dc7f4211
12767f76
828e6977
c3cf59e4
f704ee4d
8a431d02
42f62613
c81a3050
dbbf2249
da4a074e
f413106f
9ffa017c
ebce9a05
bec34a5a
156a448b
cda3b968
3fa3d181
cd5bb226
cfb69e67
bfaf0414
2c3b04bd
77c0cab2
b284ba03
14824d80
e0182fb9
aaecdffe
af8ef35f
a87ec1ac
d4030e75
1732fe0a
6fd9667b
5aec4c98
8b831cf1
ed0af0d6
de8def57
35a59a44
e11b972d
9a9d4462
859829f3
638416b0
da477929
d60f44ae
1801724f
218beddc
bf357ee5
008efdba
460ce46b
96d80bc8
f2442461
ae1f3b86
b7135c47
3f461c74
c33da59d
de238a12
c51f75e3
54e28be0
3a53fe99
30ac355e
56498d3f
6414860c
96dceb55
2482496a
efd3be5b
f689f6f8
fdcde7d1
29f39236
df05e537
00e38aa4
93f8300d
165e9bc2
13c99dd3
7f20ad10
0004c009
447eb20e
0906442f
6bcb8a3c
103053c5
6d77e11a
d6bcf44b
fde50e28
ffc76741
06a2f4e6
49e48a27
d990e4d4
9862367d
b0197972
9e05a1c3
9f817a40
2ae0bd79
0001babe
3496971f
0723fa6c
1c26b835
b69ac4ca
6617863b
6f8c5158
8197a2b1
27086396
48ee4b17
93212b04
0952b8ed
60df2322
0a0281b3
ca07f370
2a2ef6e9
66704f6e
3319860f
0750d69c
577718a5
7bd5f47a
faf2742b
7ce2c088
b4659a21
5abede46
7b222807
92275d34
8360b75d
d6fa98d2
67af3da3
997718a0
4cf66c59
3fc5701e
a46e10ff
70451ecc
7a987515
89d4702a
d41cbe1b
f60b5bb8
e1184d91
0e2164f6
bd3f20f7
05f67b64
76e331cd
6976da82
20bad593
5f51e9d0
31fe1dc9
c8bc1cce
5e3337ef
a8b3d2fc
c9c1cd85
ae0137da
0225640b
79e922e8
d856bd01
fa4af7a6
19c435e7
18a18594
97f1283d
c81ee832
e8944983
53db6700
37cd0b39
62cf557e
5bc7fadf
aa0ff32c
84ea21f5
66874b8a
575b65fb
a61f1618
6287e871
d5169656
b8f066d7
1efb7bc4
4e619aad
ab7dc1e2
ac6a9973
c6169030
ecaa34a9
443a1a2e
ae4b59cf
308c7f5c
57c87265
9251ab3a
57cdc3eb
47103548
afd2cfe1
011f4106
d0c2b3c7
c8975df4
25cb891d
84de6792
832cc563
4bc66560
7e9c9a19
27f76ade
6c9c54bf
eb1c778c
c9d3bed5
210b56ea
294b7ddb
87df8078
c81e7351
3dbff7b6
94fa1cb7
4fc82c24
3d85f38d
2e4bd942
9d89cd53
f16de690
2b6b3b89
fdc2478e
a359ebaf
ab72dbbc
ae430745
c31f4e9a
836393cb
226ff7a8
fb11d2c1
5713ba66
2715a1a7
a9a0e654
b8a7d9fd
9a9116f2
35f0b143
6a5013c0
b09d18f9
9a15b03e
44e31e9f
9602abec
940d4bb5
99b8924a
9f6505bb
8f649ad8
5013ee31
d5f58916
86544297
b5f48c84
2e083c6d
853920a2
80907133
406fecf0
bb793269
662ca4ee
1956ed8f
51fee81c
35e98c25
e6c221fa
285ed3ab
36206a08
f64bc5a1
b00063c6
7fb4ff87
6f561eb4
183e1add
228ef652
9b580d23
04907220
590687d9
1002259e
ae94587f
395a904c
ea4ec895
bce6fdaa
2b1ffd9b
9cc66538
b4a05911
f78f4a76
9df6d877
1b189ce4
45a0754d
cf9d9802
7df68513
7e34a350
660c1949
3a51324e
483a5f6f
88c8a47c
13740105
af92255a
0637838b
98398c68
59b8a881
8bbd3d26
1998cd67
794f0714
48464bbd
c23005b2
e9dad903
db9f8080
ff10e6b9
2c94cafe
cfa8025f
8fbc24ac
8f503575
82ee990a
59f4657b
7c1cdf98
2bfbb3f1
c8653bd6
c8d9de57
f4cc5d44
e6069e2d
b8d13f62
5a3408f3
e1d409b0
f05bf029
8307efae
c3fc414f
e06810dc
279a65e5
dbe758ba
f865a36b
4ad35ec8
59907b61
36224686
0fb90b47
d3239f74
88786c9d
aacc4512
f3f114e3
1c953ee0
25f43599
dea5a05e
2a161c3f
7fbf690c
01c99255
f027646a
d55a3d5b
e58009f8
685dfed1
3a4f5d36
cff55437
64a7cda4
acf2b70d
782c16c2
75c0fcd3
0e662010
1ba0b709
9528dd0e
7c94932f
15752d3c
0f14bac5
3619bc1a
f661334b
3c05e128
a60b3e41
c7077fe6
590db927
346be7d4
548c7d7d
99bbb472
2812c0c3
6089ad40
4ce87479
610ca5be
9bd6a61f
1bfc5d6c
7c72df35
14e95fca
62c9853b
7d07e458
97ff39b1
0b25ae96
58413a17
3842ee04
741cbfed
d1061e22
cd1560b3
1302e670
a5126de9
118bfa6e
bdfb550f
1087f99c
229affa5
94814f7a
13a2332b
45e91388
6b60f121
2244e946
c88ed707
00bfe034
643a7e5d
d85653d2
90b7dca3
ac94cba0
ef25a359
3aa1db1e
5ee19fff
a30b01cc
f6041c15
0d8c8b2a
e3ba3d1b
d2cc6eb8
65176491
c4c02ff6
e2b58ff7
e935be64
513cb8cd
12b75582
f8a93493
6ac25cd0
45e914c9
e50947ce
302886ef
e63875fc
76e53485
d97612da
7fa0a30b
2e94f5e8
51c99401
f7b282a6
0d3464e7
47b78894
ab3a6f3d
3bf42332
d4586883
71ce9a00
83e3c239
3e3d407e
092f09df
7f83562c
213548f5
0268e68a
55a464fb
62e5a918
f5de7f71
bcf6e156
cc4a55d7
9d183ec4
960aa1ad
1897bce2
2cf47873
fcbc8330
b35caba9
4878c52e
d71428cf
d71ea25c
dcab5965
f350063a
85d482eb
a8218848
7d7d26e1
c3284c06
b1f662c7
c4eae0f4
5944501d
25ed2292
356c6463
8d4f1860
7e5ad119
8ab6d5de
8cb6e3bf
47fd5a8c
6cbe65d5
27d671ea
d1fffcdb
956b9378
ec8c8a51
15a1c2b6
4df78bb7
25826f24
d03e7a8d
49ff5442
3a6f2c53
1c095990
9ea53289
c0b2728e
12b63aaf
4fd27ebc
e0a56e45
dc67299a
8db5d2cb
50a6caa8
8eb3a9c1
cc7e4566
1dccd0a7
dff1e954
da1020fd
839951f2
926bd043
482e46c0
4dc2cff9
8ae69b3e
37712d9f
bf110eec
035772b5
be2d2d4a
8e4504bb
be762dd8
67598531
bc98d416
7cb53197
000c4f84
c990436d
9a461ba2
8d915033
87c0dff0
b4faa969
1e8e4fee
9f06bc8f
e8ec0b1c
cb8b7325
9b137cfa
1abc92ab
b23cbd08
a1a51ca1
278c6ec6
93afae87
ac64a1b4
d555e1dd
ce50b152
65ceac23
57842520
5d53bed9
f5a4909e
b355e77f
d356734c
cbb86f95
11c518aa
dbeb7c9b
1e1d7838
007d7011
6bb41576
497b4777
564ddfe4
87b7fc4d
88c41302
2ed2e413
6afb1650
9f951049
7ee45d4e
93fdae6f
6703477c
a2156805
41ad005a
cc60c28b
42fb5f68
4e897f81
b42ac826
3296fc67
e9db0a14
2ecd92bd
0b6b40b2
c60cf803
dc68b380
14459db9
cdc8b5fe
065d115f
9f6587ac
68995c75
7af6340a
286b647b
e0797298
ce304af1
a8cb86d6
8141cd57
fddf2044
4c6da52d
20d13a62
c2abe7f3
5ccffcb0
03ac6729
4a8c9aae
6593104f
bab033dc
24fb4ce5
ee8bb3ba
5e1a626b
64fab1c8
a998d261
1e315186
f57aba47
03ed2274
062f339d
cc410012
659eb3e3
63f3f1e0
d5d06c99
622b0b5e
927eab3f
69d64c0c
38b23955
5e187f6a
fd3cbc5b
1da21cf8
62aa15d1
c5b72836
cd00c337
785810a4
95693e0d
f9c591c2
89945bd3
60579310
8278ae09
365f080e
e3bee22f
008ad03c
d0f521c5
cc07971a
a761724b
6652b428
430b1541
dd780ae6
b352e827
1232ead4
b732c47d
2e29ef72
92fbdfc3
e73de040
012c2b79
4da390be
15b2b51f
a540c06c
56bb0635
2b83faca
ffd7843b
d9af7758
cc22d0b1
e04ef996
b1b02917
f350b104
1c62c6ed
36f91922
60043fb3
e4a9d970
b931e4e9
4333a56e
3a79240f
812b1c9c
debae6a5
1078aa7a
9badf22b
811b6688
27184821
35d6f446
1f178607
d8446334
d990455d
da7e0ed2
389c7ba3
cb5e7ea0
f190da59
770a461e
a9f12eff
f03ce4cc
996bc315
5f90a62a
f1b3bc1b
04b981b8
94d27b91
e26afaf6
9047fef7
48610164
d7123fcd
87c3d082
be739393
c4decfd0
41100bc9
bde272ce
f1b9d5ef
b12918fc
43049b85
fe36edda
4a77e20b
db6cc8e8
ddf86b01
37260da6
c7c093e7
c5b98b94
40ffb63d
06955e32
dcf88783
e16dcd00
fe367939
11372b7e
c53218df
1562b92c
937c6ff5
8296818a
b04963fb
7ad83c18
c2f11671
81e32c56
a5c044d7
fd2101c4
f72fa8ad
277db7e2
b95a5773
480e7630
af4b22a9
3f43702e
ed78f7cf
311cc55c
ae8a4065
e39a613a
df3741eb
875edb48
6be37de1
bd3d5706
184611c7
f62a63f4
fd39171d
73c7dd92
a2880363
6683cb60
7a550819
9b0240de
396d72bf
0b4a3d8c
93a50cd5
28ed8cea
35107bdb
0423a678
d8b6a151
408f8db6
0b10fab7
4328b224
ea73018d
dd7ecf42
01308b53
2150cc90
951b2989
ac2e9d8e
6dae89af
cd9e21bc
8e03d545
1afb049a
a16411cb
83099da8
511180c1
6ff4d066
579fffa7
312eec54
59f467fd
6f6d8cf2
47c2ef43
03b879c0
b52486f9
df43863e
349b3c9f
f48b71ec
a49d99b5
f2edc84a
958103bb
54b3c0d8
d45b1c31
6c481f16
b5322097
f8101284
5a944a6d
fd1f16a2
e26e2f33
6fbdd2f0
7fb82069
357bfaee
0e528b8f
7f452e1c
0a295a25
0ab0d7fa
f47651ab
b8851008
89ba73a1
c32479c6
a8c65d87
ea5f24b4
dee9a8dd
d2de6c52
27214b23
ce23d820
f9dcf5d9
f4d2fb9e
40b3767f
1fbe564c
8d1e1695
8cef33aa
0312fb9b
0ca08b38
30168711
1ee4e076
751bb677
a56f22e4
2d4b834d
65b68e02
458b4313
be6d8950
f85a0749
5803884e
c75cfd6f
6aa9ea7c
07b2cf05
2513db5a
57e6018b
fde93268
8e165681
f6a45326
0ab12b67
41530d14
4fd0d9bd
03727bb2
371b1703
46dde680
8fb654b9
3e88a0fe
43ae205f
077aeaac
cfde8375
af49cf0a
cb3e637b
b8020598
e220e1f1
3e3dd1d6
f7c5bc57
80dde344
8450ac2d
829d3562
aeffc6f3
0477efb0
8438de29
dc9d45ae
ecc5df4f
e06456dc
275833e5
e87c0eba
672b216b
154e04c8
525d2961
164c5c86
58586947
01a2a574
ac61fa9d
f281bb12
0a2852e3
5afea4e0
b9e8a399
6b3c765e
7f833a3f
52592f0c
ab96e055
1e559a6a
577b3b5b
cef02ff8
5cb22cd1
7c2af336
c6283237
6bf453a4
bd5bc50d
4b2b0cc2
3f43bad3
a4f50610
a48ca509
d821330e
2e85312f
5d0c733c
c5d188c5
df41721a
d9bdb14b
accb8728
46c6ec41
f9f495e6
48b41727
a2e5edd4
30550b7d
1d642a72
cec0fec3
639e1340
b7abe279
75c67bbe
922ac41f
d2f1236c
1aff2d35
aa6a95ca
2d41833b
b5830a58
8e0267b1
56844496
453b1817
f44a7404
7224cded
42b81422
b2cf1eb3
6efccc70
d68d5be9
ab67506e
9892f30f
893a3f9c
fbd6cda5
9fbc057a
8315b12b
5e79b988
578b9f21
4574ff46
6ebc3507
48b4e634
53620c5d
8d71c9d2
4f5d1aa3
25d431a0
c4381159
a4feb11e
759cbdff
87dac7cc
d4cf6a15
2fe0c12a
ee093b1b
bbd294b8
e0499291
1721c5f6
b5f66df7
53784464
7863c6cd
789c4b82
6219f293
9da742d0
937302c9
03479dce
92e724ef
3985bbfc
9e200285
cc43c8da
52ab210b
b0709be8
ece34201
68a598a6
3968c2e7
c2a78e94
c940fd3d
d8029932
f274a683
d2b90000
16c53039
8bbd167e
7fd127df
9bae1c2c
4bbf96f5
97101c8a
574a62fb
1df6cf18
39bfad71
d3db7756
355233d7
6f15c4c4
e1d0afad
882fb2e2
419c3673
d80c6930
507599a9
d89a1b2e
e179c6cf
6e86e85c
3d652765
1330bc3a
53f600eb
14c82e48
eb05d4e1
9f5e6206
f3b1c0c7
8c55e6f4
81a9de1d
1e6e9892
ba7fa263
07647e60
e28b3f19
08d9abde
62c001bf
6503208c
ae87b3d5
d450a7ea
427cfadb
0407b978
fc9cb851
6e8958b6
bc4669b7
d8baf524
fc23888d
98ca4a42
e1cdea53
31443f90
7ecd2089
7036c88e
a442d8af
54d5c4bc
265e3c45
2edadf9a
ae6e50cb
e99870a8
b22b57c1
f1775b66
c48f2ea7
cd57ef54
a854aefd
0e0dc7f2
45f60e43
cceeacc0
56c23df9
472c713e
2c614b9f
6671d4ec
e7dfc0b5
e7fa634a
a51902bb
821d53d8
0718b331
95036a16
1fcb0f97
cdffd584
5114516d
5dc411a2
6f270e33
2866c5f0
8bb19769
5af5a5ee
573a5a8f
450a511c
61c34125
e59a32fa
a58c10ab
78f96308
1e8bcaa1
32c884c6
aef90c87
5945a7b4
a4f96fdd
e0382752
cf4fea23
986f8b20
9ea22cd9
bd8d669e
46ad057f
4e92394c
9e7fbd95
de654eaa
90967a9b
984f9e38
b36b9e11
c121ab76
10d82577
387c65e4
a65b0a4d
16750902
b21fa213
a88bfc50
e05afe49
75aeb34e
d2584c6f
c3bc8d7c
b44c3605
09c6b65a
98c7408b
f9030568
885f2d81
0329de26
91e75a67
afb71014
1b5020bd
5a45b6b2
2d053603
4aff1980
e1630bb9
2ed48bfe
779b2f5f
f7fc4dac
351faa75
cfe96a0a
326d627b
32b69898
d7cd78f1
38bc1cd6
1c65ab57
adc8a644
fdafb32d
8e353062
0f2fa5f3
08cbe2b0
e2015529
e939f0ae
4994ae4f
818479dc
9eb11ae5
79b869ba
0397e06b
8bcd57c8
c3dd8061
ce736786
28521847
fc442874
eb10c19d
cd8e7612
d18df1e3
31b557e0
423cda99
a9d9e15e
e123c93f
6948120c
ca778755
e0deb56a
d415ba5b
296a42f8
c67643d1
0daabe36
ab6ba137
6f7c96a4
94ca4c0d
1c5c87c2
86cf19d3
0c3e7910
f1dc9c09
2a6f5e0e
4ce7802f
5afa163c
5da9efc5
1fc74d1a
7d75f04b
3f705a28
213ec341
cc7d20e6
09314627
1684f0d4
2ff3527d
176a6572
cb621dc3
05aa4640
e0679979
897566be
013ed31f
d50d866c
393f5435
419d30ca
db07823b
40829d58
4d9dfeb1
1dc58f96
02e20717
6b303704
e562d4ed
a4430f22
b575fdb3
e1fbbf70
6d24d2e9
fa26fb6e
c848c20f
58b5629c
e9eeb4a5
f24b607a
b9d9702b
0e040c88
6cbaf621
011f0a46
a77ce407
82116934
41afd35d
a13184d2
c4f9b9a3
ebf5e4a0
d71b4859
747f1c1e
b1e44cff
99e4aacc
182f1115
2e7cdc2a
c8baba1b
2817a7b8
b77ca991
12e490f6
43c0dcf7
3a7b8764
a5314dcd
9540c682
d39c5193
251bb5d0
ad11f9c9
6538c8ce
03b073ef
af4e5efc
f8376985
f39ca3da
883a600b
dda06ee8
ee8a1901
3c3123a6
522cf1e7
6e819194
b3fe443d
603bd432
04ccc583
75b03300
3d8fe739
5dcf017e
290c36df
42657f2c
b9febdf5
efd5b78a
3aa761fb
7c416218
ca4a4471
62dfc256
6b0022d7
22f687c4
c5edb6ad
eaadade2
b5ba1573
dcb65c30
06dc10a9
c47cc62e
a31695cf
bf5d0b5c
f93c0e65
3213173a
d410bfeb
805d8148
6ae42be1
198b6d06
34396fc7
b76d69f4
5696a51d
d5e15392
6d534163
9ff13160
26fd7619
843d16de
f8ae90bf
8528038c
2d665ad5
d9ffc2ea
ea4579db
c517cc78
c83ecf51
4f8f23b6
5197d8b7
16393824
75500f8d
2be1c542
cc474953
7be3b290
cbbb1789
bccaf38e
a67327af
157967bc
19b4a345
c806ba9a
a4d48fcb
b45343a8
22012ec1
0105e666
549a5da7
e46cf254
3530f5fd
0f7a02f2
7d052d43
d3d0dfc0
a29bf4f9
72a15c3e
0ec35a9f
44c437ec
3d1de7b5
4d52fe4a
ad0d01bb
76b2e6d8
6f924a31
e6cab516
ac7ffe97
b1db9884
1d10586d
6c350ca2
23bbed33
e1bbb8f0
48e70e69
3efb50ee
69be298f
6a3b741c
42592825
dbcf8dfa
1dfdcfab
2399b608
d01921a1
26788fc6
9647bb87
29182ab4
978536dd
a65de252
4e5a8923
e6673e20
bba363d9
ffd3d19e
b542947f
8fd21c4c
6fdd6495
b62769aa
7475f99b
f12ab138
fa7cb511
026a7676
0cb09477
3f75a8e4
62e6914d
4aff8402
64900113
59566f50
c797f549
87e5de4e
a4ef9b6f
a23b307c
17e19d05
9fc5915a
7f047f8b
6448d868
ad640481
89bb6926
b8398967
65071314
014b67bd
bfe4f1b2
97cb5503
18cc4c80
794bc2b9
4eac76fe
92243e5f
a0e9b0ac
085cd175
8cd5050a
4df8617b
80972b98
1f360ff1
484667d6
df219a57
b49f6944
288aba2d
f3992b62
d33b84f3
99cbd5b0
8d05cc29
20629bae
6bff7d4f
ce109cdc
fb0601e5
5240c4ba
23609f6b
f878aac8
6e19d761
f6a67286
5567c747
23d1ab74
323b889d
0d673112
abcf90e3
18180ae0
decd1199
ce034c5e
a760583f
dea2f50c
05542e55
55b3d06a
630c395b
5d1055f8
0ff65ad1
2a368936
6ccb1037
b2f0d9a4
8bb4d30d
1d5a02c2
503678d3
c633ec10
da689309
dd49890e
2ee5cf2f
2a53b93c
087e56c5
3d99281a
828a2f4b
4e412d28
42729a41
0511abe6
e4ca7527
9d0ff3d4
260d997d
cc3ca072
78df3cc3
fd627940
eb5f5079
38b051be
52eee21f
db95e96c
217b7b35
a11bcbca
f929813b
aaae3058
7af595b1
e612da96
daa4f617
8801fa04
e61cdbed
0b9a0a22
57f8dcb3
6da6b270
ecf849e9
df72a66e
b99a910f
1f9c859c
19029ba5
b826bb7a
2ff92f2b
bfba5f88
d6a64d21
18d51546
b9599307
b459ec34
14799a5d
c5bd3fd2
897258a3
4dc397a0
9a3a7f59
958b871e
4ec7dbff
565a8dcc
d38ab815
0b64f72a
71c8391b
7988bab8
8a6bc091
85b35bf6
29a74bf7
2d6aca64
cd7ad4cd
8db14182
02fab093
8b3c28d0
fdecf0c9
93b5f3ce
3415c2ef
428301fc
c14ad085
24417eda
db259f0b
92fc41e8
52ecf001
61c8aea6
020d20e7
f9479494
71378b3d
4f410f32
0400e483
fa536600
e2969e39
376cec7e
b0e345df
3988e22c
4e39e4f5
3ce7528a
4a6060fb
c5b7f518
e490db71
def00d56
36ca11d7
48c34ac4
1386bdad
fef7a8e2
05b3f473
860c4f30
427e87a9
b2eb712e
224f64cf
539f2e5c
520ef565
f041723a
4f877eeb
fa1ed448
5b7e82e1
dbc47806
c9dd1ec7
a770ecf4
ebff6c1d
4a200e92
ab02e063
6029e460
b7abad19
bd2c81de
eb391fbf
9bb8e68c
804101d5
e9faddea
1c69f8db
7753df78
ab9ce651
93a0eeb6
bb0547b7
2ba37b24
c5f8968d
46c54042
b09ca853
312f2590
ebe50e89
41eb1e8e
643f76af
3f890abc
d8070a45
967e959a
7496cecb
133a16a8
109305c1
4ea07166
f7c18ca7
a66df554
70893cfd
23b23df2
dcf04c43
485f12c0
08b1abf9
11a2473e
cbc1699f
bf829aec
14580eb5
d2f7994a
9d5d00bb
627479d8
7dc7e131
119e0016
4b50ed97
d3a35b84
2e885f6d
d87207a2
f02ccc33
cbbcabf0
27588569
918cfbee
35ddf88f
1ed8971c
1beb0f25
9d50e8fa
4dcb8eab
e8660908
0e6278a1
4e349ac6
4eb26a87
89d6adb4
268cfddd
d54f9d52
94412823
e80af120
c0e09ad9
6ba63c9e
7c74237f
137dff4c
71370b95
c43584aa
9eb1789b
4731c438
7549cc11
92bf4176
58a50377
ea5aebe4
d2ee184d
b355ff02
4cdc6013
00cce250
1e10ec49
3ea9094e
2f22ea6f
3625d37c
a2730405
97106c5a
fa9dbe8b
6fbaab68
6d24db81
3a58f426
6da7b867
91431614
71c2aebd
e4502cb2
676d7403
e0457f80
c77079b9
4e1061fe
83494d5f
324313ac
b995f875
960ca00a
0ddf607b
d1a3be98
285aa6f1
1cdcb2d6
2ff98957
c5622c44
74e1c12d
62c92662
eb2363f3
e777c8b0
f5464329
321746ae
44064c4f
f608bfdc
ac56e8e5
22151fba
b6855e6b
8b4ffdc8
c1122e61
3ee57d86
cf997647
a84b2e74
f1e24f9d
620bec12
88ed2fe3
3e26bde0
ff994899
87b8b75e
c238e73f
e269d80c
cc2cd555
2cd4eb6a
f45eb85b
99e268f8
a93271d1
81ce5436
fa467f37
66511ca4
121b5a0d
fe237dc2
8b79d7d3
02d55f10
ce308a09
a0afb40e
c4801e2f
fb195c3c
364ebdc5
e8b7031a
d8fa6e4b
093e0028
1a627141
53b236e6
cb7fa427
6686f6d4
82a3e07d
ebdadb72
c7385bc3
7ac6ac40
48930779
33773cbe
773af11f
168a4c6c
43b3a235
78e666ca
77a7803b
2405c358
86092cb1
5f6c2596
bc83e517
7abfbd04
e452e2ed
28bd0522
8a57bbb3
41fda570
c607c0e9
0b4a516e
5c88600f
0defa89c
f91282a5
a14e167a
d574ee2b
a39cb288
054da421
3c972046
94524207
0f8e6f34
3bbf615d
ab14fad2
8cc6f7a3
7b3d4aa0
7d95b659
b823f21e
3c476aff
ed3c70cc
76e25f15
7699122a
d931b81b
e025cdb8
c916d791
1f8e26f6
57a9baf7
5c460d64
61405bcd
11edbc82
e0350f93
00089bd0
f603e7c9
3ebf1ece
141711ef
2323a4fc
695a3785
0e3259da
3b6cde0b
008414e8
8a0bc701
896c39a6
39094fe7
92f99794
70ecd23d
55124a32
e0110383
90a29900
75d95539
c896d77e
075654df
b118452c
78710bf5
2e44ed8a
76755ffb
2a5a8818
f8937271
f80c5856
88b000d7
107c0dc4
3a9bc4ad
750da3e2
2189d373
040e4230
735cfea9
53e61c2e
4f2433cf
5b4d515c
b7dddc65
fdbbcd3a
b65a3deb
b20c2748
2cd4d9e1
96098306
a49ccdc7
8c606ff4
b1e4331d
2b2ac992
638e7f63
780e9760
0495e419
63a7ecde
2a5faebf
d8b5c98c
1717a8d5
b441f8ea
c8ea77db
4abbf278
16b6fd51
eabeb9b6
e88eb6b7
48f9be24
5e1d1d8d
9974bb42
7ece0753
81269890
4f4b0589
af97498e
cda7c5af
0304adbc
d1557145
4a42709a
0db50dcb
364ce9a8
ede0dcc1
8a46fc66
9e04bba7
435af854
ca5d83fd
fab678f2
55b76b43
5a9945c0
f90362f9
d42f323e
535b789f
06acfdec
dd8e35b5
28e8344a
6608ffbb
75620cd8
a1b97831
c57d4b16
ec3ddc97
63571e84
f57c666d
527b02a2
c479ab33
16699ef0
9705fc69
02aaa6ee
ab99c78f
92e1ba1c
5e78f625
da1e43fa
24f54dab
f75e5c08
4967cfa1
59fca5c6
c8391987
ab8130b4
c210c4dd
1d0d5852
9103c723
cd5aa420
1e59d1d9
b104a79e
8c41b27f
0995e24c
128cb295
b88f9faa
ff48f79b
ca64d738
93d2e311
22200c76
e4b57277
692c2ee4
66719f4d
ff787a02
5b04bf13
ceef5550
53c5e349
49f8344e
60f2396f
af7c767c
c4006b05
9fa7475a
fb92fd8b
4b587e68
37a1b281
c5027f26
a231e767
646b1914
dcb5f5bd
778767b2
8beb9303
d16ab280
3bd130b9
dd004cfe
3b0a5c5f
dc0876ac
b8cb1f75
9b903b0a
62225f7b
55dc5198
633b3df1
667efdd6
feed7857
1010ef44
52b4c82d
8bc52162
46e742f3
21cfbbb0
8ac2ba29
ce57f1ae
c1a91b4f
296ce2dc
22a3cfe5
99357aba
ad061d6b
745350c8
2cc68561
57308886
86e72547
b9b0b174
9a05169d
7b7ca712
58e6cee3
d3e170e0
14a17f99
86fa225e
21ad763f
a49cbb0c
8f017c55
1642066a
780d375b
0fe07bf8
022a88d1
c4721f36
43ddee37
b99d5fa4
97fde10d
6eb8f8c2
289936d3
f222d210
3d348109
24a1df0e
fdb66d2f
fd4aff3c
571b24c5
d120de1a
70c6ad4b
a066d328
190e4841
685ec1e6
ad50d327
a2e9f9d4
b5b6277d
26451672
a66d7ac3
add6df40
6802be79
29ca27be
5e23001f
b5eaaf6c
0fe7c935
78fd01ca
46817f3b
dc895658
ded8c3b1
39d17096
987ed417
73698004
5004e9ed
abac0022
3c929ab3
8f009870
685337e9
2dadfc6e
a1122f0f
53aecb9c
fa1e69a5
5dc1717a
9a4cad2b
e9ab0588
68b0fb21
1c652b46
2866f107
c3aef234
2781285d
0138b5d2
bef796a3
a462fda0
f12ced59
8c485d1e
6a62f9ff
8e8a53cc
72360615
20192d2a
eef7371b
8beee0b8
e37dee91
9074f1f6
bdc829f7
f70d5064
d081e2cd
d1f63782
5b4b6e93
b3810ed0
0556dec9
165449ce
93b460ef
813047fc
60659e85
616f34da
99101d0b
5637e7e8
03e69e01
631bc4a6
e7217ee7
6b979a94
231e193d
21af8532
88fd2283
689dcc00
67580c39
c14cc27e
1c6563df
d913a82c
a8a432f5
73ee888a
aee65efb
da291b18
76520971
5e34a356
50b1efd7
aa20d0c4
ab2ccbad
fcef9ee2
f93bb273
86bc3530
097775a9
576cc72e
199502cf
0667745c
9aa8c365
0a82283a
f888fceb
d8257a48
4ee730e1
f85a8e06
b4787cc7
963bf2f4
1844fa1d
29018492
86f61e63
179f4a60
7dbc1b19
27af57de
a6223dbf
6c1eac8c
61ea4fd5
e8d513ea
dfc6f6db
6f500578
798d1451
04e884b6
ca3425b7
9e3c0124
adbda48d
d3f03642
26db6653
9bca0b90
65ecfc89
b5cf748e
d2ac14af
8fec50bc
759fd845
93524b9a
602f4ccb
4d8bbca8
29eab3c1
63f98766
3763eaa7
eb33fb54
b2adcafd
4486b3f2
d75a8a43
3a7f78c0
e39119f9
6a481d3e
9591879f
4a4360ec
08c05cb5
ff24cf4a
f710febb
df7b9fd8
4b670f31
b2689616
7f46cb97
90f6e184
e1ec6d6d
8a4ffda2
90a28a33
f1c291f0
07ef7369
425451ee
baf1968f
f656dd1c
7a02dd25
42379efa
937b0cab
8082af08
f12926a1
f9d0b0c6
f2dbc887
be17b3b4
da108bdd
2d971352
34a26623
c6565720
440f08d9
7fef129e
d4ab417f
a219c54c
c3de5995
4335baaa
863c769b
aac3ea38
c617fa11
608cd776
a0e1e177
ebe971e4
8d71264d
df66f502
7f091e13
f3bdc850
d8b6da49
59d35f4e
2a5d886f
3e3f197c
ec89d205
698a225a
71e43c8b
27225168
7cda8981
d9b80a26
45d81667
0e7f1c14
b2253cbd
298aa2b2
f545b203
1c3be580
466de7b9
ab7c37fe
a9676b5f
ce39d9ac
75fc4675
4d5fd60a
3ac15e7b
3d40e498
3fd7d4f1
d52d48d6
3bfd6757
c4abb244
3203cf2d
1e8d1c62
d68721f3
78d3aeb0
bd7b3129
a5249cae
d4e7ea4f
983d05dc
cdecb6e5
67a1d5ba
f6e2dc6b
e382a3c8
2136dc61
ef879386
6b50d447
88023474
9aa3dd9d
09b96212
0bbc6de3
094823e0
8de5b699
7bc78d5e
b5be053f
553b9e0c
bdd22355
c1fb216a
de17b65b
ef0a8ef8
8ade9fd1
a221ea36
39915d37
dcd5a2a4
8d5c680d
1f1a73c2
179495d3
c41c4510
97747809
19200a0e
ca88bc2f
60e8a23c
dae38bc5
a6d6b91a
39eeec4b
43bba628
ae761f41
f3174ce6
7a3e0227
8238fcd4
2f446e7d
2b7b5172
067e99c3
c6931240
b9ae7579
cba912be
f7a70f1f
e9b7126c
f617f035
515f9cca
55b77e3b
0438e958
f5645ab1
2542bb96
5e95c317
a1ff4304
9932f0ed
4466fb22
5ea979b3
84af8b70
43daaee9
f69da76e
7737fe0f
20d9ee9c
8c2650a5
9d80cc7a
6e806c2b
c1e55888
70d05221
683f3646
6597a007
00bb7534
47beef5d
782870d2
100435a3
f934b0a0
65002459
c1f8c81e
c91a88ff
6a4436cc
3585ad15
b7e5482a
a318b61b
ace3f3b8
49a10591
8867bcf6
4c0298f7
2dc09364
8b3f69cd
7dcab282
643dcd93
d5a581d0
9be5d5c9
ca7574ce
a2edafef
8ca8eafc
166d0585
cdf80fda
e40f5c0b
c417bae8
307d7501
9ed74fa6
fc55ade7
b3219d94
f7cb603d
6518c032
eec54183
b244ff00
2712c339
d18ead7e
e01072df
e17b0b2c
4ed359f5
bde4238a
e3b35dfb
0523ae18
cdcca071
c168ee56
7ecfded7
45b193c4
d539d2ad
469d99e2
7cc99173
3e162830
74cdeca9
6d7f722e
71a1d1cf
84ed975c
6a6faa65
c694833a
0613bbeb
9c6acd48
31b587e1
b2b79906
e9702bc7
f50375f4
8f21c11d
f3a43f92
0539bd63
6edbfd60
931e5219
b942c2de
4e80ccbf
85f38f8c
d0b8f6d5
37b42eea
50ff75db
15101878
441f2b51
921e4fb6
4ff594b7
5b6a4424
24da2b8d
a637b142
98c4c553
b1197e90
9fcaf389
04939f8e
634c63af
163ff3bc
34e63f45
21ae269a
5c058bcb
88f68fa8
34b08ac1
8bb81266
b3df19a7
cdf8fe54
997a11fd
b122eef2
51d9a943
1811abc0
385ad0f9
83ed083e
8263969f
ba45c3ec
05ee83b5
05ad6a4a
4074fdbb
d0c132d8
ead0a631
885fe116
f46bba97
8c82a484
63d8746d
2ff0f8a2
44a76933
8dc784f0
ea14ea69
0089fcee
53e5658f
7938001c
de88c425
859cf9fa
895ccbab
b3d30208
75a67da1
ddb0bbc6
be9a7787
f19a36b4
de8c52dd
b6ecce52
6f1d0523
02fe0a20
a2003fd9
88657d9e
45b0d07f
0d09a84c
f52c0095
1427d5aa
238bf59b
184efd38
7c191111
fe05a276
7d2a5077
a292b4e4
b7ecad4d
03217002
a8e97d13
9f383b50
1ce3d149
1e3a8a4e
7b64d76f
126dbc7c
8c0f3905
a4b8fd5a
4d917b8b
33182468
accf6081
28799526
489a4567
bf7f1f14
621083bd
aa59ddb2
937bd103
f0b91880
57469eb9
698422fe
be607a5f
38d73cac
61296d75
5b7b710a
87bc5d7b
b7d17798
2e306bf1
18e793d6
d7295657
13327544
82ced62d
cb211762
8a0300f3
1c83a1b0
fd6fa829
667d47ae
6dc2b94f
727928dc
1e319de5
3d5a30ba
841b9b6b
08ddf6c8
0e633361
b7ea9e86
6cd68347
433fb774
63bea49d
bcc21d12
916e0ce3
0e5ad6e0
db65ed99
1620f85e
6e6a943f
2446810c
c89eca55
e0003c6a
167e355b
6760a1f8
b34eb6d1
caddb536
cb60cc37
fff9e5a4
6236ef0d
bf47eec2
486bf4d3
a8c1b810
4cf06f09
2e2a350e
1af70b2f
55f2453c
31a7f2c5
19d8941a
24732b4b
233c7928
4a99f641
a3dbd7e6
22473127
3473ffd4
5f4eb57d
ab7d8c72
d76bb8c3
f4fb4540
ad962c79
c913fdbe
33c71e1f
e1ef756c
66441735
b20e37ca
95497d3b
cb147c58
39abf1b1
d1c00696
fec8b217
36810604
2fdcf7ed
a2edf622
e09c58b3
530a7e70
c89e25e9
1619526e
cef9cd0f
a571119c
1f2a37a5
108c277a
42102b2b
5c4bab88
8daba921
d0254146
3be44f07
f6b3f834
0c78b65d
bfe42bd2
6fecd4a3
a9b263a0
490f5b59
0935331e
486e17ff
b06a19cc
30d15415
edfd632a
e596351b
730506b8
6b801c91
b76687f6
f25907f7
305fd664
0178f0cd
c56b2d82
eb0c2c93
9675f4d0
29b0ccc9
0b229fce
31c2feef
758d8dfc
fb706c85
03cceada
0c6a9b0b
7a238de8
7fd04c01
ec9edaa6
68a5dce7
9997a094
5ef4a73d
cf4dfb32
01696083
9d983200
25097a39
a95c987e
425781df
fa4e6e2c
dafe80f5
bc25be8a
04dc5cfb
db4a4118
6f033771
d1a93956
0309cdd7
132e56c4
28c2d9ad
021794e2
9c337073
5a1c1b30
256063a9
461e1d2e
474aa0cf
06dfba5c
97329165
e1f2de3a
cefa7aeb
2edc2048
453fdee1
7520a406
3383dac7
d8b6f8f4
867a881d
3b12fa92
ce595c63
adc4b060
b4bc8919
c8622dde
137b5bbf
5634728c
d3839dd5
50df49ea
0c93f4db
6bfc2b78
e66d4251
42601ab6
69d303b7
b0848724
3372b28d
c04b2c42
c48a2453
f114f190
6ce4ea89
4be3ca8e
6f88b2af
c5ff96bc
7f28a645
a556019a
f137cacb
188d62a8
7e3261c1
b1829d66
037648a7
1baa0154
eec258fd
f08b29f2
b534c843
234fdec0
676087f9
d11df33e
09d1a59f
86b426ec
4518aab5
ec82054a
3234fcbb
7932c5d8
eff63d31
f7632c16
3baca997
85fa6784
eb407b6d
f35df3a2
d0884833
1a7877f0
ad766169
ed4ba7ee
6675348f
4b85231c
fc0aab25
544e54fa
f69a8aab
c14f5508
46dfd4a1
b59cc6c6
1b752687
7608b9b4
3f8419dd
690e8952
3073a423
b351bd20
a82d76d9
7a67e89e
cf525f7f
7a658b4c
1675a795
db65f0aa
c737749b
43061038
25d62811
aa8a6d76
698ebf77
bd27f7e4
55e4344d
1aa7eb02
c8a5dc13
015eae50
904cc849
472db54e
4408266f
5c085f7c
1290a005
0133d85a
7e9aba8b
9f39f768
37803781
61472026
9a787467
a76b2214
5c77cabd
a9f518b2
568df003
7ee24b80
de5b55b9
c7180dfe
69f5895f
4be09fac
ea529475
75e30c0a
39135c7b
f58e0a98
9e4502f1
e1added6
c0714557
2ba53844
b515dd2d
41811262
515adff3
3cdf94b0
baa01f29
c261f2ae
7c39884f
e8214bdc
837284e5
ca5e8bba
44b05a6b
146549c8
644b8a61
6059a986
7b783247
1b693a74
65556b9d
4496d812
d9fbabe3
131989e0
6d222499
0606635e
3bb3233f
41bd640c
1f677155
2051576a
1140b45b
a8e2b4f8
eb7acdd1
eea58036
e94c3b37
530a28a4
868d760d
ff4169c2
ab1f53d3
d0132b10
cda86609
13c0600e
df015a2f
0c67e83c
cb6859c5
da266f1a
20536a4b
6ee94c28
5d79cd41
2aac62e6
956c6027
e99b02d4
b5d4fc7d
564bc772
0934d7c3
690f7840
b3b9e379
d20ae8be
02832d1f
ce93d86c
d06c3e35
4b08d2ca
f5377c3b
611c0f58
1baf88b1
ef495196
6917a117
60eec904
8402feed
7740f122
b26b37b3
2a117170
669d9ce9
3c20fd6e
98579c0f
1174349c
232a1ea5
66e3827a
04fbea2b
e8ddfe88
2f430021
04174c46
9b4cfe07
d5987b34
e5ae7d5d
886be6d2
ceb173a3
e5dc16a0
0d5a9259
11fd9e1e
d85da6ff
90fbfccc
d418fb15
72617e2a
a66fb41b
0e5219b8
b91b3391
cd7152f6
a0cb76f7
2eeb1964
a32e77cd
58d7a882
dfb68b93
25f267d0
1eb7c3c9
885bcace
30344def
6bde30fc
7f6fd385
b2edc5da
0221da0b
a85b60e8
61df2301
fc7265a6
1c120be7
4ef9a394
c899ee3d
104f3632
b0e97f83
5a976500
d13c3139
f8b6837e
333a90df
538dd12c
bd25a7f5
1eb3598a
02615bfb
8c9cd418
c9f5ce71
3ef58456
cd5fbcd7
429719c4
15c7e0ad
df5d8fe2
47794f73
0ace0e30
8b2edaa9
9148c82e
8a8f6fcf
bc3ddd5c
90f17865
0c9d393a
433d39eb
bf797348
f98635e1
ef95af06
82b389c7
71567bf4
6e4f4f1d
af4db592
d254fb63
04596360
5296c019
050d98de
e511eabf
0ce1558c
da4a44d5
e45664ea
028473db
a4143e78
d0775951
c5ade5b6
07cc72b7
cd8aca24
4987398d
d22aa742
9a2b8353
8bbc6490
3d3ae189
3bbff58e
e76101af
cf2b39bc
c4670d45
ce49dc9a
0fc609cb
2c5035a8
767038c1
85592866
162977a7
04470454
22869ffd
b2bf64f2
f16be743
8c3a11c0
e0a23ef9
01dade3e
1bdbb49f
df8e89ec
363ed1b5
63a2a04a
bc50fbbb
08d058d8
cad7d431
af727716
45099897
ad5e2a84
e824826d
8496eea2
24452733
c7d56af0
c213d869
b89952ee
e2a1038f
9d3e461c
42889225
5e4baffa
cb3449ab
d8f7a808
d4d52ba1
3194d1c6
f96bd587
7b633cb4
6cf7e0dd
f3fc4452
68a64323
07517020
c696add9
05f6539e
618fee7f
1a2d6e4c
97bb4e95
48f00baa
613ef39b
5ae92338
334f3f11
161b3876
560f2e77
6ba93ae4
d757bb4d
d5fa6602
ce3e3b13
4a312150
a2f1bf49
84ace04e
7447756f
4b0f027c
f00e0705
2efab35a
f4fff98b
9b87ca68
8ced0e81
3420ab26
2b72a367
f6432514
115b11bd
d85c53b2
2e7c0f03
f6b77e80
4bac0cb9
7437f8fe
9c26985f
375602ac
8177bb75
4c96a70a
3ec65b7b
26769d98
001599f1
df8029d6
e7d53457
3e03fb44
38d8e42d
31ad0d62
1c8ebef3
09e787b0
650c9629
68d29dae
f04c574f
29356edc
6daf6be5
beaee6ba
28a1196b
36189cc8
92efe161
98d4b486
8735e147
407ebd74
0f68329d
51379312
d5654ae3
47843ce0
b31a5b99
fb77ce5e
0d97b23f
dda0470c
322c1855
32ee726a
be5f335b
e390c7f8
a362e4d1
bd794b36
8353aa37
06066ba4
6a5ffd0d
8f06e4c2
2faeb2d3
6a109e10
899c5d09
79e28b0e
06a7a92f
b4498b3c
1824c0c5
97c04a1a
1d8fa94b
56c21f28
5715a441
3788ede6
c3ad8f27
d1ae05d4
a2d7437d
dbe60272
8bd9f6c3
52cfab40
3c199a79
968dd3be
53db3c1f
dfa43b6c
a4906535
cc4f6dca
65817b3b
f64fa258
0b6f1fb1
2dde9c96
8d829017
51488c04
05a505ed
715fec22
c41616b3
39c46470
8dd913e9
18b4a86e
c3516b0f
94e3579c
082605a5
5086dd7a
a743a92b
979c5188
c5965721
b4155746
73d1ad07
cd68fe34
4360445d
81bfa1d2
1c5212a3
ddb1c9a0
21e1c959
8c52091e
68e935ff
3bf9dfcc
8f5ca215
f511992a
d5a5331b
aecb2cb8
a2724a91
7a881df6
4759e5f7
59625c64
e05ffecd
e8102382
323cea93
b41adad0
eafabac9
f220f5ce
8e419cef
9f9ad3fc
126b3a85
8b5aa0da
b535190b
7ebf33e8
46a9fa01
7e51f0a6
069a3ae7
0347a694
a4bb353d
d81c7132
ed459e83
19429800
9baae839
6f9c6e7e
a2b99fdf
1d39342c
6548cef5
958cf48a
cc425afb
491b6718
4ea46571
b94dcf56
cdd1abd7
03ebdcc4
0c48e7ad
8e6f8ae2
6e9b2e73
802c0130
163951a9
feff732e
2b703ecf
d508005c
c7ac5f65
f693943a
52dbf8eb
7e42c648
be888ce1
d216ba06
c6ff38c7
eee1fef4
b6a0161d
00547092
012c9a63
a29a1660
dcacf719
1f4503de
b34479bf
d9fa388c
550cebd5
a2197fea
22d0f2db
ed585178
723d7051
cc07b0b6
19e1e1b7
e27d0d24
d717c08d
8bd62242
09a8e253
b10fd790
80ccd889
8428208e
bad550af
61c2dcbc
74a17445
4c89b79a
a7b048cb
f43f08a8
8d6a0fc1
b73bb366
dbf8a6a7
b7d00754
a4c6e6fd
a7bf9ff2
f67f0643
82d044c0
141ff5f9
c623c93e
a881c39f
f4d4ecec
4960f8b5
1b0f3b4a
cec8fabb
af99ebd8
eb756b31
608dc216
00828797
32aded84
ca84896d
939be9a2
2fde0633
c5de5df0
97ed4f69
1272fdee
b868d28f
9e63691c
22027925
53950afa
f72a08ab
2acbfb08
8f8682a1
0198dcc6
487e8487
31a9bfb4
d6e7a7dd
07b5ff52
07b4e223
2efd2320
6d3be4d9
db10be9e
ec697d7f
1c61514c
e8fcf595
0cc626aa
e1a2729b
8ff83638
14845611
f0b80376
32ab9d77
de167de4
ac47424d
e518e102
a9b29a13
a9af9450
c4d2b649
86b80b4e
fc22c46f
0f81a57c
94876e05
de0d8e5a
a0c1388b
58019d68
1d15e581
51063626
eb88d267
dc072814
f0ba58bd
e58f8eb2
0b462e03
8838b180
0f38c3b9
20e3e3fe
44f3a75f
2b3765ac
9698e275
8f96420a
88d55a7b
7a8b3098
c3a230f1
c25e74d6
3d552357
7a4ebe44
7e17eb2d
4ba50862
db9e9df3
b39b7ab0
6cb50d29
09cf48ae
b9fb264f
65b591dc
4ce852e5
ca4b41ba
1fedd86b
9df7efc8
0a503861
115bbf86
800f9047
e2804074
d1f6f99d
92a44e12
73aae9e3
db9aefe0
1d4e9299
a675395e
d418413f
27ef2a0c
70ecbf55
c7d78d6a
0dd9b25b
476adaf8
4b06fbd1
e7591636
89771937
48eeaea4
7dae840d
1e985fc2
c61a11d3
a6ba1110
f0cc5409
1090b60e
81e9f82f
7d972e3c
87dd27c5
02a6251a
0c27e84b
0ac6f228
a76d7b41
7a7178e6
9d0abe27
1cad08d4
96558a7d
ec4c3d72
4f5b15c3
e23bde40
b6b55179
c69cbebe
17cf4b1f
45209e6c
52b08c35
e5e208ca
d6277a3b
baaf3558
78eab6b1
3d7fe796
5c097f17
378e4f04
24c30ced
414ae722
059cf5b3
b2235770
ae508ae9
5bd4536e
3fe73a0f
5fbe7a9c
3e1deca5
7d76387a
18e7682b
9886a488
c0a5ae21
901f6246
b5725c07
0e258134
958e0b5d
5bdf5cd2
48ceb1a3
c1337ca0
f6a50059
2832741e
ea10c4ff
e163c2cc
d29c4915
260db42a
6336b21b
84703fb8
97856191
6eaae8f6
d60454f7
dfc59f64
290d85cd
23149e82
d29f4993
70ef4dd0
fe79b1c9
f87220ce
3beaebef
40c376fc
2462a185
3d137bda
15a4580b
2d4f06e8
9e30d101
223d7ba6
183e69e7
e681a994
63587c3d
d6b5ac32
a67dbd83
0999cb00
f4559f39
be0e597e
80d4aedf
8750972c
4367f5f5
d0b28f8a
527f59fb
40c5fa18
6d0efc71
f0b21a56
f45f9ad7
872c9fc4
7c45eead
bf4d85e2
01990d73
ea35f430
367fc8a9
3f421e2e
19ed0dcf
813e235c
ab634665
4fd5ef3a
edd6b7eb
9b381948
0446e3e1
cca3c506
f066e7c7
815981f4
cf6cdd1d
de272b92
4ae03963
b886c960
c2ff2e19
c7086ede
6e1308bf
ed7f1b8c
b3cb92d5
3a289aea
5d7971db
77c86478
3bbf8751
056d7bb6
901350b7
1f5b5024
4c24478d
9d4d9d42
03024153
910f4a90
a79acf89
d51c4b8e
d9e59faf
adc67fbc
ffd7db45
d015929a
a8f687cb
a059dba8
331fe6c1
f72a3e66
44e3d5a7
66450a54
e5832dfd
7f8bdaf2
b46e2543
371277c0
71d9acf9
cdf8b43e
9fc3d29f
f6874fec
ee7f1fb5
c2c7d64a
599cf9bb
9d8f7ed8
c1cf0231
bab50d16
5e177697
45e9b084
0260906d
d06ce4a2
e352e533
449350f0
9f02c669
aad8a8ee
d7cca18f
7ef48c1c
0a786025
e42a65fa
6a7bc7ab
e6cc4e08
e6f3d9a1
d5a8e7c6
f8ad3387
c8dc42b4
ed536edd
543bba52
fd9f8123
5a54d620
0c1d1bd9
a9b7299e
5fdf0c7f
b101344c
7a3a9c95
d6e841aa
3861f19b
12334938
39756d11
ea60ce76
ef640c77
446fc0e4
44b2c94d
f8035c02
4b02f913
4fda0750
65efad49
fd4f364e
cb9a136f
d960487c
6ffcd505
be6c695a
71de778b
04a77068
57fabc81
67f7c126
cabb0167
88b72b14
6a959fbd
818ec9b2
dcec4d03
6365e480
99017ab9
7d1bcefe
545cb65f
5784c8ac
99b60975
eee1dd0a
0740597b
21cbc398
58eac7f1
3a48bfd6
b0f11257
10858144
f4d2f22d
3f690362
7e8a7cf3
69fb6db0
41998429
5557f3ae
c945f54f
cda1b4dc
911d39e5
9d339cba
1a96976b
7c0342c8
3a6c8f61
79eeca86
56053f47
316dc374
1d01c09d
b8dd0912
a4cc88e3
ff5da2e0
1bbec999
b6fea45e
7f34d03f
50aa0d0c
4ba96655
8f0ca86a
efb0315b
0470edf8
526712d1
1c44e136
ebb68837
4bc2f1a4
30790b0d
5df5dac2
5e6170d3
b60f8410
73384b09
87cae10e
40c8472f
9850d13c
8a918ec5
cad8001a
dc1c274b
baf7c528
be815241
a36603e6
1183ed27
fa980bd4
004fd17d
377e7872
43b834c3
47541140
938d0879
1237a9be
3e5f5a1f
2f09016c
4accb335
47c0a3ca
3729793b
de3ac858
d4224db1
ce2d3296
c4ac6e17
43c01204
515d13ed
9701e222
66ffd4b3
c32e4a70
380401e9
b57ffe6e
fe19090f
a2059d9c
3511d3a5
9db1937a
49e7272b
1b9cf788
90710521
48356d46
502f0b07
c7ce0434
4c37d25d
c6cb17d2
442750a3
c0612fa0
fba43759
959edf1e
4bd453ff
b139a5cc
0dd7f015
b555cf2a
3f24311b
bf4152b8
08547891
59d9b3f6
3ccac3f7
f214e264
ed370ccd
b9e51982
b0dda893
8c6fc0d0
c934a8c9
4b4f4bce
29303aef
7f5819fc
25560885
781856da
136f970b
e40ad9e8
d873a801
983506a6
40fe98e7
28a7ac94
7471c33d
bc1ae732
cc91dc83
5b9cfe00
4b3c5639
940c447e
bd8bbddf
c1d3fa2c
c7831cf5
80242a8a
851858fb
a39c8d18
95359371
95226556
310989d7
fc5962c4
d5bef5ad
21f780e2
f072ec73
78ebe730
5c023fa9
0210c92e
4605dccf
f0e0465c
ac162d65
c8644a3a
042d76eb
46596c48
3ac13ae1
8f3cd006
eeea96c7
58bd04f4
28b5a41d
f8c5e692
9f6fd863
761f7c60
758d6519
ac57d9de
057d97bf
776ffe8c
668639d5
5c83b5ea
a27df0db
73647778
9cfd9e51
21df46b6
5a60bfb7
b4259324
18acce8d
b6911842
7637a053
5bbabd90
21a4c689
de9c768e
3491eeaf
e33622bc
d60a4245
08ed6d9a
0398c6cb
60a0aea8
d791bdc1
f524c966
40eb04a7
3fa60d54
54bb74fd
ea2415f2
1b394443
d900aac0
69cf63f9
c9599f3e
f1a1e19f
14a5b2ec
959946b5
0acc714a
4cccf8bb
02b111d8
bde49931
6de85816
4dc86597
17117384
ffb8976d
eb09dfa2
2ea3c433
73f443f0
47543d69
31ca53ee
30cc708f
6ef1af1c
6bea4725
c00bc0fa
152986ab
3cf8a108
4b1d30a1
5dc4f2c6
f9f7e287
70fac5b4
203b35dd
898d7552
3a662023
b9588920
133a52d9
21e9949e
abf09b7f
080d174c
bb744395
57565caa
557d709b
119a5c38
12228411
b3159976
7c387b77
ceb503e4
109a504d
beb9d702
a22f5813
6cb07a50
f648a449
9872614e
d2ad626f
d8aaeb7c
f26e3c05
8017445a
5857b68b
d1794368
ad9b9381
28f54c26
b9093067
2c532e14
eeece6bd
5c5a04b2
936e6c03
b83f1780
590631b9
38dfb9fe
ba61c55f
ec3e2bac
facf3075
1a79780a
aa07587b
4c385698
2fef5ef1
f73f0ad6
32a90157
30a84444
0d09f92d
bcf8fe62
f5525bf3
5d0760b0
53b9fb29
fb6c9eae
0e2cc44f
90f9d7dc
aa4e20e5
e767f7ba
089b566b
003a95c8
9344e661
828dd586
f916ee47
5d474674
6088879d
73e1c412
58ca27e3
e2cc55e0
1e6b0099
dd140f5e
feed5f3f
87d0f00c
32620d55
388dc36a
53e2b05b
4aa300f8
298329d1
0c3cac36
9a11f737
3e8334a4
f2bf920d
fd1f55c2
e884cfd3
c810f710
80e04209
8f910c0e
3342962f
3476743c
9041f5c5
a055db1a
7d6c664b
97549828
0c512941
62668ee6
11191c27
9b6f0ed4
50c6187d
6d7cb372
58f153c3
b2184440
42a0bf79
295e94be
b78b691f
cd5d646c
fce4da35
a1eb3eca
7887783b
90f25b58
8d15e4b1
8fe67d96
b76b5d17
a5ddd504
fb731aed
2284dd22
d83eb3b3
9ce53d70
9af378e9
d5b7a96e
ede6d80f
8bb8c09c
5d01baa5
6138ee7a
2a42e62b
50df4a88
a4f85c21
8c577846
3407ba07
2a628734
d75d995d
7282d2d2
fe5befa3
0b3ae2a0
a0df6e59
84974a1e
7e33e2ff
db7b88cc
b10f9715
52e9ea2a
596db01b
8f3e65b8
64df8f91
ec147ef6
6bad32f7
c0502564
9cdc93cd
5c819482
bcf80793
369c33d0
bb2b9fc9
9ab876ce
461189ef
8b58bcfc
85456f85
ec6931da
9e96d60b
d2f2ace8
65727f01
903891a6
70dac7e7
f9b9af94
48070a3d
384c2232
4f81fb83
3f4c3100
105f0d39
a1962f7e
48deccdf
fcc35d2c
619a43f5
53e1c58a
540d57fb
a19f2018
37182a71
569eb056
73cf78d7
937225c4
88b3fcad
666d7be2
2b28cb73
5c4dda30
f6c0b6a9
f76b742e
9fbaabcf
53ee695c
39c51465
103ea53a
85e035eb
afa6bf48
d1f791e1
c9e1db06
b28a45c7
a50c87f4
327a6b1d
0030a192
eedb7763
0b642f60
64579c19
7f3344de
698426bf
a7cce18c
dd3ce0d5
b92ad0ea
e1de6fdb
102c8a78
05f7b551
d15d11b6
68ca2eb7
d0dbd624
acb1558d
87a09342
5348ff53
41123090
5eeabd89
50a8a18e
bada3daf
3211c5bc
6738a945
a711489a
a79705cb
651381a8
eabf94c1
612b5466
c00e33a7
73f31054
626fbbfd
978850f2
1ae06343
989addc0
6c011af9
68468a3e
8e1bf09f
7f3015ec
aeaf6db5
a31d0c4a
9858f7bb
0efea4d8
4fb63031
2a27a316
bf955497
d6253684
328c9e6d
9372daa2
01d0a333
840136f0
00e1b469
5747feee
b3683f8f
9e5ad21c
b6582e25
97391bfa
e73345ab
5d50f408
2c0287a1
49ecfdc6
3c5e9187
5a0548b4
df9efcdd
57ab3052
ae08bf23
7c083c20
f29389d9
f3a7ff9e
c09e2a7f
5184fa4c
1ca9ea95
3e1077aa
28f4ef9b
be2d6f38
0e8b9b11
fad66476
c928ea77
ace646e4
7ffdd74d
e93c5202
9f37b713
3032ed50
e5dd9b49
08218c4e
015cb16f
3d618e7c
8bdba305
d30e1f5a
442cf58b
ee771668
8df86a81
43fed726
a6735f67
f6db3114
edc02dbd
25f13fb2
1ecc8b03
b6c44a80
bf46e8b9
042fa4fe
6702d45f
19638eac
29e45775
c25d130a
612a577b
29d0e998
b8aff5f1
a94155d6
b27cf057
0ab70744
36bd002d
7454f962
2ff63af3
bcbf53b0
13167229
ac0d49ae
78af934f
dfbdfadc
087b07e5
58e852ba
d9fc156b
5a9de8c8
84d93d61
db38e086
59449d47
960cc974
0c8b4e9d
73b27f12
7fa3c6e3
b5e708e0
95533799
c8b57a5e
4341ee3f
fd63d30c
9516b455
745ade6a
2a712f5b
4a0113f8
405b40d1
67407736
84896637
512f77a4
3482190d
ac14d0c2
54842ed3
0cbe6a10
89c43909
d7e3370e
4958e52f
8208173c
08ee5cc5
331fb61a
e018a54b
cfdd6b28
00dd0041
677319e6
8bca4b27
2f3211d4
f7b85f7d
3e46ee72
7f0672c3
52887740
33f07679
bc117fbe
7353781f
501dc76c
d8f90135
a461d9ca
8a41773b
02d5ee58
13c57bb1
32abc896
24464c17
8de79804
930521ed
93d3d822
495992b3
6f483070
471eefe9
6c7b546e
ff50a70f
4cd7e39c
25eda1a5
780c497a
a9faa52b
684d9d88
6e3bb321
0c858346
50fc6907
65e30a34
a6ff605d
0f068dd2
676c8ea3
d1c095a0
5656a559
a51bb51e
712f71ff
90296bcc
2c433e15
aeca052a
a2132f1b
246778b8
1d26a691
d55b49f6
52aba1f7
7a776864
a7fe1acd
baea0f82
e6ee6693
9f74a6d0
445e96c9
96ada1ce
828ed8ef
94c55ffc
b430d685
4a060cda
a71a150b
2a067fe8
b52d5601
ba481ca6
97d2f6e7
89b7b294
4e18513d
fb495d32
1f4e1a83
e4a76400
b3bdc439
96ac1a7e
12cddbdf
681ec02c
81ad6af5
fbeb608a
af5e56fb
6acdb318
c2b6c171
e526fb56
acb167d7
7c76e8c4
052503ad
3caf76e2
a1baaa73
c45bcd30
76bb2da9
cf521f2e
170b7acf
da688c5c
c46ffb65
d765003a
62eef4eb
07201248
39e9e8e1
2c92e606
2b45f4c7
96480af4
5cbb321d
a4675c92
29231663
a854e260
ff5dd319
ef9aafde
8a26b5bf
ae95c48c
87ef87d5
001debea
0b9aeedb
7e209d78
e6adcc51
c3e6dcb6
ab4f9db7
a57e1924
7831dc8d
c07c0e42
8a365e53
7115a390
cf6cb489
db40cc8e
5cbe8caf
ca5968bc
23631045
5a81239a
84f144cb
ddb254a8
dca96bc1
eb3ddf66
b24d62a7
332c1354
7ea002fd
37b88bf2
a3638243
a5e110c0
e86ed1f9
5abf753e
6531ff9f
662678ec
a9c194b5
3bb9a74a
2c40f6bb
f27837d8
e743c731
9f72ee16
a37e4397
b324f984
0adca56d
79a7d5a2
4cd98233
a4ba29f0
3bab2b69
cb51a9ee
4fa00e8f
3d2ff51c
59c21525
19b276fa
d09904ab
77d54708
f9a3dea1
4a2108c6
afe14087
b3fbcbb4
9b7ec3dd
6e94eb52
48875e23
d263ef20
1a28c0d9
cef26a9e
8de7b97f
bd68dd4c
0ddb9195
3b1692aa
a2c86e9b
47ec8238
9eb0b211
71a32f76
c6355977
0f0389e4
02dd5e4d
278acd02
321c1613
ca616050
a4ae9249
fc5cb74e
47a8006f
3784317c
ac450a05
6750fa5a
255e348b
8ba0e968
69114181
69146226
82f98e67
184f3414
d70f74bd
8e547ab2
6f06aa03
8ef57d80
3bc39fb9
8f0b8ffe
4a3fe35f
0ef4f1ac
96f57e75
968cae0a
1ca9567b
ea957c98
632c8cf1
004fa0d6
206cdf57
ceb1ca44
e1ec072d
157cf462
1e7619f3
b92346b0
efaee929
1739f4ae
f8ce624f
e9ee1ddc
1ba3eee5
a1b4adba
7eb8d46b
bb2d3bc8
7f299461
33efeb86
668e4c47
0bbe4c74
910a159d
684f3a12
095965e3
a8adbbe0
f0776e99
29e2e55e
3c327d3f
e162b60c
e3c75b55
f273f96a
635bae5b
328b26f8
06ef57d1
dd504236
9b1cd537
b3c7baa4
65c0a00d
1ad64bc2
925f8dd3
b417dd10
fde43009
10c1620e
730b342f
b105ba3c
6496c3c5
3335911a
f420e44b
94923e28
0c24d741
628ba4e6
71977a27
e5e114d4
6526a67d
59dd2972
a5f791c3
58a4aa40
d77c2d79
7a506abe
61b7871f
e74a2a6c
4f092835
ff2474ca
5c57763b
63e58158
d83112b1
667d1396
fb3d3b17
2bdd5b04
881328ed
9aeed322
aa5071b3
6a572370
ac8666e9
29caff6e
2256760f
1563069c
ffd588a5
922ba47a
b90e642b
91e7f088
5c3b0a21
78bf8e46
970d1807
aa4f8d34
2b1d275d
4c5648d2
6f592da3
43f248a0
8c09dc59
a72c201e
14c700ff
ff434ecc
ef72e515
78f6202a
0914ae1b
aebc8bb8
a129bd91
c5ae14f6
e1c610f7
508aab64
7e9ba1cd
851e8a82
1ec0c593
f6f919d0
d4cd8dc9
ef2eccce
cea827ef
cb9e02fc
22183d85
40eee7da
1cf9540b
194652e8
37a42d01
c663a7a6
a5e725e7
08a1b594
f6a5983d
b5129832
2bf63983
7bae9700
a5587b39
234e057e
0b58eadf
33e6232c
97bc91f5
2840fb8a
870b55fb
2f284618
a8115871
f0bb4656
cbaf56d7
e767abc4
bb120aad
54bd71e2
44288973
e115c030
4bf1a4a9
39c4ca2e
9bf849cf
b44eaf5c
bc16e265
cdd75b3a
8b59b3eb
7cc56548
e2983fe1
674ff106
491da3c7
5c6f8df4
1777f91d
956a1792
3e46b563
7cf19560
b6a00a19
ad8e1ade
576544bf
bbcaa78c
d69e2ed5
e15d06ea
0fb36ddb
ed40b078
af1fe351
a97ca7b6
11f10cb7
620c5c24
eb2e638d
11238942
0affbd53
1bc51690
e32aab89
2e64f78e
0a3edbaf
dc0d0bbc
7a897745
d33cfe9a
8ba783cb
fa7d27a8
1d4f42c1
435c6a66
07a891a7
ad511654
194c49fd
7ab4c6f2
a4c2a143
30d343c0
4f1888f9
50c4603e
66e40e9f
f988dbec
f6cfbbb5
84a2424a
f884f5bb
dd1dcad8
f48d5e31
7dca3916
e9833297
de10bc84
f8a8ac6d
4da8d0a2
ffbe6133
061f1cf0
67b0a269
3de754ee
f573dd8f
7b71181c
c627fc25
f777d1fa
c15ac3ab
bc859a08
240135a1
0e6113c6
447fef87
aede4eb4
c3da8add
7e4aa652
f9e1fd23
ec6ba220
f9f9f7d9
63c8d59e
03cd487f
7bb8c04c
ff093895
fe68adaa
b2f7ed9b
ded79538
3291c911
c77bfa76
635dc877
250ccce4
0938e54d
29a54802
4adc7513
6b3bd350
a2bb8949
2523e24e
958f4f6f
f712d47c
c3aa7105
ecdfd55a
ebeb738b
d8f6bc68
aee61881
4835ed26
3e9bbd67
c0af3714
1adabbbd
4583b5b2
741cc903
70d2b080
3e7c56b9
89737afe
5418f25f
fcf254ac
b202a575
4708490a
cc84557b
be860f98
9f6523f1
ac69ebd6
6c78ce57
ac988d44
7e970e2d
5070ef62
b0d1f8f3
823339b0
59836029
ecf29fae
7e89314f
df8a40dc
53c8d5e5
71cd08ba
e6d1936b
51e88ec8
f235eb61
3cb2f686
10f3fb47
ee5bcf74
5e04dc9d
01b7f512
e5eb04e3
eb206ee0
9fd7a599
b09c505e
d9bf0c3f
63cd990c
8e740255
62d9146a
eea22d5b
344139f8
ed3f6ed1
1e6c0d36
cdcc4437
964bfda4
f67b270d
f963c6c2
9216ecd3
ee1d5010
4d402709
ea2b8d0e
a059832f
f16f5d3c
133b2ac5
50976c1a
a985234b
15731128
9e28ae41
03b02fe6
b280a927
ef7c17d4
0910ed7d
703f6472
bdc4b0c3
f46cdd40
9d43e479
141b55be
72b7961f
c2e28d6c
cf154f35
62330fca
dec9753b
e4211458
4a58a9b1
db5a5e96
2c502a17
afbf1e04
4a9d2fed
e7d5ce22
eb2350b3
be121670
3b29dde9
bda6aa6e
46f8450f
155a299c
5ab96fa5
5f96ff7a
477e232b
fdae4388
def66121
81059946
f639c707
27a81034
d3b6ee5d
da7203d2
0621cca3
91cffba0
b1f91359
3ac88b1e
58fa8fff
58c931cc
6a9e8c15
616e3b2a
7e722d1b
5e3d9eb8
60e8d491
6d0cdff6
08fc7ff7
7289ee64
90b528cd
6b1f0582
546f2493
6d298cd0
dc7884c9
543bf7ce
1a5d76ef
5fe2a5fc
3efba485
8123c2da
f034930b
d0b225e8
5cd70401
648b32a6
8b1754e7
a677b894
b1aedf3d
15a7d332
657a5883
3461ca00
552f3239
f77bf07e
227ff9df
9019862c
13c7b8f5
88e2968a
cb1454fb
1eaed918
5727ef71
295b9156
c0c945d7
04446ec4
1a7b11ad
5e976ce2
02726873
e27bb330
e6641ba9
e6c3752e
1e8118cf
11a0d25c
90b9c965
a395b63a
ef2072eb
4096b848
3c0296e1
2a18fc06
fc1152c7
278310f4
d2b0c01d
8338d292
1e465463
b93a4860
fa1e4119
690d85de
c13fd3bf
ff6b8a8c
3948d5d5
0ce821ea
de27ecdb
8d8cc378
cf4dfa51
321e72b6
8cae7bb7
36869f24
75a6ea8d
29970442
c5a51c53
71208990
0a24a289
fa15228e
b35b2aaf
972caebc
dcabde45
c144d99a
abb9c2cb
eb73faa8
1cb119c1
1986f566
b01fc0a7
12621954
a27490fd
107d01f2
0efdc043
697176c0
0ffe3ff9
fa554b3e
83321d9f
69573eec
05d9e2b5
2dd6dd4a
ed24f4bb
feef5dd8
e792f531
752d8416
81a42197
86e87f84
6bf0b36d
bf75cba2
0a7f4033
d8300ff0
f4f21969
5f08ffee
94e3ac8f
891e3b1c
6b89e325
e0892cfa
a97882ab
5b61ed08
1b1a8ca1
46ad1ec6
ea3a9e87
7aacd1b4
c8b251dd
36cc6152
b2189c23
fa1f5520
02072ed9
622b409e
124ed77f
bc74a34c
6032df95
3806c8aa
49836c9b
b2eea838
3a2ee011
ac60c576
90a23777
1f020fe4
03106c4d
9f8bc302
d978d413
42c24650
50048049
32770d4e
db129e6f
ac0d777c
420bd805
13bab05a
87d4b28b
06788f68
cf76ef81
91637826
c959ec67
1ffb3a14
292202bd
fb7ef0b2
1e0ee803
8c5be380
37710db9
a36765fe
748e015f
135bb7ac
eb0bcc75
83cfe40a
60bb547b
d5a2a298
dd59baf1
5d9036d6
86a0bd57
d46b5044
7cbe152d
d530ea62
d709d7f3
47ef2cb0
c093d729
dd374aae
f9e0004f
f09263dc
20e9bce5
793163ba
0246526b
4ecfe1c8
4dfe4261
a5820186
4875aa47
6de55274
e37ba39d
efecb012
0558a3e3
ad3f21e0
1373dc99
0ce1bb5e
0be79b3f
b4a47c0c
051ca955
758a2f6a
bc44ac5b
7f234cf8
634b85d1
da93d836
0c97b337
28bc40a4
56b1ae0d
f7bd41c2
43aa4bd3
eacec310
e7d81e09
1421b80e
c143d22f
7345003c
84db91c5
3b45471a
f045624b
827fe428
26e88541
fae0bae6
3e85d827
7c031ad4
5377347d
316d9f72
b66dcfc3
55e11040
f5479b79
397240be
9653a51f
12e6f06c
c91d7635
7d8daaca
0197743b
b388a758
da3c40b1
4143a996
a77f1917
498ce104
4aa336ed
2a88c922
fbd22fb3
9a790970
630954e9
d80e556e
5d36140f
7cbd4c9c
a69956a5
904e5a7a
4549e22b
dba09688
666db821
d557a446
5e827607
0dec9334
10ccb55d
6959bed2
1bc66ba3
eb59aea0
38244a59
0ff0f61e
2dca1eff
ccbb14cc
0dc63315
1832562a
f22bac1b
62eab1b8
cc63eb91
7b77aaf6
b84eeef7
10753164
4e4aafcd
1ceb8082
77f98393
3205ffd0
cb5f7bc9
75d522ce
55aec5ef
819348fc
7adb0b85
baa49dda
10cbd20b
8049f8e8
94c5db01
44bebda6
376383e7
9339bb94
ef34263d
cd090e32
bbda7783
3ec0fd00
3341e939
c335db7e
484308df
acb8e92c
65cedff5
cdd0318a
6b7953fb
69616c18
3ffa8671
3f07dc56
7bff34d7
030d31c4
936018ad
0a3d67e2
cc984773
f88da630
b61292a9
864e202e
8ea5e7cf
225ef55c
b258b065
08a0113a
7e4331eb
82940b48
b628ede1
24ee0706
342101c7
278293f4
fe65871d
1dd38d92
b921f363
8d2efb60
39d87819
d218f0de
b7b662bf
a9786d8c
1fef7cd5
32bf3cea
66f86bdb
8f04d678
b7381151
0dcc3db6
0b87eab7
52ece224
879b718d
b9d67f42
aa267b53
a127fc90
b45a9989
ee514d8e
481379af
2bb851bc
b9ca4545
d498b49a
d52801cb
e096cda8
4acef0c1
1dbd8066
9bb2efa7
925f1c54
8a18d7fd
a9113cf2
d214df43
7fbba9c0
9b1ff6f9
0772363e
aa1c2c9f
e591a1ec
46e009b5
e757784a
fa20f3bb
87ecf0d8
30548c31
359ccf16
5be11097
ddac4284
d4b4ba6d
7f0ec6a2
5d1c1f33
4aed02f0
536f9069
deb6aaee
1def7b8f
96375e1c
b9e7ca25
84e687fa
78f241ab
846a4008
4eefe3a1
a30529c6
91114d87
476754b4
1a0618dd
481a1c52
612b3b23
2b7f0820
a25065d9
7a19ab9e
a96c667f
af9c864c
a1588695
97f0e3aa
566aeb9b
f431bb38
2587f711
d0519076
3e02a677
2ce352e4
6063f34d
393e3e02
cdf13313
80f4b950
1c897749
d456384e
0831ed6f
86741a7c
97693f05
8be18b5a
e919f18b
44266268
3ac3c681
f49d0326
13341b67
66333d14
71e549bd
60462bb2
5cdd0703
11911680
96a1c4b9
8ce750fe
9b9f105f
82311aac
b210f375
fce37f0a
c94e537b
5feb3598
8d0a51f1
c3c281d6
5ee4ac57
762a1344
4c611c2d
53bce562
811db6f3
3a571fb0
94e04e29
9807f5ae
5ad2cf4f
4d0686dc
f306a3e5
67e1beba
c117116b
e1e334c8
02829961
1e5d0c86
fd135947
ba5ad574
916e6a9d
e2ed6b12
57a242e3
1f09d4e0
bb4c1399
eeb3265e
c2ac2a3f
03e75f0c
b7c15055
da874a6a
bc432b5b
43315ff8
d9139cd1
c1c7a336
477f2237
9b1883a4
f664350d
c5e2bcc2
9719aad3
da2c3610
3dac1509
3ea3e30e
c5ca212f
6686a33c
2977f8c5
a33f221a
b861a14b
0bb8b728
16645c41
f81d45e6
05a70727
bb761dd4
b4597b7d
4d67da72
7ff2eec3
ad014340
4f875279
9a552bbe
bc8bb41f
0757536c
ad219d35
013445ca
b4c1733b
021c3a58
f7dbd7b1
4838f496
5cca0817
2946a404
f8253ded
1307c422
cc5d0eb3
2f8bfc70
9424cbe9
2902006e
550fe30f
7b8c6f9c
53753da5
d451b57a
a271a12b
5bbee988
62a10f21
25b5af46
bfe72507
8d1d1634
525e7c5d
a90d79d2
a0470aa3
808f61a0
8e8b8159
d6a5611e
8335adff
8b18f7cc
48e9da15
4d42712a
54412b1b
ecc3c4b8
539b0291
a0ee75f6
dfbd5df7
5a4c7464
275c36cd
4a83fb82
795fe293
758e72d0
118272c9
03fa4dce
709c14ef
60afebfc
45b67285
9d7178da
6ebf110b
580dcbe8
4f70b201
16fe48a6
9acbb2e7
fee7be94
1f356d3d
8b364932
1f169683
cacc3000
af90a039
367bc67e
6ca217df
b9c44c2c
fdd206f5
a709cc8a
583a52fb
3f3fff18
d2891d71
e1c02756
ed5123d7
13c1f4c4
95c11fad
07af62e2
929a2673
534b9930
2afd09a9
c864cb2e
dc66b6cf
1689185c
90f39765
acf66c3a
28c1f0eb
72bd5e48
c10b44e1
07cf1206
e14cb0c7
8c6e16f4
0a964e1d
153a4892
fed99263
28cfae60
e5ceaf19
98b05bde
2ac8f1bf
e9f1508c
fa9223d5
02e257ea
9a24eadb
21a8e978
d6de2851
ec8608b6
7e7d59b7
e73f2524
910bf88d
71e1fa42
a883da53
dbdb6f90
51cc9089
bb19788e
b867c8af
c9aff4bc
81e4ac45
bd388f9a
f7f240cb
09e5a0a8
17a8c7c1
00000b66
ba621ea7
5d481f54
40391efd
f47177f2
de07fe43
a3b1dcc0
607dadf9
281b213e
cba23b9f
9e3804ec
29e230b5
6124134a
0f78f2bb
a81683d8
3ed22331
6f181a16
6839ff97
125c0584
a2f4c16d
3c73c1a2
e794fe33
8e55f5f0
f3290769
6cf055ee
80974a8f
d2bc811c
2141b125
948fe2fa
1fc800ab
679e9308
2f813aa1
d36934c6
2903fc87
450dd7b4
27d5dfdd
6233d752
f719da23
b08abb20
4ad59cd9
5b94169e
b925f57f
8530694c
327a2d95
ce26feaa
c9ae6a9b
d2a0ce38
649d0e11
e34e5b76
5b7f1577
7eb095e4
91337a4d
a6bcb902
18459213
55d32c50
784a6e49
bac1634e
0ced3c6f
b646bd7c
33c2a605
0554665a
ffbb308b
c2003568
60cc9d81
21e28e26
0c2a4a67
c3574014
652490bd
23d966b2
20872603
30724980
cc0e7bb9
f5f33bfe
b94c1f5f
79727dac
77121a75
62431a0a
f63d527b
8d5fc898
1e76e8f1
8f00ccd6
e5449b57
c1d4d644
5d80232d
7c14e062
9f0d95f3
896b12b0
4668c529
cd64a0ae
91619e4f
24e6a9dc
3a1f8ae5
edde19ba
1343d06b
3b2287c8
7fc2f061
57441786
1ecd0847
03bc5874
d7dd319d
8aba2612
ccc7e1e3
708087e0
07604a99
0610915e
ee0cb93f
8196420c
1661f755
41d0656a
de9daa5b
b06b72f8
be97b3d1
84076e36
6e829137
1d60c6a4
4592bc0d
13d437c2
7c6509d3
ec35a910
bebc0c09
19b20e0e
9dec702f
fb34463c
71105fc5
3884fd1a
f1d9e04b
e11d8a28
dc9c3341
ab65d0e6
f7e43627
ddd520d4
9bb7c27d
742e1572
0a540dc3
29cd7640
1c030979
e6c416be
d55fc31f
d033b66c
eb21c435
9d26e0ca
e847723b
ffdbcd58
13376eb1
a03a3f96
3c30f717
7eec6704
c32344ed
5152bf22
4cc3edb3
ad4aef70
3e7c42e9
6081ab6e
1e85b20f
41c7929c
d14d24a5
dba1107a
4ef5602b
ae093c88
43906621
221fba46
0a67d407
d5399934
086c435d
498d34d2
83a3a9a3
817114a0
252eb859
3ee5cc1e
493d3cff
c3e2dacc
8c098115
b09e8c2a
94b2aa1b
2bc8d7b8
668e1991
8d7140f6
6f47ccf7
800fb764
8be9bdcd
a3e87682
48a24193
67c2e5d0
1ee169c9
aeab78ce
5b2563ef
2d388efc
0f8dd985
d98a53da
fa0e500b
87fd9ee8
fcd78901
8b49d3a6
a54fe1e7
1981c194
b1b2b43d
002f8432
7f2eb583
08836300
3a1b5739
014db17e
7f9d26df
e73baf2c
4bd12df5
c48f678a
815751fb
d04a9218
7ed3b471
c1847256
04bf12d7
6662b7c4
919e26ad
06ed5de2
44780573
22b58c30
b52380a9
5d07762e
f7c385cf
1e1f3b5c
9c8a7e65
4098c73a
de9cafeb
4112b148
cca99be1
82bc1d06
f3945fc7
864599f4
6743151d
196d0392
df6d3163
bc1c6160
6e00e619
6cd3c6de
0a7780bf
f0d6338c
3930cad5
2d5172ea
67ad69db
7578fc78
9e403f51
7e4bd3b6
d58ec8b7
237d6824
01f87f8d
01b97542
b0bd3953
513ae290
527a8789
106da38e
f45817af
a11397bc
a4fb1345
2b246a9a
04187fcb
976073a8
f33e9ec1
704e9666
fc2d4da7
a31d2254
34d565fd
a29db2f2
22d71d43
05540fc0
d01764f9
0c500c3e
d7c44a9f
c34a67ec
1ee057b5
4b3cae4a
1d2cf1bb
8f6c16d8
830bba31
d19f6516
96aeee97
54f7c884
46b0c86d
a7a4bca2
99e9dd33
d26ae8f0
441e7e69
b9b600ee
acdb198f
6eada41c
11979825
bf853dfa
8df9bfab
34fee608
2cce91a1
87d93fc6
a212ab87
a3a05ab4
6221a6dd
35199252
63e47923
b9426e20
6b96d3d9
b69a819e
317b847f
6d304c4c
8397d495
8aa919aa
934de99b
7e3be138
676e2511
95572676
d9178477
4469d8e4
057f014d
98073402
a875f113
f15d9f50
d3476549
95b88e4e
d9448b6f
6b85607c
87180d05
3013415a
bbb86f8b
b0060868
b1917481
c9341926
a43c7967
67674314
72dfd7bd
f638a1b2
590d4503
18ff7c80
47b732b9
8e8b26fe
bd952e5f
291fe0ac
aa0f4175
63eeb50a
d788517b
8e005b98
019f7ff1
6f4b17d6
09c08a57
e76b9944
201b2a2d
fe38db62
20d974f3
652b05b0
452d3c29
2d4d4bae
8d8c6d4f
a832ccdc
663471e5
bb2674ba
e8cc8f6b
8a8ddac8
35bf4761
00372286
9da2b747
7a09db74
26c7f89d
9752e112
54c980e3
d1a33ae0
67b08199
02f9fc5e
7e09483f
5db1250c
90fe9e55
5b65806a
1354295b
f6d185f8
83d7cad1
d1533936
71a20037
df9509a4
b43d430d
9191b2c2
e38c68d3
50eb1c10
db080309
554c390e
39aabf2f
614de93c
cba4c6c5
ab16d81a
8cae1f4b
32ae5d28
e9900a41
c4ba5be6
053d6527
132023d4
7992097d
55c05072
45912cc3
fc45a940
cabac079
cebf01be
d0cfd21f
9d7c196c
f31deb35
01657bca
8c29713b
dcc76058
9c4f05b1
f9478a96
35b3e617
7a7e2a04
1b9d4bed
9569ba22
6d06ccb3
43b5e270
d20fb9e9
2e8d566e
a997810f
ff6eb59c
90210ba5
563c6b7a
3ad51f2b
027f8f88
793bbd21
7a95c546
2e048307
16421c34
a2f60a5d
fad8efd2
b5dc48a3
1dfec7a0
6c0def59
f8b2371e
6fe0cbff
a718bdcc
47252815
f246a72a
a380291b
4ff9eab8
753d3091
f1000bf6
56ee3bf7
b1befa64
ebf344cd
d918f182
d5c0a093
38a358d0
637c60c9
25e8a3ce
054ab2ef
172d31fc
48614085
1eef2eda
a2b98f0b
401971e8
0cfa6001
51a15ea6
46f010e7
1307c494
16abfb3d
dbf4bf32
cc22d483
27e69600
42e20e39
d3ab9c7e
713435df
651f122c
bfcc54f5
d661028a
d6d050fb
4c812518
b4da4b71
8e54bd56
b24901d7
2aef7ac4
f6f72dad
b7f758e2
d231e473
96cb7f30
c485f7a9
f436212e
d0bc54cf
69215e5c
451d6565
7387223a
8fd36eeb
1d940448
4903f2e1
45b52806
5af80ec7
45091cf4
846bdc1d
da6bbe92
4adcd063
77151460
426f1d19
fe8331de
46c20fbf
ee27168c
4bcb71d5
620c8dea
bf91e8db
ba750f78
7d5e5651
731d9eb6
00bc37b7
37a7ab24
4a61068d
195cf042
b2d29853
31465590
26647e89
9e4dce8e
ebe466af
e1e33abc
930d7a45
ce5c459a
e99abecb
b90746a8
4d9075c1
1ea92166
51147ca7
93de2554
d7edacfd
6395edf2
90823c43
d4a242c0
59ed1bf9
6410f73e
be82599f
84c8caec
95da7eb5
55a1494a
133cf0bb
6deda9d8
6d015131
0d32b016
d73fdd97
d57f8b84
2fe8cf6d
70a1b7a2
641abc33
472bdbf0
b64ff569
7507abee
92bae88f
9a0ac71c
fae97f25
b5c698fa
b3877eab
1c8b3908
b6d7e8a1
70554ac6
ec3d5a87
931eddb4
38e96ddd
70cb4d52
978b1823
75a62120
74940ad9
3b2cec9e
026d137f
979c2f4c
04b17b95
7d7734aa
a349689b
2702f438
9dfb3c11
966bf176
a6cbf377
ae0f1be4
2d46884d
bd1daf02
6e825013
83941250
9d805c49
153bb94e
5d37da6f
d630037c
01697405
bc1e1c5a
0d11ae8b
3e37db68
9d124b81
9a91a426
cb6aa867
82634614
0b171ebd
8763dcb2
f66f6403
fb38af80
799be9b9
06af11fe
987a3d5f
c13943ac
bb086875
b1e6500a
5d2f507b
91ccee98
a68416f1
14a162d6
bc587957
16ee5c44
0432312d
8a28d662
f68153f3
fd96f8b0
012db329
67c1f6ae
3f533c4f
06eaefdc
e74558e5
7fbacfba
31b14e6b
00252dc8
94779e61
c9362d86
69946647
4d435e74
ee2ebf9d
b8b79c12
dfa71fe3
7271ede0
4c3cb899
956f675e
62a1d73f
c838080c
97974555
d7469b6a
4a66a85b
466398f8
98d3e1d1
59ab0436
40dd6f37
11b54ca4
b263ca0d
ef1b2dc2
bc8fc7d3
384c8f10
028ffa09
a172640e
89050e2f
c8d38c3c
a9352dc5
aaf4b31a
78de5e4b
306b3028
ad3fe141
f41ae6e6
1db29427
8b5726d4
bde8507d
a21e8b72
21aa4bc3
5469dc40
cbae7779
0245ecbe
9edbe11f
9f307c6c
35161235
ddf016ca
9067703b
c8def358
03229cb1
0360d596
3952d517
4bfbed04
719352ed
8f4cb522
1d25abb3
22ccd570
bedf30e9
4325016e
e645500f
e481d89c
fff0f2a5
f423c67a
5610de2b
8921e288
73a31421
df17d046
1abd3207
80369f34
91fbd15d
6cf0aad2
26f0e7a3
86387aa0
d3292659
b40aa21e
e7205aff
64baa0cc
ea3ccf15
c23ac22a
70a9a81b
8956fdb8
efa84791
7b9ad6f6
86b0aaf7
1f5a3d64
b778cbcd
9a156c82
10baff93
182fcbd0
4f5357c9
19b1cece
5f0c01ef
4e8dd4fc
6030a785
1da009da
58c0ce0b
b06144e8
efd93701
1a04e9a6
6fac3fe7
1b79c794
be21423d
ce85fa32
f5f2f383
58f5c900
39e4c539
5d95877e
316744df
636e752c
c9c37bf5
8c7e9d8a
48a54ffb
e3e3b818
e49ce271
f8310856
e5eef0d7
91683dc4
35cc34ad
cacd53e2
2bc7c373
df8d7230
c9246ea9
3df0cc2e
575123cf
278f815c
faac4c65
f5c17d3a
2c662deb
38415748
a61a49e1
00ba3306
0777bdc7
f8b89ff4
d210a31d
08367992
31286f63
89b9c760
d3195419
fdbe9cde
cfa89ebf
11e3f98c
a26218d5
5113a8ea
91d267db
209d2278
e4386d51
7afb69b6
f005a6b7
53bdee24
da458d8d
68cc6b42
9ec3f753
abfdc890
3d8a7589
14b9f98e
8f0cb5af
bc1eddbc
bc1be145
56e0209a
9878fdcb
9eda19a8
969e4cc1
bb0fac66
a917aba7
5f8b2854
9981f3fd
e75a28f2
17095b43
419c75c0
6dfed2f9
df5de23e
6fdc689f
12b32dec
fed0a5b5
3051e44a
e1a8efbb
739b3cd8
6cb2e831
d1d1fb16
19eccc97
c3f34e84
ce9cd66d
476ab2a2
36279b33
1c98cef0
b9bd6c69
4ee556ee
2236b78f
84d3ea1c
4d376625
2753f3fa
80713dab
4e438c08
3d9d3fa1
3cdd55c6
f7840987
438960b4
1c2d34dd
c5490852
820db723
15b5d420
d5cd41d9
994b579e
1bfaa27f
3474124c
25c72295
56914faa
e9a0e79b
fcf60738
78445311
968cbc76
b49c6277
eba05ee4
788a0f4d
c6002a02
5a6aaf13
3c768550
46f55349
e94ae44e
88c7296f
2646a67c
12b6db05
5974f75a
e3c6ed8b
9c95ae68
934f2281
45fb2f26
71b4d767
444b4914
9dca65bd
875b17b2
e8ad8303
071de280
d1bca0b9
0e5efcfe
39fb4c5f
71bea6ac
19fd8f75
fc29eb0a
77324f7b
c8c58198
7d24adf1
2f03add6
ed0c6857
805d1f44
79c5382d
cfe4d162
100532f3
82aeebb0
ea6a2a29
2cc2a1ae
96b60b4f
710f12dc
2d523fe5
eb9b2aba
ddf20d6b
cbe880c8
0bebf561
62413886
72a21547
ad68e174
9e11869d
9ee85712
5d60bee3
82eca0e0
2504ef99
6d70d25e
8bd6663f
f12aeb0c
9a2bec55
6573b66a
73d5275b
cf21abf8
6d8bf8d1
cd0ecf36
cc34de37
e3c18fa4
b006510d
dc70a8c2
f76f26d3
d25a0210
a553f109
ae248f0e
7bfb5d2f
61c52f3c
79c194c5
e81e8e1a
a66a9d4b
0a540328
97abb841
e98771e6
3143c327
767a29d4
d8ba977d
0948c672
8e9f6ac3
623a0f40
8ede2e79
3158d7be
2f83f01f
0550df6c
210a3935
e2c6b1ca
e5016f3b
f4228658
b7b233b1
6e862096
370dc417
2365b004
350559ed
eefbb022
4d208ab3
7a8fc870
74eaa7e9
4e48ac6e
c48f1f0f
2100fb9c
90bcd9a5
6557217a
90a89d2b
71f03588
a2c66b21
ffa5db46
c091e107
43172234
457d985d
4fd465d2
c6e186a3
ea1e2da0
ca805d59
20ef0d1e
9efbe9ff
2cc883cc
e5507615
d07add2a
ec2f271b
07e010b8
45cf5e91
dd41a1f6
ee8f19f7
f8e18064
5e7a52cd
96dde782
e9915e93
36683ed0
52664ec9
3a06f9ce
586950ef
035a77fc
c6fc0e85
859ce4da
0c240d0b
08d517e8
15740e01
947474a6
0f846ee7
62d7ca94
1812893d
87e33532
ec9f1283
cbb0fc00
8f237c39
4f0b727e
b03653df
1229d82c
d9b6a2f5
96e8388a
c6d64efb
c6724b18
7e1b7971
af195356
8fb0dfd7
c9cd00c4
be1d3bad
ef6f4ee2
4139a273
2cfb6530
32fee5a9
ea37772e
7b81f2cf
8969a45c
2d373365
7747d83a
a454eceb
c11aaa48
53eca0e1
63cb3e06
e9136cc7
d15422f4
c0316a1d
52cd3492
82500e63
240a7a60
8fff8b19
1a8607de
952b2dbf
8c0cdc8c
acf4bfd5
aa66c3ea
ce6ee6db
d7f13578
42ce8451
45e534b6
936b15b7
a7c03124
21a6148d
a007e642
64915653
f1613b90
07ec6c89
23b2248e
cdd104af
5fc680bc
90264845
74affb9a
00b33ccb
78d8eca8
3e6823c1
f5823766
f436daa7
36242b54
e9923afd
ddea63f2
a66c7a43
7c42a8c0
7c4c89f9
2e36cd3e
dbd2779f
9d0990ec
c9c2ccb5
8b4e7f4a
7870eebb
d074cfd8
f2207f31
cf7d4616
4eb5bb97
50531184
92ccdd6d
dbffada2
00107a33
82b1c1f0
be66e369
f74f01ee
4b4e868f
5f090d1c
78814d25
c42d4efa
e4b6fcab
fa27df08
311e96a1
9d7160c6
b3e6b887
e4dfe3b4
7becfbdd
e292c352
136c5623
c9718720
ff4278d9
80f5c29e
6e24317f
73b7f54c
56d8c995
c5f76aaa
5654669b
30151a38
66496a11
45b98776
f288d177
2d1da1e4
5749964d
62aea502
5c2f0e13
4c04f850
3fa64a49
c1e60f4e
4bf2786f
8bc9497c
2b004205
b817d25a
2fd82c8b
fb1f8168
0447f981
7b70ba26
871b0667
dd1f4c14
9af9acbd
a61e52b2
1fc7a203
6caf1580
c01957b9
559ae7fe
92185b5f
6ab009ac
36eeb675
f2b9860a
15914e7b
62ea1498
f58144f1
6e71f8d6
8bdc5757
53b7e244
f0d43f2d
7f6ccc62
5d6511f3
2472deb0
70e2a129
2c4f4cae
83b4da4f
169f35dc
a85b26e5
aec785ba
dd8ecc6b
1dd7d3c8
0c1c4c61
7b584386
a8cbc447
ca7a6474
a6704d9d
f9e51212
bdf65de3
331353e0
62092699
3afe3d5e
e9a6f53f
0889ce0c
08bc9355
b5ecd16a
7f9fa65b
c10bbef8
72000fd1
db7e9a36
03a84d37
85b9d2a4
1d24d80d
099223c2
842a85d3
4f137510
3353e809
2b62ba0e
028dac2f
5c22d23c
ad49fbc5
1294691a
0552dc4b
f068d628
18d38f41
54fffce6
2ff0f227
04892cd4
3a08de7d
3b3f0172
7c7089c3
55b64240
8449e579
0bf7c2be
72c7ff1f
ffdd426c
26fa6035
bfe94cca
79f76e3b
8e921958
29fdcab1
eab76b96
1ee4b317
30bb7304
d5f360ed
6476ab22
ecf769b3
7afebb70
64321ee9
fff8576e
3474ee0f
e4ec1e9c
b284c0a5
59d67c7a
da9c5c2b
ecea8888
76a5c221
8c3fe646
0f829007
8ee3a534
2d7b5f5d
538420d2
85ae25a3
79afe0a0
c2139459
ef5f781e
877378ff
2f4266cc
a8601d15
cd06f82a
0610a61b
fb9523b8
e7b27591
c5f46cf6
7e8988f7
6e54c364
50f7d9cd
7f726282
5043bd93
c34cb1d0
dcb545c9
36e824ce
e1629fef
65931afc
ecc37585
06e5bfda
ace34c0b
7974eae8
edcae501
70efffa6
16789de7
1921cd94
947fd03d
b80c7032
a0273183
b0182f00
b29e3339
580d5d7e
dda162df
a1513b2c
5fa5c9f5
a59dd38a
41634dfb
242cde18
f1561071
630d9e56
9f8eced7
041dc3c4
ffea42ad
d5dd49e2
02878173
af155830
72155ca9
a90a222e
2d4ec1cf
beafc75c
4cbe1a65
a81a333a
e79fabeb
e81ffd48
c27af7e1
1ee84906
efcb1bc7
fedba5f4
bece311d
6a2fef92
2e53ad63
76072d60
e921c219
04d972de
8749bcbf
8ca1bf8c
db8366d5
1e05deea
656765db
10714878
09209b51
83daffb6
daec84b7
63ae7424
90829b8d
6f0f6142
f43ab553
3170ae90
f58a6389
7b364f8e
983153af
fcda23bc
7f2caf45
d7cbd69a
12497bcb
7703bfa8
b4edfac1
7e00c266
227209a7
47a92e54
381e81fd
f7469ef2
2eab9943
b494dbc0
f4d640f9
009bb83e
f264869f
53cbf3ec
66b0f3b5
16971a4a
c794edbb
b47a62d8
6d4a1631
b6349116
659aaa97
aa9ed484
ec78e46d
de60a8a2
b1d55933
a976b4f0
344c5a69
1e44acee
fe02558f
58aa301c
ecc73425
3c52a9fa
d058bbab
50383208
015beda1
42116bc6
11656787
a72266b4
c828c2dd
78a87e52
3ba6f523
c0d93a20
60f3afd9
a22c2d9e
e8e9c07f
8567d84c
07e67095
7ba985aa
d963e59b
f0602d38
d80a8111
53f25276
50914077
a286e4e4
39851d4d
43292002
63cf6d13
e23f6b50
f7934149
4f0d3a4e
96b9c76f
36b7ec7c
ba45a905
8806ad5a
e1456b8b
89d55468
5ffcd081
eaf24526
fb9d3567
7cdf4f14
72a4f3bd
93ad8db2
8bbdc103
5bec4880
b4b20eb9
8c62d2fe
90d16a5f
dc0d6cac
81dbdd75
4595210a
284c4d7b
903aa798
7f99dbf1
82ec43d6
88c84657
c0fea544
d95f462d
48c0c762
cea0f0f3
12e2d1b0
04971829
1667f7ae
f64fa94f
279b58dc
c8600de5
793fe0ba
20878b6b
25f326c8
0508a361
c47b4e86
fc117347
d477e774
774b149d
79adcd12
f167fce3
b2e606e0
73495d99
ae17a85e
6c13843f
3e54b10c
53493a55
78b1ec6a
5dc6255b
4c21d1f8
163026d1
34fa6536
d737bc37
279e15a4
69bf5f0d
267f9ec2
52c1e4d3
de78e810
1c8fdf09
c92ce50e
0cbbfb2f
e7ec753c
b3ce62c5
da56441a
85971b4b
12a9a928
a0b76641
e68487e6
09ba2127
65842fd4
51d3257d
e8013c72
db1da8c3
5ede7540
1bf19c79
4222adbe
58a80e1f
bed5a56c
b6e68735
2557e7ca
3f496d3b
c82dac58
ca0561b1
27f4b696
e0d7a217
a3fd3604
c45d67ed
9fbda622
ecaa48b3
5419ae70
fcb595e9
0834026e
25f6bd0f
6043419c
d548a7a5
81a1d77a
23ec1b2b
2a10db88
5f411921
34e5f146
f78f3f07
939c2834
b9f5265d
27ffdbd2
5356c4a3
64ed93a0
29e2cb59
cf5be31e
908707ff
9c2849cc
a36bc415
67df132a
ae4e251b
947636b8
45518c91
e5b337f6
269ff7f7
afb40664
fef160cd
03d2dd82
34d21c93
eedd24d0
5e403cc9
c0554fce
e9f7eeef
a537bdfc
4186dc85
517a9ada
2afe8b0b
3240bde8
e8ddbc01
5f778aa6
7488cce7
6e57d094
a369173d
0f01ab32
008b5083
362b6200
1454ea39
289b487e
a9a871df
40e49e2c
cb90f0f5
689f6e8a
a84c4cfb
2d137118
ae4ca771
c40de956
0588bdd7
705a86c4
6b3349ad
2e1744e2
5fb16073
95db4b30
f667d3a9
2a68cd2e
5cb790cf
f761ea5c
c9410165
38388e3a
e6466aeb
dd515048
61c54ee1
e2115406
0b9ecac7
b14f28f4
3de6f81d
fe5eaa92
25334c63
afafe060
4e7ff919
6cb8ddde
96044bbf
43a2a28c
9e0e0dd5
5bf0f9ea
46bbe4db
fa1d5b78
a72eb251
e4dccab6
b689f3b7
b788b724
96db228d
85e2dc42
3dc01453
9c2c2190
76645a89
cb467a8e
de2da2af
c359c6bc
f92f1645
3033b19a
bd3bbacb
c95a92a8
6a2fd1c1
048b4d66
23c938a7
c41a3154
f526c8fd
e36ed9f2
9fc6b843
1a930ec0
479bf7f9
068ca33e
a392959f
66fa56ec
459b1ab5
822bb54a
bf14ecbb
4fabf5d8
4e2fad31
35f7dc16
4e9b9997
02d69784
4ba0eb6d
fe8da3a2
3b763833
c0e7a7f0
8b6dd169
73c657ee
2a52248f
a1b7531c
1a091b25
3fc404fa
33567aab
80748508
1e5544a1
dabd76c6
00001687
ba50e9b4
70e089dd
378a3952
eabd9423
2beced20
6ae0e6d9
acee989e
7c4b4f7f
9983bb4c
a8f01795
27a7a0aa
62cf649b
6dd74038
3d879811
71371d76
beb5af77
7bdc27e4
8f3ca44d
176f9b02
614bcc13
2f25de50
debc3849
40c0654e
591d166f
57128f7c
30871005
7941885a
e80eaa8b
78b72768
166da781
447fd026
bf3b6467
538b5214
94cc3abd
0008c8b2
1c8fe003
04d57b80
1f86c5b9
62b6bdfe
2626795f
f5d6cfac
6ac50475
a4bcbc0a
9f634c7b
80b73a98
8b6e72f1
1c728ed6
d3d03557
f8316844
a3664d2d
dbe0c262
53b8cff3
7dfec4b0
15878f29
9b0ca2ae
de86784f
d4037bdc
fd60f4e5
fb043bba
96dc4a6b
143a79c8
66b0fa61
edaa5986
5c732247
fb616a74
80a1db9d
ce428812
e7b59be3
3264b9e0
c8c59499
76bd135e
031c133f
c28b940c
e9d1e155
5dc3076a
fe48a45b
a063e4f8
ca1c3dd1
89823036
36e32b37
f96e58a4
05d5e60d
e33919c2
533543d3
b08a5b10
d107d609
3783100e
8a864a2f
3522183c
fd4ec9c5
ef641f1a
17375a4b
a1167c28
9f573d41
4e1512e6
ae9f5027
c96b32d4
90196c7d
bf8f7772
9aa6c7c3
adb2a840
c5d55379
83d998be
d1241d1f
723a086c
40ceae35
c31282ca
24f76c3b
d0f53f58
07c8f8b1
d63e0196
6ce69117
ad2af904
70436eed
50d0a122
3c3927b3
35e0a170
ae750ce9
16fbad6e
89148c0f
c306649c
69088ea5
8cb9327a
5c97da2b
59632e88
cc987021
a997fc46
68b7ee07
8140ab34
5aeaed5d
7d4796d2
1fdb63a3
dbd746a0
71ee0259
70e44e1e
aa3696ff
a37a2ccc
46736b15
51032e2a
d4e7a41b
028349b8
ceaca391
ec7e02f6
d6d266f7
ecff4964
d866e7cd
d3ff5882
873c7b93
e91997d0
470733c9
864e7ace
62293def
f24860fc
35464385
155b75da
7675ca0b
633890e8
76ac9301
100b15a6
19b4fbe7
9279d394
b4ce5e3d
3cc2e632
fdcb6f83
8dea9500
2447a139
70b5337e
044b80df
20e4012c
8d7817f5
8fed098a
eb914bfb
11260418
24ff3e71
821a3456
b19eacd7
3e8349c4
6ff850ad
a81d3fe2
48b73f73
114d3e30
2ff64aa9
1e53782e
f9bc5fcf
63800d5c
12bfe865
d7a2e93a
904929eb
d0aea348
a1cba5e1
5d465f06
2c8e79c7
18aeabf4
ad7bbf1d
bf596592
56eeeb63
01049360
301a3019
022448de
b15adabf
e10f858c
6494b4d5
142814ea
626c63db
c4f56e78
8cf8c951
18ea95b6
164362b7
d34efa24
a4afa98d
94825742
31217353
61939490
fa7a5189
c3e2a58e
8fc5f1af
e34569bc
6e2d7d45
2de78c9a
f189f9cb
9fdd65a8
ce2da8c1
3921d866
e83c67a7
db773454
90ab0ffd
526314f2
e9bdd743
de3d41c0
e49daef9
f0098e3e
df5ca49f
0694b9ec
d68141b5
7e0c504a
4ef0ebbb
d20988d8
04d14431
fec72716
f9b88897
88fa5a84
2044f26d
ec869ea2
8cf31733
f9049af0
33cb4869
a7d402ee
c03df38f
6a30761c
70470225
7e815ffa
fdb039ab
badcd808
f80a9ba1
177581c6
6fb6c587
4e6b6cb4
e61450dd
cf37f452
10b03323
3aaca020
8d0a1dd9
513d039e
1848de7f
e00b9e4c
a9f5be95
79f1bbaa
e296e39b
d87a5338
06c0af11
4d87e876
2cf61e77
e91d6ae4
c8702b4d
8f821602
44a42b13
62b85150
65212f49
46ff904e
831c656f
1cd9327c
fdc47705
3bc8635a
3433e98b
f7c4fa68
979a7e81
38195b26
c1f59367
91235514
716f81bd
9b3003b2
c23dff03
976aae80
70977cb9
8896a8fe
4217885f
e80c32ac
61aa2b75
c030570a
6ad64b7b
645fcd98
88ff09f1
eb04d9d6
5cf42457
29502b44
bee9542d
e8ccbd62
dcacaef3
95c6b7b0
13b40629
6a3d4dae
2c59474f
4bd79edc
b75ddbe5
e41496ba
308d096b
18adccc8
a1155161
a6e56486
b9f0d147
6f36ed74
3274a29d
a7a34312
90df3ae3
e18f6ce0
d27dcb99
44ee7e5e
9ec0a23f
c52e770c
3c568855
1520226a
5127235b
edd1f7f8
fdc454d1
8915fb36
12aa9a37
2b2a9ba4
61686d0d
efbe94c2
7584a2d3
f547ce10
c0bbcd09
26653b0e
6bec992f
73c3bb3c
f9cb30c5
01bdfa1a
aa33994b
cbaf4f28
84b31441
3bb19de6
0ea07f27
603e35d4
64dbb37d
71e9b272
ab0be6c3
7232db40
f1f50a79
811c83be
cc3c2c1f
4a0a6b6c
34b2d535
49191dca
1b016b3b
d8e8d258
53488fb1
a5934c96
b3118017
7c44bc04
49a575ed
27af9c22
cba406b3
50539470
e97083e9
dc4f586e
4dce5b0f
3d35879c
ddc475a5
2b1c8d7a
749f992b
aae18188
2eabc721
9a560746
52fc9d07
87d12e34
805cb45d
035b51d2
db3c02a3
0e6cf9a0
0a353959
83f8b91e
c48225ff
75380fcc
01771215
3873492a
69dd231b
75bc5cb8
f3c3ba91
8a54cdf6
7f20d5f7
56368c64
4d586ecd
9ff7d382
3782da93
e2020ad0
070a2ac9
38d3a5ce
39f68cef
7cc503fc
3801aa85
028850da
7f49090b
3c5c63e8
07376a01
32aaa0a6
f5fd2ae7
b587d694
38afa53d
f1502132
87e78e83
e755c800
52765839
e05b1e7e
dd8a8fdf
714f642c
155b3ef5
cb86a48a
fb324afb
00649718
c56dd571
4d327f56
93d09bd7
9e980cc4
7e3957ad
f3ef3ae2
ad991e73
516b3130
8ec0c1a9
34ca232e
f45d2ecf
330a305c
993acf65
3659443a
d5a7e8eb
f237f648
f28dfce1
40876a06
429a28c7
64fa2ef4
7d8c861d
5d202092
b3868a63
9a054660
fdf06719
751bb3de
c94d69bf
94e8688c
9f175bd5
f6ab2fea
a878e2db
a0f98178
2a7ee051
d00460b6
ea18d1b7
e7013d24
2a00308d
4aedd242
be5ed253
b1a70790
f1cc4889
150ad08e
9cfa40af
8c9d0cbc
4e27e445
80e7679a
9f3438cb
2a8c38a8
50e77fc1
cbc46366
5fcb96a7
bdc03754
7aab56fd
f4234ff2
fc90f643
2f9374c0
3bdb65f9
6d12793e
95c2b39f
629b1cec
896368b5
ba38eb4a
6728eabb
6b931bd8
012edb31
c0a27216
56f17797
6d0a1d84
da64f96d
584b99a2
964bf633
81cd8df0
9d64bf69
6a6dadee
afc5c28f
e215991c
5f80e925
a88abafa
1f65f8ab
2f712b08
fe7bf2a1
a8398cc6
50897487
9371efb4
97c417dd
efb1af52
9d7ed223
1d185320
376f54d9
3f176e9e
ace26d7f
88ff814c
7af76595
2287d6aa
48ba629b
60496638
a3b5c611
98e4b376
8b528d77
1a4aade4
551fb24d
5b609102
fdd88a13
acf6c450
fac22649
11cabb4e
04b7b46f
b80bd57c
91fdde05
7f9b3e5a
b5b5288b
36fecd68
53835581
75bee626
f3cbc267
65a75814
788ec8bd
15233eb2
6cc81e03
43abe180
17e433b9
ae0293fe
d4a4975f
e2ad95ac
d68b5275
47eff20a
7aa54a7b
6b346098
e84ba0f1
9ea324d6
14341357
845aee44
9be85b2d
1f84b862
597c8df3
8a3aaab0
6f1c7d29
33f9f8ae
cfc8164f
bf17c1dc
6656c2e5
e470f1ba
dd99c86b
634d1fc8
2435a861
a02c6f86
048a8047
5ff87074
fcc3699d
b5cffe12
dce4d9e3
f0661fe0
00720299
c8abe95e
2f01313f
763d5a0c
bad72f55
4ec93d6a
4661a25b
646c0af8
21286bd1
e3b5c636
5a8e0937
ecd2dea4
ec76f40d
fc100fc2
a9b001d3
dcb14110
5babc409
45d3660e
a0eee82f
d3d15e3c
194397c5
c163d51a
2e8bd84b
c2742228
c0caeb41
5f5a28e6
19bdae27
59fd38d4
4019fa7d
af0fed72
fc4d05c3
dc5f0e40
1050c179
e9eb6ebe
39f03b1f
7646ce6c
0292fc35
676bb8ca
11676a3b
10086558
1c8426b1
45f49796
a3586f17
414a7f04
c0837ced
d45a9722
8aeae5b3
d3728770
1da7fae9
082f036e
64242a0f
fed0aa9c
a37c5ca5
0ccbe87a
5c03582b
4e8bd488
f57b1e21
b7201246
a65d4c07
d74db134
9a4a7b5d
6a3b0cd2
7578a1a3
2caeaca0
62b87059
b899241e
cf69b4ff
4161f2cc
4476b915
ce2f642a
5d2ea21b
1e216fb8
2496d191
6f3798f6
0f8b44f7
1b59cf64
cdc5f5cd
17bc4e82
35a53993
09967dd0
0e4921c9
87e4d0ce
615fdbef
74ada6fc
b9b91185
c9012bda
3578480b
edac36e8
0a7e4101
77562ba6
f96159e7
0781d994
9f0cec3d
dca95c32
8edfad83
726cfb00
0ee10f39
278d097e
25659edf
6226c72c
d33a65f5
cb6c3f8a
c72f49fb
2acf2a18
ff986c71
d556ca56
9c1e8ad7
c098cfc4
05f65ead
c18d35e2
7e56fd73
86352430
82c738a9
1dccce2e
3c99fdcf
9600535c
ccb1b665
045b9f3a
a662a7eb
71ed4948
c40c53e1
3bd47506
3dc1d7c7
c631b1f4
1e194d1d
87b2db92
2afa2963
aab1f960
28029e19
759f1ede
cddbf8bf
8f2d4b8c
bd9602d5
b37a4aea
08e161db
be299478
efc0f751
ba2a2bb6
220a40b7
229f8024
96ccb78d
59254d42
d5783153
bc667a90
cc5a3f89
6ebefb8e
f5ca8faf
ef60afbc
091e4b45
d933429a
b63a77cb
99670ba8
625d56c1
6c72ee66
7a76c5a7
9af53a54
23279dfd
78af8af2
c8401543
3e95a7c0
bd551cf9
2da7643e
b6c4c29f
ab0d7fec
ce418fb5
e6b1864a
f7bce9bb
4c48aed8
b3487231
2b89bd16
56466697
df05e084
ea01006d
f1dc94a2
4780d533
8b4280f0
383a3669
6b9358ee
e8e9918f
3966bc1c
57b6d025
6de015fa
8877b7ab
0e317e08
a1a949a1
3d0997c6
92782387
b96472b4
f5efdedd
48f76a52
81297123
03300620
da108bd9
267dd99e
2a17fc7f
c45f644c
8bf50c95
d169f1aa
8539e19b
35447938
8466dd11
034d7e76
c9cafc77
3f63f0e4
a54b394d
2b0b0c02
7ce8e913
3de13750
0f9f1d49
5121e64e
cdef036f
58aa787c
5d334505
f4ba195a
5c92678b
6664a068
ba282c81
ad707126
44bdf167
01175b14
1a2a0fbd
1de279b2
0c2e3d03
39991480
856ceab9
82fa7efe
cdcda65f
15baf8ac
39687975
ebfb8d0a
bed0497b
c534f398
195437f1
e74d6fd6
e9900257
3951b144
aa63622d
3008b362
ba286cf3
8b5a9db0
97c0f429
a842a3ae
b8d2e54f
5dc3e4dc
7a4ba9e5
ac194cba
8e02876b
241872c8
6011ff61
897f7a86
2c402f47
fda5f374
4f8e309d
a8c8b912
bbc678e3
8ee8d2e0
c2a23999
b1f5545e
a3ddc03f
05b83d0c
d553d655
babe586a
cdf8215b
34321df8
a44882d1
49619136
fe8d7837
6e6721a4
17017b0d
b82d8ac2
dfb760d3
96c6b410
11d7bb09
45cd910e
198d372f
854b013c
cbb7fec5
de55b01a
9440174b
b564f528
c39ec241
690eb3e6
bff6dd27
e6a83bd4
91d4417d
27022872
7e6a24c3
1c374140
90e87879
6e4659be
0a404a1f
26ef316c
1a6f2335
ce0a53ca
f829693b
a653f858
d37bbdb1
6761e296
2dbb5e17
2c3c4204
44dd83ed
06d19222
6a0dc4b3
ef3d7a70
bb1b71e9
4a9aae6e
bc15f90f
37d7cd9c
2a3043a5
e1c7437a
02c3172b
74622788
91067521
aff61d46
52d9fb07
9fb63434
18b4425d
61e6c7d2
de9140a3
669c5fa0
eb77a759
bec58f1e
baed43ff
37f7d5cc
7f726015
c2377f2a
9edc211b
2bb282b8
d125e891
4b2663f6
7811b3f7
6c691264
c9af7ccd
eb4cc982
71a39893
8fd6f0d0
ccc418c9
2381fbce
c8652aef
0a0249fc
2a6c7885
18c606da
8903870b
a72809e8
f0811801
8e0db6a6
13e188e7
b867dc94
57e6333d
aece9732
02b3cc83
5f302e00
c987c639
f64af47e
cbdcaddf
236a2a2c
37158cf5
3f9dda8a
3f8848fb
c065bd18
437f0371
ca871556
ba8879d7
d48592c4
772f65ad
c0f730e2
aaf0dc73
dfab1730
7c09afa9
895b792e
c272cccf
bc62765c
1d249d65
f1a9fa3a
f27966eb
7fce9c48
8646aae1
ff2d8006
0e0586c7
6c5534f4
ff22141d
ef119692
ad49c863
630aac60
1e50d519
b3ae89de
af0687bf
ffde2e8c
3010a9d5
fa9565ea
73a5e0db
4c85a778
4cbf0e51
875bf6b6
ae17afb7
b629c324
5b153e8d
6f28c842
666d9053
b1d1ed90
fa243689
80ff268e
8a36deaf
3b9052bc
0f10b245
e6cb1d9a
269cb6cb
1c6ddea8
728f2dc1
cb2d7966
283df4a7
a3163d54
fa1fe4fd
9007c5f2
3ccb3443
3b43dac0
d90ad3f9
e1c84f3e
3262d19f
0febe2ec
151bb6b5
b376214a
f0ace8bb
a42a41d8
8b1e0931
ef7d0816
e7b75597
0eeda384
bf19076d
69398fa2
9091b433
456373f0
744bad69
5b4503ee
5ba9608f
a023df1c
c8e8b725
7e8170fa
28e576ab
871dd108
5192a0a1
85e5a2c6
2582d287
f042f5b4
7097a5dd
8b092552
abb01023
1cf3b920
e4edc2d9
b770449e
7fe98b7f
c22b474c
4ceeb395
36980caa
8815609b
876b8c38
18d3f411
3cc24976
d85f6b77
886933e4
28f2c04d
ae818702
b1d54813
4577aa50
13b81449
b505114e
cec2526f
2eb51b7c
cf64ac05
4b24f45a
18cba68b
b5f67368
3b890381
8f2dfc26
a4cc2067
93735e14
c64156bd
656db4b2
90705c03
a9324780
2931a1b9
b77e69fe
1d92b55f
b1345bac
fa41a075
5c53280a
2757487b
a2618698
8c18cef1
7503bad6
cd07f157
78347444
5a5a692d
ca58ae62
eeb04bf3
c92690b0
fda16b29
77174eae
d779b44f
57dc07dc
633c90e5
eb0da7ba
31c7466b
8b0fc5c8
c4aa5661
12de8586
2111de47
783f7674
9ad4f79d
308d7412
1d8417e3
ed1785e0
890e7099
b0cabf5e
ed564f3f
a39f200c
fbcc7d55
08ff736a
d7eaa05b
8d2430f8
f72499d1
6a195c36
eea8e737
dfe764a4
5108020d
d41705c2
079abfd3
53882710
533fb209
d653bc0e
c5c7862f
b830a43c
812865c5
08938b1a
cb50564b
d481c828
fd2e9941
08cf3ee6
f14c0c27
363f3ed4
ca0a887d
89c06372
216343c3
61bb7440
e3bc2f79
be2d44be
2d2c591f
8c03946c
ec474a35
2cf4eeca
bf47683b
cbcb8b58
e82f54b1
b9db2d96
423a4d17
6d1a0504
46b38aed
6f148d22
590ca3b3
d3b46d70
31cae8e9
5392596e
45a3c80f
184af09c
e1e02aa5
5a0e9e7a
58ded62b
4c647a88
714dcc21
34d82846
4872aa07
110ab734
6b9a095d
9a5e82d2
0685dfa3
ec3612a0
1472de59
467dfa1e
770cd2ff
88f9b8cc
226a0715
c48b9a2a
1ee5a01b
ce6f95b8
6970ff91
ce212ef6
a8b422f7
79645564
b11503cd
caa94482
db7df793
a4c363d0
b27b0fc9
bbab26ce
5f0679ef
6cc2ecfc
fa1bdf85
a1d6e1da
69eac60b
98cfdce8
293fef01
26d141a6
357db7e7
f839df94
d33b7a3d
17bfd232
d363eb83
dd9f6100
f26a7d39
fc94df7e
c0efbcdf
e5198d2c
b0ecb3f5
d81b758a
543d47fb
f1285018
01219a71
dcc36056
df0e68d7
0a5e55c4
41e46cad
a22d2be2
2366bb73
8dcd0a30
ea8826a9
2776242e
75e79bcf
d630995c
fa938465
ae44553a
a9ec25eb
4bdbef48
a93d01e1
3a928b06
a36535c7
8764b7f4
90a6db1d
433c5192
2a756763
f30f5f60
50db0c19
df49f4de
5ccd16bf
16fb118c
668750d5
7bfc80ea
d8c65fdb
7c0dba78
b1792551
e799c1b6
7e411eb7
d1a00624
e6d9c58d
3cf84342
613eef53
c1e96090
eb2a2d89
fbcb518e
4a3f2daf
a12bf5bc
cfff1945
59aef89a
e05af5cb
e3a0b1a8
f17d04c1
97f40466
592123a7
06234054
6f942bfd
ea2c00f2
4a325343
559e0dc0
fefc8af9
39753a3e
f89ce09f
c13645ec
cdf1ddb5
d086bc4a
41f8e7bb
a337d4d8
f8afa031
bc7c5316
fb444497
2cc16684
c9ad0e6d
6e628aa2
617e9333
e03066f0
c1992469
e982aeee
f8052f8f
464d021c
23169e25
8a6ecbfa
f0af35ab
ca362408
7e37f7a1
32cdadc6
f9a98187
680d78b4
77bb6cdd
65e6e052
0d12af23
9a636c20
c806f9d9
a1eeaf9e
9e571a7f
b2632a4c
2de45a95
021227aa
414cdf9b
86be9f38
d0fd0b11
f5431476
a70fda77
255a76e4
5016474d
95c40202
8c9da713
f3ba1d50
770d0b49
ed743c4e
f731a16f
6a2bbe7c
58921305
32dbcf5a
da60e58b
55b44668
47a5da81
caf78726
03f64f67
4cbb6114
ecd49dbd
9bc4efb2
e98e7b03
c2777a80
733258b9
fb8e54fe
b3f3c45f
e519beac
8916c775
48f6c30a
a43a477b
32ba1998
b09965f1
f7c605d6
ae9be057
71033744
1bcd702d
9e74a962
e7142af3
739e83b0
10bde229
5077f9ae
1bbc834f
dd602adc
912977e5
514e02ba
b8e8056b
c83318c8
c1fead61
ec499086
d2ff8d47
ffc4f974
4e97be9d
fd1e2f12
f21db6e3
3af238e0
c3b6a799
752c2a5e
fb6ade3f
7ff2030c
9e412455
e98c8e6a
54391f5b
9f4243f8
89bcb0d1
f5dd2736
1ae05637
7153a7a4
0a8a890d
ffcc80c2
115a1ed3
42f59a10
8fe3a909
a765e70e
959dd52f
9c82473c
a994ccc5
f01d661a
c3bc954b
4fca9b28
dd7a7041
ee9bc9e6
9dbd3b27
78c241d4
58bccf7d
874a9e72
d53862c3
dceba740
78cbe679
89a02fbe
92b4681f
d583f76c
e81b7135
342b89ca
56c1673b
b06f1e58
ca9eebb1
ed607896
d0d53c17
33e3c804
360591ed
bd238822
47e782b3
b0d76070
f1b65fe9
d316046e
f0cd970f
d02a139c
3a8c11a5
25a1f97a
4e56952b
0692cd88
06512321
f5c63346
77275907
5b4b3a34
02fbd05d
c3a23dd2
dd567ea3
ed7bc5a0
4daa1559
ffc2651e
f3c861ff
64679bcc
9d5dae15
852bb52a
cd4b1f1b
3658a8b8
5d781691
a827f9f6
917291f7
724b9864
f3f68acd
65d1bf82
63345693
785bd6d0
2f6e06c9
006051ce
1543c8ef
ccef8ffc
98c74685
1433bcda
c82e050b
f2a3afe8
24bac601
f1a0cca6
4e35e6e7
f6f7e294
810cc13d
c77d0d32
f0f00a83
1dba9400
f9893439
ea6aca7e
f49ecbdf
d734f02c
b0bfdaf5
44e5108a
f54e46fb
ed16e318
a8803171
bc0bab56
f9b057d7
922318c4
d61573ad
152f26e2
d7b89a73
c09afd30
3e429da9
a81ccf2e
46f86acf
136abc5c
d4fe6b65
ea2ab03a
bcbae4eb
06154248
9cef58e1
9e039606
ede0e4c7
47603af4
42a7a21d
34330c92
927d0663
8ac01260
2fa14319
a8715fde
c72fa5bf
0483f48c
d0f9f7d5
e7af9bea
2842dedb
7cc1cd78
8def3c51
8ae38cb6
82868db7
a5024924
aa1a4c8d
7293be42
b5ec4e53
1cacd390
0f6c2489
8f237c8e
25e37caf
503398bc
bbe98045
e1ded39a
d37534cb
1eff84a8
4f26dbc1
82c68f66
fd2052a7
f41c4354
f38472fd
371c3bf2
e0757243
bda440c0
9f2a41f9
e4ae253e
f972ef9f
eeeca8ec
68c404b5
ede3574a
dba0e6bb
797167d8
6bfd3731
42879e16
80ed3397
68812984
79bd156d
b15785a2
aa477233
8ba959f0
90229b69
c64c59ee
adfcfe8f
5be2251c
d6408525
41a826fa
cfd4f4ab
077a7708
97994ea1
f3c1b8c6
feec3087
50c3fbb4
7b5b33dd
89909b52
95514e23
ab7f1f20
f35c30d9
95f91a9e
7560a97f
c5070d4c
9ed60195
e3d842aa
a0e05e9b
633db238
1ce22211
dccfdf76
25dc4977
4637b9e4
8ab5ce4d
90d27d02
fd420613
78a89050
a99e0249
aa6f674e
373cf06f
3b0e617c
68bb7a05
5bdeaa5a
9152248b
759e1968
4e7eb181
10cd1226
523c7e67
5cef6414
fde3e4bd
70e82ab2
07889a03
b568ad80
d36f0fb9
ff2a3ffe
80f0d35f
e16b21ac
55e7ee75
61e65e0a
2579467b
a63eac98
f6d5fcf1
1f9450d6
7e4bcf57
53bdfa44
5ebc772d
5c5ca462
935409f3
bac276b0
41165929
e464a4ae
759b524f
1e504ddc
74125ee5
8eda5dba
1364c46b
0b826bc8
c80f0461
c5c09b86
32093c47
c4367c74
dad6859d
be7aea12
299355e3
a878ebe0
e29ade99
af19955e
be1b6d3f
cab0e60c
2cb1cb55
0c65a96a
32e39e5b
9a8c56f8
cc10c7d1
9cacf236
7333c537
52abeaa4
b389100d
eb4dfbc2
ecf57dd3
950f0d10
37c3a009
6904120e
7910242f
623fea3c
b4fd33c5
44f3411a
6d84d44b
573f6e28
d4824741
ca7454e6
b54a6a27
de3144d4
adeb167d
cfa0d972
89e981c3
bdc7da40
c0179d79
809f1abe
2ad8771f
33705a6c
7deb9835
93ae24ca
ae97663b
843eb158
eaca82b1
b1f1c396
c98c2b17
b0998b04
82d398ed
a0fe8322
269e61b3
b6a65370
6addd6e9
7925af6e
ad93660f
8f75369c
a433f8a5
f481547a
d32a542b
d2ed2088
c0107a21
a2c03e46
cef80807
ae77bd34
4ed9975d
8db1f8d2
53031da3
9a6d78a0
071d4c59
9a92d01e
211ff0ff
fa417ecc
604d5515
b417d02a
9a0c9e1b
936dbbb8
1d3b2d91
893ac4f6
224d00f7
871edb64
025411cd
6cc63a82
f8c6b593
3aa049d0
b39cfdc9
a1a17cce
db1d17ef
5a8832fc
766ead85
1fdc97da
93cd440b
e4a382e8
52f19d01
9e7c57a6
4e0a15e7
e4a1e594
d15a083d
6e064832
4b582983
4f81c700
4ee3eb39
6fccb57e
56e9dadf
29bc532c
a68f01f5
35faab8a
12bb45fb
e4317618
a99ac871
185ff656
fa6e46d7
9bd3dbc4
a3c27aad
c9fd21e2
b7e67973
a814f030
e73914a9
bb4f7a2e
25a539cf
a410df5c
1c655265
555d0b3a
1ae5a3eb
de7a9548
d15dafe1
d980a106
dd7893c7
dc47bdf4
8524691d
71f5c792
d560a563
5a1cc560
2aa37a19
bf24cade
de2e34bf
f878d78c
df689ed5
edaeb6ea
521b5ddb
7ea1e078
52215351
213957b6
aae7fcb7
60508c24
14d6d38d
bffb3942
5475ad53
f21c4690
d6ea1b89
eb07a78e
0d23cbaf
78a73bbc
42cfe745
2f5aae9a
efeb73cb
fe8a57a8
fb8cb2c1
3ba51a66
043b81a7
9d014654
f5f0b9fd
26d876f2
ef949143
a35673c0
2993f8f9
9373103e
24e4fe9f
c90f0bec
55922bb5
bb8bf24a
ada4e5bb
56d6fad8
5506ce31
319ee916
68b22297
f22cec84
3f491c6d
e21880a2
5aec5133
77ce4cf0
4fe81269
a1a204ee
6d90cd8f
10e3481c
52666c25
542d81fa
b656b3ab
6eeaca08
0db6a5a1
78c1c3c6
254adf87
da667eb4
eb76fadd
a6065652
346bed23
8046d220
d6ed67d9
438f859e
f506387f
2a16f04c
0fc3a895
8bea5daa
96cfdd9b
4ce8c538
6c833911
a368aa76
44c4b877
1b00fce4
48d1554d
4facf802
f3c26513
04430350
1b6af949
9bf6924e
7ee43f6f
d15d047c
6fe0e105
762d855a
2d9f638b
45b3ec68
c0138881
10ae9d26
7f9ead67
f40f6714
696f2bbd
94d765b2
da5eb903
b205e080
b9e7c6b9
72522afe
7489e25f
d62884ac
d0b51575
5721f90a
9b14457b
2cef3f98
cece93f1
9c6e9bd6
2c17be57
5064bd44
93277e2d
b4109f62
e36fe8f3
ce9269b0
feaad029
e2dd4fae
d516214f
4aac70dc
7bf745e5
53b2b8ba
313d836b
84fdbec8
46db5b61
4f43a686
2e2eeb47
f593ff74
af914c9d
24a3a512
b3e4f4e3
65ab9ee0
55bb1599
0e93005e
2567fc3f
b3dbc90c
171e7255
218ac46a
63ea1d5b
af0269f8
2e20ded1
0e88bd36
e7a33437
b3f02da4
bc03970d
469b76c2
8a6cdcd3
79d48010
badf9709
cb2e3d0e
601e732f
39698d3c
13619ac5
b7151c1a
b8a9134b
1ae04128
52461e41
4c58dfe6
27f39927
968c47d4
39955d7d
12c31472
2f76a0c3
34500d40
299f5479
532a05be
e598861f
d5c8bd6c
1db7bf35
fb7cbfca
b6c9653b
773a4458
b8b219b1
b78f0e96
1c5f1a17
133b4e04
9d1d9fed
caa57e22
e53140b3
15214670
0d414de9
f5c15a6e
6bf5350f
862c599c
8ed7dfa5
76acaf7a
d75a132b
e1737388
0e8bd121
ebc64946
3fe4b707
3a904034
bf335e5d
a88db3d2
578bbca3
230b2ba0
b0cc8359
c6ef3b1e
ef137fff
7a8761cc
db38fc15
014feb2a
752a1d1b
15aeceb8
18ba4491
21598ff6
4b436ff7
e7de1e64
4c2d98cd
8f86b582
8c351493
1b90bcd0
af07f4c9
4f6ea7ce
a09266ef
458cd5fc
03121485
74d172da
bcc8830b
9ecf55e8
23e47401
dd63e2a6
24fa44e7
f137e894
34234f3d
bb5b8332
d29c4883
a2f4fa00
627aa239
3cbaa07e
d7d0e9df
0cafb62c
025a28f5
5b5c468a
9c8444fb
06780918
74715f71
a1c04156
d14835d7
57709ec4
1aeb81ad
70971ce2
b3f05873
743ae330
556b8ba9
110e252e
01ee08cf
b823025c
40c83965
9fdb663a
b46c62eb
050be848
b68806e1
9d09ac06
622c42c7
761b40f4
c81d301d
ac848292
e3204463
91257860
b1e1b119
d36435de
91c8c3bf
22d9ba8c
01d345d5
3df9d1ea
464fdcdb
b1adf378
6e0f6a51
5a9b22b6
e7656bb7
338acf24
970f5a8d
d52eb442
2cdb0c53
7237b990
b1a41289
bf77d28e
f0001aaf
4a86debc
d4b24e45
f222899a
25bdb2cb
b2412aa8
66ae89c1
728fa566
5e72b0a7
30d24954
e6d900fd
6960b1f2
678fb043
36b4a6c0
0e39aff9
f5c3fb3e
6af30d9f
7f9d6eec
045c52b5
e9808d4a
a804e4bb
6b688dd8
23cc6531
39c23416
a2931197
f9c4af84
8a51236d
b0a57ba2
636d3033
d49f3ff0
70e98969
2b83afee
26c09c8f
95506b1c
07885325
71fedcfa
943472ab
30871d08
508ffca1
71cdcec6
5cc58e87
34f501b4
380ec1dd
6b481152
da628c23
48ba8520
e2ba9ed9
5ab1f09e
0d47c77f
1192d34c
f0ad4f95
aa4878aa
131b5c9b
73bfd838
2fe05011
f90d7576
f3c92777
d3b63fe4
fa68dc4d
82537302
601ec413
c6897650
3c73f049
7209bd4e
be278e6f
5d17a77c
de024805
31c8605a
9f48a28b
f5f5bf68
0c645f81
7a9c2826
7c1cdc67
421b6a14
9f7672bd
b792a0b2
5210d803
e84f1380
969c7db9
050615fe
7ebef15f
f351e7ac
697e3c75
d8a9940a
f50b447b
f6cbd298
a8832af1
1e54e6d6
a7ffad57
96f78044
290e852d
55909a62
c767c7f3
df0e5cb0
b97b4729
fbe1faae
2a2cf04f
927493dc
18d82ce5
4fd713ba
0272426b
64a511c8
ae63b261
38d2b186
b7709a47
c3dd8274
3cc8139d
df986012
811293e3
a28a51e0
8d174c99
43986b5e
21508b3f
6b72ac0c
cd871955
d8fbdf6a
d74c9c5b
0ca47cf8
1fecf5d1
fb708836
682ea337
c52070a4
93fa1e0d
c1b4f1c2
d9c03bd3
2145f310
89378e09
7de4680e
3ac8c22f
51ff303c
34c201c5
f682f71a
9529524b
caad1428
c6c5f541
24496ae6
e5b8c827
d1d34ad4
6bbba47d
00b14f72
b5dfbfc3
70844040
25630b79
b140f0be
b2f4951f
ec8d206c
377fe635
1b975aca
5f57643b
b961d758
a455b0b1
ae385996
b94e0917
8bc91104
f4e3a6ed
ea187922
73a01fb3
fc483970
48e0c4e9
f8e9056e
1bf3040f
e44f7c9c
6a77c6a5
5c240a7a
4ae5d22b
6225c688
61c32821
80d85446
b9ed6607
2f94c334
c409255d
c4356ed2
daf05ba3
b754dea0
bab7ba59
34d7a61e
4da30eff
153944cc
7e20a315
1cd4062a
4ea39c1b
ed1be1b8
bff55b91
20845af6
fc55def7
c4896164
41831fcd
7e133082
0d7f7393
4b2d2fd0
91aeebc9
b9c7d2ce
55a3b5ef
bdfd78fc
aeb17b85
c3124dda
331fc20b
512728e8
07934b01
5e576da6
c30673e7
4cb9eb94
1968963d
5f7cbe32
76bc6783
48142d00
a44d5939
01348b7e
6753f8df
b00f192c
34214ff5
6509e18a
82a943fb
83ea9c18
7903f671
082c8c56
6e3e24d7
f4f961c4
ab9088ad
b8fd17e2
bbd63773
550cd630
f8da02a9
5958d02e
cbd2d7cf
7fa1255c
b2272065
79a5c13a
794f21eb
a9c93b48
bc6e5de1
989eb706
6bfbf1c7
44dac3f4
7b91f71d
93df3d92
abbbe363
5fda2b60
355be819
952fa0de
d1ff52bf
b3a69d8c
a839ecd5
8890ecea
f4e05bdb
45e60678
51b98151
e708edb6
27fedab7
4eb11224
a0c3e18d
622e2f42
2f1c6b53
ccff2c90
0f9a0989
bc73fd8e
be7869af
f5d281bc
e190b545
da36649a
64ebf1cb
6a23fda8
008c60c1
d7863066
fbc5dfa7
df8f4c54
363d47fd
aeb4ecf2
3866cf43
a7bed9c0
bd1b66f9
bba0e63e
bb9d1c9f
4297d1ec
e52279b5
27c1284a
bac0e3bb
e72620d8
484dfc31
0af17f16
1e900097
af487284
cad52a6d
ccfe76a2
b3ca0f33
d21c32f0
63270069
13f15aee
c98c6b8f
19298e1c
65a63a25
4b1c37fa
596e31ab
7c4f7008
d02553a1
8ee5d9c6
955c3d87
906f84b4
d12288dd
8955cc52
77352b23
34da3820
86c3d5d9
8b605b9e
ae25567f
ab7ab64c
b192f695
eef293aa
05c2db9b
07c2eb38
d6f96711
8dbe4076
22e99677
a05782e4
0f7c634d
d8c5ee02
32572313
ef7be950
7cb8e749
dca8e84e
e506dd6f
0e3e4a7c
231faf05
3eaf3b5a
d64de18b
b6639268
a3713681
fe95b326
37b70b67
77136d14
0ff9b9bd
8919dbb2
5e9ef703
88444680
d98d34b9
674600fe
8f90005f
68e74aac
90436375
967d2f0a
235e437b
33d46598
f3f3c1f1
554731d6
e2039c57
57764344
90718c2d
f0dc9562
2f3ba6f3
1c364fb0
e187be29
df72a5ae
64dfbf4f
25a8b6dc
bab513e5
33476eba
7703016b
da7864c8
6ea80961
326dbc86
bdce4947
5f130574
f27ada9d
9f591b12
811c32e3
8f1504e0
f8af8399
fe29d65e
a1d51a3f
21758f0c
bfebc055
e2b8fa6a
7d0b1b5b
e3728ff8
11750cd1
13645336
e4d61237
b63cb3a4
ab6ca50d
0c9a6cc2
caef9ad3
bb636610
12cb8509
3126930e
f90f112f
dc00d33c
891e68c5
b33cd21a
f305914b
96a5e728
a201cc41
0245f5e6
de99f727
c0064dd4
b45deb7d
496b8a72
0d24dec3
a2647340
2362c279
4ae3dbbe
82eca41f
a7bd836c
3b440d35
a3fdf5ca
9841633b
7ab56a58
1db547b1
45eda496
9058f817
4a42d404
fa25aded
af577422
c1eafeb3
9c1b2c70
8dbc3be9
329cb06e
ad8cd30f
d9de9f9c
a713ada5
54e7657a
1dcd912b
85041988
29b67f21
11f65f46
2d121507
bd854634
cd5aec5d
90a929d2
cd30faa3
874a91a0
94def159
944c111e
2cce9dff
fa5727cc
b9044a15
b6a4212a
16791b1b
49b4f4b8
82ec7291
36bb25f6
25844df7
4d20a464
5254a6cd
e86bab82
6ca5d293
f975a2d0
cb91e2c9
90acfdce
ea5104ef
f3da1bfc
e94ce285
ba9f28da
e6d3010b
2baafbe8
6dfe2201
d156f8a6
182ea2e7
2727ee94
f129dd3d
0a69f932
27b88683
6edf6000
845c1039
6d3a767e
f57307df
43da7c2c
abe476f5
03037c8a
b52a42fb
8c892f18
27528d71
fba4d756
c15013d7
a46e24c4
c5b18fad
532f12e2
bf981673
7a8ac930
418479a9
442f7b2e
7353a6cf
2a8b485c
e0820765
92bc1c3a
598de0eb
fcb28e48
5310b4e1
7c3fc206
eae7a0c7
788646f4
0f82be1d
d805f892
1f338263
f63ade60
25121f19
b4870bde
8ed1e1bf
dadf808c
429c93d5
7d7407ea
4dccdadb
6b4a1978
6d1f9851
7682b8b6
5cb449b7
e1c35524
a1f4688d
16f9aa42
4b39ca53
32729f90
60cc0089
91fc288e
688cb8af
aa8a24bc
d96b1c45
97963f9a
9d7630cb
5632d0a8
392637c1
1a88bb66
cc350ea7
d9384f54
541d8efd
a6d527f2
5219ee43
26750cc0
a6391df9
9509d13e
06e32b9f
41fe34ec
67e4a0b5
264dc34a
d5d8e2bb
fa0fb3d8
328b9331
552cca16
cca8ef97
42b83584
70d5316d
e72371a2
3c02ee33
a04525f0
96a07769
0aeb05ee
45f43a8f
cc6eb11c
dcc02125
8f8592fa
f603f0ab
8243c308
fc76aaa1
8009e4c6
bf0eec87
1cd607b4
26b24fdd
b02f8752
fae3ca23
74a5eb20
33090cd9
859ac69e
c79ee57f
27ce994c
c2749d95
09e8aeaa
5ec65a9b
38f1fe38
d1ce7e11
117b0b76
c2260577
b0e4c5e4
f80bea4d
03046902
5a6b8213
af1a5c50
4c39de49
8bd4134e
e3822c6f
14d0ed7c
af391605
4ce2165a
c2af208b
b6fd6568
f53a0d81
4c9b3e26
a26d3a67
c2f77014
2af900bd
b96d16b2
f0091603
c1e57980
f2b9ebb9
4911ebfe
96fd0f5f
66e8adac
b5048a75
409cca0a
160d427b
1408f898
212058f1
f1457cd6
ca238b57
c1e10644
3950932d
35f49062
0aeb85f3
b60a42b0
e6d03529
3d8f50ae
752e8e4f
3448d9dc
d18dfae5
ae03c9ba
7eefc06b
1677b7c8
f7a86061
ec14c786
3147f847
f7348874
40a9a19d
13e5d612
a401d1e3
5b4bb7e0
0883ba99
ee47415e
96f5a93f
05e4720c
5e4c6755
eec2156a
45259a5b
636ca2f8
72b923d1
06641e36
4d998137
b744f6a4
725b2c0d
d74be7c2
4dfaf9d3
782cd910
c79b7c09
94f4be0e
8af1602f
076e763c
8076cfc5
9d42ad1a
c23dd04b
aecaba28
53f9a341
964e80e6
02972627
912550d4
837c327d
9cf1c572
2545fdc3
f9f0a640
939e7979
d012c6be
4580b31f
3759e66c
99043435
44b090ca
5187623b
eb34fd58
94d0deb1
2eaeef96
917fe717
7ea89704
1ce3b4ed
ca626f22
c011ddb3
249a1f70
4bd3b2e9
52dc5b6e
10c2a20f
96d9c29c
b4ab94a5
10f6c07a
4011502b
7a0e6c88
d665d621
4f206a46
8952c407
1461c934
4b28b35d
bde8e4d2
1e4d99a3
c2ec44a0
af422859
954c7c1e
7c962cff
59e10acc
fbe3f115
7ec03c2a
bcaa9a1b
5b7a07b8
d19f8991
13fdf0f6
b6cebcf7
b1a3e764
eea22dcd
7e902682
99a83193
566a15d0
ccb0d9c9
841e28ce
4e9a53ef
1722befc
22e44985
0b7803da
c7e2400b
5e5acee8
c724f901
e66283a6
1472d1e7
b081f194
2b67243d
6c233432
d590a583
47569300
72a6c739
30cc617e
722e16df
f811df2c
d9a39df5
e549178a
240741fb
5053c218
ef5d2471
2c292256
ba7e02d7
95cee7c4
d94e96ad
ef2d0de2
af35f573
14b4bc30
9f6af0a9
8192262e
e87075cf
e8e16b5c
3bd8ee65
9b1e773a
45289feb
2dc7e148
ea6f0be1
f7eccd06
ceef4fc7
411dc9f4
f3ef851d
28f8b392
2d872163
84479160
f1045619
e16a76de
b84070bf
c884638c
40fb3ad5
cca322ea
411559db
51da2c78
3041af51
b90883b6
7585b8b7
1cc19824
0aa0ef8d
a3912542
71332953
d2921290
1539f789
f010538e
de3d07af
98adc7bc
2c418345
da421a9a
bf5c6fcb
a66da3a8
807c0ec1
eb974666
bfc03da7
4dcd5254
b079d5fd
01c162f2
a4a90d43
e2d73fc0
3992d4f9
31febc3e
3cc53a9f
add097ec
fca2c7b5
95265e4a
e94ce1bb
d42546d8
52852a31
c8741516
9cddde97
e413f884
ec51386d
af146ca2
ec17cd33
6f1a18f0
7b55ee69
c070b0ee
8bf8098f
df1fd41c
dcd60825
ef3aedfa
59f5afab
72641608
458401a1
f539efc6
c9dd9b87
0a288ab4
a8be16dd
8fd54252
556e6923
381d9e20
578a43d9
f961319e
49b4747f
b68e7c4c
93524495
ab2ac9aa
0e25d99b
374d1138
905f9511
3443d676
c17e7477
355e08e4
2417714d
b10ee402
c85be113
3564cf50
1af6d549
2f8b3e4e
a9997b6f
a0cf907c
f24e7d05
0c60f15a
546c5f8b
27c33868
71bee481
14acc926
ac3f6967
55c77314
607447bd
f88c51b2
f64f3503
c532ac80
5222a2b9
5a69d6fe
85061e5f
1d5610ac
47c1b175
8708650a
bd18417b
c7698b98
a008eff1
a24fc7d6
505f7a57
0637c944
93ab9a2d
d4d88b62
4a7764f3
dc8a35b0
3954ac29
c637fbae
4b195d4f
ee54fcdc
cd62e1e5
700c24ba
0a387f6b
48a30ac8
b964b761
15c7d286
01dda747
bc420b74
9754689d
ed3e9112
d9c370e3
372e6ae0
2c93f199
c3f0ac5e
f0b2383f
48bf550c
18a90e55
ad17306a
1f9c195b
bc92b5f8
b3b93ad1
846fe936
9278f037
f83939a4
58c5b30d
d1c962c2
52e258d3
87a24c10
17a77309
594ee90e
e06faf2f
0448193c
8acb36c5
6494881a
f2d20f4b
431b8d28
4cad7a41
90630be6
41b05527
753053d4
4916797d
ab440072
ee431cc3
a728d940
e6163079
f0cdb1be
eab0c21f
cb62496c
c0c05b35
adaf2bca
7b29613b
3ae09058
79a875b1
187c3a96
acc2d617
58fa5a04
cd1dbbed
eb396a22
5e14bcb3
c5c51270
f32729e9
09a8066e
3594710f
4b40e59c
033f7ba5
40521b7a
a1b10f2b
7144bf88
d7d12d21
e8567546
beaf7307
642a4c34
ad727a5d
fbf49fd2
be4638a3
9a39f7a0
79e15f59
e7d8e71e
2cf9bbff
63d6edcc
b6bf9815
2528572a
3138191b
526b1ab8
1c0ea091
684cbbf6
a0352bf7
22132a64
866bb4cd
f080a182
84869093
920a88d0
050bd0c9
441b53ce
727fa2ef
57d761fc
cb77b085
659cdeda
c64d7f0b
1936a1e8
8307d001
4d7a0ea6
a7d300e7
18c7f494
38206b3d
34a86f32
7044c483
0179c600
df2d7e39
fbea4c7e
cd8525df
fcb5422c
2d5ec4f5
bbdab28a
bf4040fb
ff4a5518
4123bb71
49b96d56
49c7f1d7
f91baac4
56679dad
3cf708e2
7aafd473
538aaf30
828d67a9
c180d12e
1b2944cf
eaa38e5c
342bd565
42ccd23a
2c1f5eeb
6d093448
f28962e1
bba5d806
0812fec7
cea14cf4
98d84c1d
36b76e92
c6b6c063
3a004460
09328d19
cbd9e1de
3e4affbf
ac95468c
1355e1d5
261e3dea
beb9d8db
29963f78
0b1fc651
5e9a4eb6
627327b7
2fabdb24
4ac9768d
b7f4a042
91088853
dd5d8590
9ce3ee89
86b07e8e
0f8956af
f03d6abc
4a13ea45
5239f59a
ba9eaecb
8ad476a8
468de5c1
fab1d166
c6676ca7
6d4e5554
bb521cfd
6f799df2
20142c43
0ce572c0
e7288bf9
427fa73e
4d43499f
b60efaec
135ceeb5
244af94a
e51ce0bb
a566d9d8
183ac131
14c76016
7f2ecd97
c35bbb84
ad493f6d
d4d167a2
b408ac33
6e9b0bf0
81476569
e4825bee
8b97d88f
813cf71c
d5e7ef25
1a3c48fa
75436eab
7cb06908
1b4d58a1
9e75fac6
a5c84a87
88670db4
c745dddd
d846fd52
76d50823
af415120
64477ad9
96b39c9e
2466037f
87ba5f4c
942beb95
82b8e4aa
03e1589b
32d42438
82acac11
a618a176
10f2e377
5dc34be4
039ef84d
92e55f02
6c284013
b25b4250
58efcc49
77ce694e
274cca6f
e23a337c
5c5fe405
2d2bcc5a
7b859e8b
38b50b68
88ffbb81
06ca5426
452d9867
5f837614
206b8ebd
f6778cb2
61715403
c22bdf80
67c759b9
4b4dc1fe
49ab2d5f
bc2f73ac
b87ad875
19c0000a
087f407b
7df61e98
e0ad86f1
186612d6
64b76957
547a8c44
0f82a12d
7d888662
dddf43f3
bfb628b0
49152329
296ca6ae
d6a02c4f
83cd1fdc
1e33c8e5
29607fba
08dd3e6b
a0fa5dc8
23dd0e61
5f86dd86
1f8f5647
de3b8e74
667b2f9d
db634c12
12610fe3
52bd1de0
d4e02899
2f26175e
9f0ac73f
1a06380c
5f01b555
cdb84b6a
fc6e985b
1ee4c8f8
447551d1
3d87b436
a3745f37
a9197ca4
ceac3a0d
ac12ddc2
c9a5b7d3
19c3bf10
72ef6a09
2e35140e
e989fe2f
028dbc3c
181b9dc5
b932631a
74c24e4b
83986028
fc1d5141
a08396e6
8be58427
9c2756d4
752cc07d
24623b72
581c3bc3
da0d0c40
8ac9e779
5d149cbe
627cd11f
93d6ac6c
22788235
8ef9c6ca
0527603b
99b82358
3c3c0cb1
b3558596
d221c517
09381d04
7ad3c2ed
c1dc6522
8bf39bb3
af9c0570
f3b6a0e9
06ffb16e
0c02400f
2714089c
02cf62a5
92f9767a
32acce2b
9aa71288
9df88421
8d988046
bd282207
dcdecf34
6438415d
facc5ad2
9d1ad7a3
3d33aaa0
64bc9659
3bf1521e
2df94aff
4838d0cc
59973f15
59dc722a
6421981b
5e882db8
d239b791
e3a786f6
d1b79af7
ce6e6d64
89b13bcd
ee3d1c82
1d40ef93
dc56fbd0
e4a2c7c9
80a47ece
4600f1ef
e5f804fc
53071785
790db9da
d214be0b
8c3e74e8
11a6a701
b69d99a6
c24f2fe7
8ff9f794
8755b23d
13f9aa32
e7d4e383
cd48f900
39f03539
7e94377e
f77834df
81c4a52c
1715ebf5
36b84d8a
76d53ffb
c96ce818
8ca65271
0455b856
5f2de0d7
fe546dc4
acfca4ad
ec8d03e2
1205b373
670ca230
5aebdea9
b3fb7c2e
fb7e13cf
5fd1b15c
397abc65
39c72d3a
fe721deb
ea768748
db5fb9e1
776ae306
8652adc7
5110cff4
6e3d131d
b1422992
dac25f63
4764f760
dd9cc419
23d54cde
10f18ebf
b712298c
29ac88d5
39e558ea
b6ba57db
227e5278
6db9dd51
173819b6
137c96b7
4a821e24
d26dfd8d
04241b42
9ab9e753
82d4f890
67c9e589
05dca98e
ec71a5af
e1390dbc
a2e25145
af7dd09a
7f3cedcb
336749a8
fb5bbcc1
f7d85c66
d02a9ba7
67bb5854
e4a663fd
9ffdd8f2
b45b4b43
d49fa5c0
1efa42f9
768c923e
285d589f
8ab95dec
1c1315b5
83bb944a
b948dfbb
9dd46cd8
f3ac5831
ea26ab16
639bbc97
108f7e84
23bd466d
085a62a2
83d58b33
cec7fef0
1874dc69
272006ee
34d3a78f
e2c61a1c
37f5d625
c089a3fa
37ed2dab
d128bc08
edd2afa1
2bbe05c6
42cef987
c79190b4
f249a4dd
3984b852
4f17a723
0a110420
c940b1d9
0d92079e
47b3927f
cb52424c
35019295
4092ffaa
2ff8d79b
5b873738
18b5c311
16f96c76
a0835277
5a148ee4
06a27f4d
5887da02
35d09f13
55fdb550
7624c349
149d944e
4c9c196f
0910d67c
5d6d4b05
5f42a75a
27fadd8b
19d2de68
aafc9281
d2f3df26
5d37c767
102b7914
daded5bd
632ec7b2
216f7303
e8d11280
a3a810b9
cbbdacfe
d4ec3c5f
7374d6ac
772fff75
a8c39b0a
e8423f7b
67aeb198
530e1df1
03885dd6
f72b5857
dca94f44
1cd5a82d
e0048162
b52322f3
8f8e1bb0
86119a29
172d51ae
07c2fb4f
24b142dc
3400afe5
8a00daba
6addfd6b
4f7db0c8
a7116561
7951e886
7a5d0547
8d211174
1e1df69d
8e540712
3ddaaee3
ddf7d0e0
71685f99
dfe7825e
91ff563f
a9b91b0c
a1565c55
00a5666a
cb9d175b
ba62dbf8
94ed68d1
e1ab7f36
708bce37
f9e5bfa4
440ec10d
162858c2
a24516d3
5e913210
49736109
c3a73f0e
96404d2f
323f5f3c
986804c5
4b1c3e1a
380e8d4b
a0413328
d2492841
76b021e6
d136b327
360a59d4
77bf077d
b84c7672
52d15ac3
c29d3f40
f1b99e79
c4e787be
9ce4e01f
c0b70f6c
2e2ca935
989061ca
df815f3b
37bbb658
4c8ba3b1
af3ad096
f19cb417
bf61e004
9605c9ed
fe4b6022
39ae7ab3
121ef870
bd8217e9
fae35c6e
840c0f0f
5a532b9c
235b49a5
b8ecd17a
e3048d2b
26356588
98dbdb21
eee68b46
74bcd107
ae7f5234
df7a085d
6a7015d2
aacb76a3
dbd95da0
dfd3cd59
4195bd1e
6f94d9ff
3706b3cc
546ae615
ccdc8d2a
4567171b
afd140b8
6420ce91
360e51f6
3b5609f7
e6b5b064
6872c2cd
27c59782
53d74e93
654f6ed0
db75bec9
e9b9a9ce
b91e40ef
f184a7fc
29927e85
f5ca94da
db37fd0b
e77247e8
e3017e01
d1cd24a6
53e75ee7
4617fa94
8906f93d
ba16e532
2c410283
dac42c00
f2eeec39
68ca227e
e00743df
b740082c
06c912f5
05e1e88a
3ac63efb
debb7b18
41e4e971
0bfe0356
eaafcfd7
d57930c4
4d0dabad
adeefee2
65379273
7f3a9530
988655a9
0902272e
796ee2cf
786bd45c
bbc5a365
300d883a
ac20dceb
d60fda48
14f210e1
db3bee06
39ae5cc7
f86c52f4
e41dda1d
4898e492
59a9fe63
dc75aa60
de42fb19
995cb7de
20341dbf
17fb0c8c
f3ff2fd5
b7f873ea
1916d6db
6c926578
c80ff451
92e1e4b6
78a205b7
9d446124
118e848d
381f9642
7e474653
f2f86b90
e5ebdc89
1d94d48e
64f5f4af
9ba0b0bc
a6acb845
a20dab9a
fd372ccb
d0261ca8
0ee593c1
930ae766
cd09caa7
6d145b54
9c76aafd
434e13f2
517e6a43
6a05d8c0
5107f9f9
7e257d3e
be13679f
5bcfc0ec
86c53cb5
63782f4a
55d0debb
ed6dffd8
54d9ef31
f891f616
3a24ab97
fbaf4184
bfad4d6d
f9af5da2
4b7e6a33
bfa0f1f0
b0de5369
3849b1ee
77ab768f
33bb3d1c
72ffbd25
9222fefa
91f2ecab
9fcd0f08
2d1406a1
4d1210c6
90f1a887
f7a813b4
99c96bdd
638e7352
ce364623
788cb720
f675e8d9
0dfc729e
a39d217f
b156254c
e5d33995
94b91aaa
826c569b
e1664a38
c27ada11
36e63776
602fc177
5a51d1e4
9d22064d
b1f65502
1554fe13
504c2850
e295ba49
b5f8bf4e
0987686f
4553797c
6576b205
52a5825a
49cc1c8b
fb1cb168
47b56981
29296a26
e45df667
97bf7c14
ffce1cbd
eeb202b2
26499203
69224580
75c4c7b9
8bb997fe
16c94b5f
732639ac
f3e12675
e413360a
4c613e7b
b4934498
672ab4f1
13b6a8d6
f7bb4757
cec41244
2ba4af2d
ac4c7c62
c04301f3
7c120eb0
604a1129
3f79fcae
ce81ca4f
010165dc
7ec996e5
41ed35ba
203abc6b
842d03c8
b301bc61
1328f386
0246b447
f8f29474
2e3cbd9d
b610c212
4c304de3
08de83e0
722c9699
8634ed5e
b98fe53f
27d7fe0c
4fa70355
f5de816a
7d27965b
bf0ceef8
15217fd1
20db4a36
e9bf3d37
1a9e02a4
28ed480d
c009d3c2
ccc075d3
860aa510
0b335809
c9a56a0e
d6929c2f
c35d023c
7bb06bc5
ca52191a
2cb6cc4b
c9160628
3f30ff41
c2e8ace6
01a3e227
72d95cd4
c0cd4e7d
1702b172
ce6279c3
90d97240
8ae55579
d84672be
89e8ef1f
8203726c
53dcd035
7a72fcca
fa375e3b
44eb4958
1a973ab1
bc2c1b96
fb33a317
ab77a304
8eb3d0ed
50865b22
574559b3
1d4deb70
c0898ee9
9553076e
8db1de0f
14fe4e9c
d4e330a5
622c2c7a
a2b84c2b
43efb888
387b3221
bc409646
d56d8007
090bd534
8f37cf5d
fadfd0d2
d75815a3
a62b10a0
5b270459
a8c6281e
e1cc68ff
604096cc
173a8d15
2e28a82a
c508961b
764653b8
41c3e591
0f811cf6
cd1078f7
9ae8f364
92b049cd
4d1a1282
1849ad93
5cf3e1d0
5984b5c9
2f5ad4ce
bbd78fef
aa7d4afc
bf19e585
8bd36fda
d1b73c0b
5ad21ae8
67185501
4f08afa6
4c9b8de7
6b21fd94
ad34403d
d7002032
2d892183
59eb5f00
7a29a339
6a8c0d7e
773252df
cd276b2c
6c7839f5
d957838a
fb133dfb
6f360e18
d0df8071
10b24e56
dc4dbed7
ae89f3c4
a69ab2ad
311cf9e2
64457173
cc148830
ab5ccca9
7094d22e
84fbb1cf
6471f75c
2b0c8a65
d59fe33a
252b9beb
5fd52d48
0f4067e1
9718f906
12260bc7
f4b3d5f4
6a7aa11d
acbb9f92
336d9d63
29325d60
7b253219
dc7022de
5c12acbf
ff4fef8c
e24dd6d5
50578eea
d5cf55db
37d27878
8a220b51
8197afb6
81e374b7
57f2a424
782b0b8d
03e71142
2bb0a553
5dc7de90
8749d389
7dd8ff8e
691643af
4f7453bc
c5731f45
d9e9869a
248d6bcb
9110efa8
f12b6ac1
7c497266
ad04f9a7
ad595e54
52c2f1fd
096a4ef2
e77d8943
fd180bc0
ed51b0f9
094a683e
fe65769f
595223ec
c37363b5
7380ca4a
aab4ddbb
c43392d8
abc38631
f0094116
f2c99a97
b4bb0484
f119546d
58d058a2
fb034933
7125e4f0
ba83ca69
c7ff5cee
441f458f
a41c601c
f705a425
3f0859fa
7354abab
189d6208
49115da1
b2721bc6
80305787
48aa96b4
2dc532dd
06642e52
e430e523
2ab46a20
5be71fd9
47f2dd9e
2822b07f
69c6084c
16a0e095
2f2b35aa
eb3bd59b
f4715d38
effbf111
b5df0276
3ff83077
8e7b14e4
371d8d4d
4f30d002
fab55d13
d1469b50
0e42b149
0bdfea4e
4e0eb76f
c7021c7c
e47c1905
b7545d5a
d0f95b8b
0c928468
cf2a4081
b96af526
caa02567
263f7f14
ff3963bd
49013db2
5fffb103
731f7880
4e1d7eb9
3b4182fe
ff425a5f
eb439cac
9e8e4d75
7baed10a
24dc3d7b
94a3d798
8d034bf1
f8f0f3d6
56673657
5acad544
abefb62d
92607762
ef3ee0f3
b54201b0
47be8829
5252a7ae
1adc994f
48bd88dc
6e8e7de5
012590ba
18f37b6b
6f0856c8
b7ae1361
dd0bfe86
a74c6347
51b01774
06d7849d
02997d12
2d61ece3
037136e0
472ccd99
d20e585e
05bc743f
c462e10c
d9f3aa55
5d639c6a
010e155b
5ce301f8
351196d1
ab171536
ff0eac37
3b4245a4
ed47cf0d
59b74ec2
3917d4d3
c0301810
282f4f09
f02f950e
9a80eb2f
e5e6a53c
31f4d2c5
e6d3f41a
42bb0b4b
2e16d928
b2d4d641
352d37e6
0d2d1127
82945fd4
c057957d
f084ec72
bacf98c3
74c1a540
c64d0c79
47315dbe
1988fe1f
07bbd56c
0388f735
e4a197ca
45495d3b
f146dc58
165ed1b1
8a296696
dee69217
fd796604
d4ddd7ed
688d5622
d4b838b3
0128de70
6ccd05e9
864eb26e
18f3ad0f
8715719c
876717a5
3eb7877a
61c80b2b
23d60b88
ecd68921
a5a6a146
cf3a2f07
1c845834
e371965d
5c1b8bd2
12c0b4a3
cc28c3a0
46b63b59
2182931e
749ff7ff
f3e679cc
12063415
2dc0c32a
d306151b
e1e766b8
db22fc91
1fffe7f6
76e6e7f7
1b083664
7869d0cd
0e3a8d82
5a980c93
f34454d0
cecfacc9
0187ffce
3e2cdeef
40e1edfc
839d4c85
eb284ada
a5927b0b
165dede8
0deb2c01
de503aa6
9c6bbce7
2f180094
63dd873d
1ab55b32
dbad4083
7abe9200
3fa05a39
33d9f87e
acf961df
f37ace2c
b82360f5
61191e8a
a7bc3cfb
aadca118
a9961771
c2729956
2407add7
b986b6c4
29a3b9ad
2616f4e2
ff2f5073
7d9a7b30
036f43a9
9ab37d2e
0e2480cf
53e41a5c
f74f7165
da7e3e3a
59925aeb
b7c68048
3a4abee1
5b020406
ffb9bac7
75e758f4
7153681d
8daa5a92
580d3c63
5d9b1060
24436919
9d0f8dde
b48d3bbf
9d10d28c
64987dd5
b302a9ea
dce3d4db
b43e8b78
23f02251
93597ab6
1f40e3b7
aa8ce724
7643928d
177a8c42
92f60453
f3435190
bbe3ca89
d6a92a8e
e8d292af
2cb3f6bc
6f358645
0711619a
e53faacb
a627c2a8
122d41c1
6393fd66
601c28a7
588a6154
778b38fd
a25289f2
6658a843
bdd63ec0
63d767f9
c7fb533e
d953859f
b34086ec
421d8ab5
63d5654a
a7f4dcbb
522525d8
68691d31
808c8c16
7d8a8997
6bb2c784
28015b6d
d5bd53a2
82642833
1356d7f0
a5654169
864107ee
8a2f148f
63e9831c
34078b25
7739b4fa
cc126aab
6b99b508
b1cab4a1
0bde26c6
008b0687
ea9919b4
1e3cf9dd
d205e952
81078423
50881d20
699456d9
6b75489e
c5443f7f
24a1eb4c
376a8795
bfe950aa
5a67549b
c4a87038
11390811
43e3cd76
2fdc9f77
269057e4
4495144d
e0374b02
d5f1bc13
08ed0e50
692ba849
c653154e
0a32066f
be1cbf7c
4a7d8005
3d4f385a
ad829a8b
7e345768
b15b1781
33b88026
fffe5467
ebab8214
4920aabd
221c78b2
be91d003
36c8ab80
9cb235b9
8a556dfe
7e57695f
0bccffac
e7377475
1f966c0a
61b33c7b
37e06a98
3497e2f1
63373ed6
032f2557
b0bd9844
0db6bd2d
42407262
3216bff3
6b1df4b0
ac6eff29
ffb752ae
dcd3684f
2be5abdc
734f64e5
77a9ebba
45083a6b
400fa9c8
25166a61
86fb0986
596e1247
c7599a74
17ee4b9d
23ee3812
d16f8be3
fdafe9e0
60690499
7373c35e
6685033f
af59c40c
b03c5155
e734b76a
4750945b
c3e514f8
64bdadd1
305ee036
a07a1b37
8bd288a4
011e560d
9330c9c2
d74b33d3
3d018b10
10674609
e745c00e
d20b3a2f
c9dc483c
2b3539c5
50a1cf1a
6a1b4a4b
ff43ac28
9d34ad41
7d7dc2e6
e3d24027
953b62d4
e65ddc7d
f4d32772
0818b7c3
9e55d840
13f0c379
c1a848be
3bc50d1f
81e0386c
ad311e35
871c32ca
b0b75c3b
6cce6f58
afe268b1
c932b196
8cb58117
e5672904
d883deed
f6605122
a20717b3
edafd170
324c7ce9
7dd65d6e
15d17c0f
e098949c
aae6fea5
fe8ee27a
1033ca2b
f5e85e88
25ede021
5b18ac46
5222de07
18e8db34
4c275d5d
3e2346d2
4d0553a3
7dd276a0
12817259
5bcafe1e
180f86ff
21f85ccc
b4cddb15
7ba4de2a
5f5f941b
22b479b8
a03e1391
178ab2f6
28d956f7
97137964
899f57cd
1b270882
0ac26b93
5840c7d0
ab56a3c9
10412ace
301e2def
e4b290fc
e71cb385
c3c925da
46c9ba0b
4a15c0e8
477a0301
2fa3c5a6
3357ebe7
c1fa0394
1d02ce3d
35369632
26ad5f83
6d3dc500
b3531139
74b3e37e
715c70df
5a3a312c
59ca87f5
4d26b98a
30c13bfb
c1af3418
3c08ae71
d13ee456
b1dd9cd7
266f79c4
4628c0ad
3cdcefe2
25f52f73
c3cc6e30
10bdbaa9
375e282e
04e94fcf
76c23d5c
908e5865
eea8993a
395519eb
0de3d348
061115e1
d6f70f06
f26969c7
ac06dbf4
68a82f1d
9b651592
b788db63
a9afc360
499da019
8b3af8de
19a3cabf
213db58c
eadf24d5
8ff9c4ea
1e5453db
11d69e78
057a3951
782745b6
40ba52b7
c5132a24
7bd8198d
22da0742
a4176353
e36ac490
f3b9c189
d805558e
d42ae1af
635f99bc
13f3ed45
d9853c9a
2f4de9cb
3f6a95a8
e1eb18c1
f8ea8866
d64f57a7
9ea76454
7acf7ffd
be06c4f2
be0fc743
dc4071c0
24991ef9
6a383e3e
3edd949f
999ae9ec
72c3b1b5
e476004a
3d90dbbb
c742b8d8
facab431
5a1bd716
ca677897
50968a84
d465626d
20764ea2
d1a10733
d633caf0
e182b869
230eb2ee
39dae38f
a322a61c
9a057225
eab70ffa
8c2c29ab
c8c20808
d7400ba1
095631c6
0201b587
0d739cb4
db30c0dd
7673a452
94ba2323
1a07d020
8f7d8dd9
2883b39e
6b01ce7f
11e9ce4c
b8302e95
f6f36baa
bfeed39b
820b8338
96321f11
90f49876
1fdd0e77
52919ae4
35889b4d
1509c602
970a1b13
273f8150
63509f49
9552404e
2df1556f
5aa3627c
077ae705
9496135a
cf67d98b
80022a68
5e47ee81
48120b26
74788367
18038514
4d83f1bd
2a03b3b2
31ffef03
e41dde80
d182ecb9
28f558fe
8408785f
04c262ac
3ddc9b75
7fca070a
f2e63b7b
ce48fd98
cde879f1
028989d6
ee131457
009c5b44
c0f9c42d
6bec6d62
78ca9ef3
cda5e7b0
fe5b7629
f7a7fdae
0466374f
da79cedc
fd0c4be5
557a46ba
9478f96b
2742fcc8
6b3ac161
c0f61486
08abc147
89ef1d74
d181129d
ca0ef312
28592ae3
279a9ce0
2de13b99
1a652e5e
cbe9923f
18bca70c
4280f855
4351d26a
3fef135b
241327f8
1425c4d1
60b2ab36
be018a37
3c4ecba4
d470dd0d
1c7644c2
975a92d3
2c7efe10
33db3d09
5ee7eb0e
6d31892f
9f3deb3c
d771a0c5
b7bbaa1a
92d7894b
6c9c7f28
6e508441
4bda4de6
75936f27
dace65d4
a2e0237d
d3ed6272
a63dd6c3
3d960b40
e3d07a79
f7ab33be
e09d1c1f
20709b6c
c0d54535
11e2cdca
2c815b3b
e7820258
5721ffb1
2947fc96
f4a07017
9340ec04
09a5e5ed
a9ff4c22
af31f6b3
12e2c470
8107f3e9
2bea086e
744b4b0f
5187b79c
af62e5a5
51b23d7a
9dfb892b
ea26b188
53c13721
8c96b746
4e278d07
2e395e34
3959245d
50f701d2
7625f2a3
eb2829a0
2e88a959
079f691e
bc1b15ff
1a763fcc
6f918215
c7d4f92a
5a15131b
68ad8cb8
01152a91
a6217df6
d2e7c5f7
3f0abc64
3650decd
23df8382
18c8ca93
bbe93ad0
5f199ac9
0b8655ce
81ab7cef
c5ef33fc
59981a85
c5b600da
a55cf90b
25f993e8
83c4da01
f30350a6
01601ae7
53c80694
48a4153d
d683d132
fe897e83
6168f800
4541c839
dd19ce7e
b45b7fdf
3165942c
c16daef5
4d80548a
86223afb
e3adc718
f8374571
ed172f56
75cf8bd7
25443cc4
6c29c7ad
256eeae2
c8970e73
ceaa6130
434831a9
f694d32e
594a1ecf
fd0c605c
66c93f65
c21ef43a
b473d8eb
922d2648
e2936ce1
baf81a06
da3518c7
c7125ef4
c078f61d
85ebd092
41e07a63
3d707660
5b33d719
56f263de
7b5659bf
bbd6988c
e521cbd5
973cdfea
8a20d2db
809ab178
9ec05051
e00110b6
d64fc1b7
d7856d24
f8e8a08d
d6058242
4f14c253
5e3e3790
9ecbb889
31ed808e
1b1f30af
23773cbc
23ae5445
0145179a
f2b828cb
8cd968a8
d064efc1
ec4d1366
ff9e86a7
afb06754
cc8fc6fd
0c86fff2
dea2e643
8856a4c0
9f96d5f9
a001293e
1f03a39f
3c614cec
c565d8b5
a5629b4a
5b88dabb
538c4bd8
d2e84b31
2cb72216
c9606797
93664d84
6645696d
e8fb49a2
d8b9e633
e9bcbdf0
dedc2f69
4e685dee
4322b28f
91c7c91c
98ff5925
49806afa
a3a1e8ab
60165b08
297162a1
5ada3cc6
74946487
e13a1fb4
d4a087dd
a3ad5f52
0f48c223
b7338320
3da2c4d9
2f1e1e9e
095b5d7f
619db14c
08f1d595
844986aa
0bd2529b
5c9a9638
eee73611
4d116376
fff97d77
427edde4
79f8224d
9da84102
2dfe7a13
5c3df450
6cb19649
28dd6b4e
a94ca46f
cc96057c
8b744e05
6d28ee5a
26a9188b
41fbfd68
45f0c581
a6779626
180eb267
db478814
7c6338bd
10b6eeb2
aa4a0e03
ab1f1180
5c8fa3b9
c72143fe
0055875f
0623c5ac
127dc275
4c49a20a
c8753a7b
87dd9098
c8f510f1
86e7d4d6
07130357
7a671e44
35b8cb2d
bf646862
b35a7df3
0cd9dab0
ad83ed29
ea24a8ae
8195064f
8479f1dc
7bc532e5
4a96a1ba
f745b86b
54a24fc8
fa1b1861
3afd1f86
a5057047
c970a074
a38fd99d
a4fbae12
221ec9e3
b1314fe0
1f957299
76e2995e
25ea213f
308b8a0c
00c19f55
21baed6a
dae9925b
ad6d3af8
b349dbd1
ec127636
47a4f937
7cb70ea4
d73f640d
a587bfc2
6945f1d3
bea87110
028b3409
0716160e
5bf3d82f
960b8e3c
a6aa07c5
cc21851a
acefc84b
a6215228
96285b41
5042d8e6
b2709e27
834d68d4
65de6a7d
3dd39d72
853ef5c3
82823e40
a5ec3179
993a1ebe
f8112b1f
136cfe6c
ae756c35
34f568ca
a8a75a3b
91619558
7c1d96b1
5a694796
06a75f17
3706af04
d843eced
336a4722
ec38d5b3
a0c1b770
c8ff6ae9
4089b36e
24611a0f
09e2da9c
04dacca5
e821987a
fb1f482b
30910488
e6508e21
ea20c246
b3483c07
8c75e134
1b06eb5d
4496bcd2
7e2291a3
4429dca0
0acbe059
d4ffd41e
50c2a4ff
0d6022cc
b2512915
c251142a
b326921b
e3d29fb8
6da84191
7bc448f6
651234f7
42edff64
ee7e65cd
d863fe82
74ab2993
4e3dadd0
5a1891c9
a35780ce
22d4cbef
1497d6fc
4b0f8185
a0eedbda
b14c380b
da0966e8
32cbb101
d86edba6
f68449e7
14820994
56c15c3d
ae9d0c32
53419d83
87402b00
656c7f39
1d0bb97e
65f68edf
a8fcf72c
5f0cd5f5
1225ef8a
97df39fb
40d85a18
4e21dc71
c5fb7a56
5fdd7ad7
e604ffc4
0ba6cead
8fcce5e2
d714ed73
ce345430
0b0ea8a9
88577e2e
fb46edcf
16c2835c
ea002665
04e14f3a
baee97eb
74a27948
3fd1c3e1
b7052506
a71cc7c7
f709e1f4
e8c5bd1d
fd3e8b92
e7141963
48dd2960
c9060e19
b035cede
c9a4e8bf
9cdb7b8c
c36072d5
78cbfaea
104951db
308ac478
5fc26751
7ae6dbb6
d00130b7
11e3b024
5d75278d
e0fcfd42
83ee2153
93bdaa90
2d19af89
9461ab8e
adaf7faf
9cfadfbc
0e64bb45
2e50f29a
1f7e67cb
be743ba8
4d9ac6c1
edbb9e66
cc09b5a7
bba56a54
dccc0dfd
3dd33af2
b8120543
f218d7c0
44d08cf9
1956143e
69c5b29f
cb93afec
aa03ffb5
569b364a
f1dcd9bb
2701ded8
60c1e231
a85e6d16
6a755697
64221084
4da1706d
df4c44a2
87aec533
7df1b0f0
0d71a669
b84e08ee
9606818f
5fd8ec1c
a0f54025
4395c5fa
0273a7ab
6196ae08
185eb9a1
b06a47c6
48431387
95eca2b4
7a8c4edd
09b31a52
e0b36123
580b3620
e403fbd9
2f44899e
9050ec7f
43bd944c
99af7c95
17eba1aa
2e11d19b
8455a938
8b584d11
283a2e76
c031ec77
265820e4
81e3a94d
2a12bc02
8aced913
d7e86750
f54e8d49
30f4964e
6c43f36f
43f4a87c
4669b505
7707c95a
a346578b
f421d068
d8559c81
fee92126
dac0e167
65778b14
45be7fbd
863629b2
17702d03
bbcc4480
add85ab9
14d92efe
e33e965f
3ff128ac
d51ae975
35153d0a
d260397b
949e2398
95bda7f1
a0521fd6
3e2ef257
4e1de144
dbf3d22d
eca86362
d1c65cf3
58b9cdb0
29e86429
872d53ae
445fd54f
59e614dc
5f7a19e5
06fefcba
5d6e776b
f82da2c8
41b76f61
a5102a86
1e7b1f47
b5de2374
fe1aa09d
64b46912
aec068e3
ca7402e0
a585a999
38ec045e
6486b03f
26c66d0c
5afe4655
3270086a
0840115b
8ff34df8
b229f2d1
827e4136
2d646837
7d0b51a4
7989eb0d
de653ac2
3d0d50d3
237de410
ec772b09
8fd0410e
8e52272f
de45313c
08de6ec5
3dd3601a
a864074b
dbd22528
84bc3241
3ab763e6
8a69cd27
beb86bd4
9f58b17d
e285d872
951c14c3
9d1a7140
ca43e879
565509be
72213a1f
8ad5616c
e6119335
a05403ca
1529593b
9a6d2858
8ed52db1
0c969296
b2ca4e17
00b87204
b45df3ed
42a14222
491bb4b3
c74caa70
7a32e1e9
6bb55e6e
1612e90f
39a9fd9c
1b4eb3a5
71dcf37a
179f072b
f9275788
4d9be521
23b6cd46
7184eb07
639e6434
6130b25d
c90277d2
54fb30a3
b8d78fa0
174b1759
73ec3f1e
c60633ff
2ab605cc
ed0cd015
1b192f2a
5a94111b
c423b2b8
55f75891
487313f6
cf58a3f7
d2bd4264
2227eccd
e8b47982
0e698893
3f3e20d0
0c5388c9
87b4abce
039a1aef
00ac79fc
2b82e885
0573b6da
5a97770b
964539e8
c48e8801
8fe666a6
02c478e7
34280c94
b75aa33d
6d824732
14d5bc83
0ec35e00
83d33639
e489a47e
762d9ddf
f1005a2c
a2a7fcf5
4b178a8a
55f838fb
092eed18
adc87371
0bebc556
600769d7
98b1c2c4
949fd5ad
2bf6e0e2
416ecc73
f26a4730
d8111fa9
9ca6292e
dadfbccf
f3e4a65c
8a330d65
66efaa3a
3cc556eb
e543cc48
8dcc1ae1
7b1e3006
492076c7
6bed64f4
518e841d
b15d4692
9723b863
fbf5dc60
03144519
470539de
f48f77bf
f44c5e8c
f59b19d5
e4a715ea
a0cdd0db
51a6d778
b8807e51
f8d8a6b6
1dce9fb7
a42df324
197dae8d
f3c07842
32a38053
b3e91d90
0ea3a689
af61d68e
7bdbceaf
ffea82bc
44172245
10a8cd9a
a5a0a6cb
043b0ea8
c98c9dc1
ad362966
2b90e4a7
f2866d54
1b8454fd
01eb75f2
3a5d2443
49870ac0
844643f9
8636ff3e
0f23c19f
773212ec
909e26b5
a81fd14a
f08cd8bb
71a371d8
14577931
7d11b816
9da64597
f2c9d384
fa79776d
b3693fa2
ce7fa433
c2d2a3f0
dd431d69
10bfb3ee
2286508f
3d560f1c
21e72725
88f720fa
98a166ab
fd430108
140810a1
ba0652c6
6d0dc287
5b8b25b4
3cf415dd
5884d552
f8fa0023
2c8ee920
f2a132d9
d8f6f49e
efe27b7f
e849774c
da692395
61d9bcaa
16ad509b
293cbc38
db856411
d26ef976
50865b77
2e1d63e4
bd4b304d
6a493702
9d7b3813
ca3eda50
6d278449
5d97c14e
66d7426f
f0bf4b7c
a85b1c05
6232a45a
353f968b
c673a368
85767381
0166ac26
ac8f1067
e6938e14
1995c6bd
3a8164b2
69724c03
46257780
355d11b9
c21d19fe
1cc3a55f
e22a8bac
f5b41075
ea2cd80a
00a7387b
248ab698
a4423ef1
fec86ad6
8366e157
abc0a444
23aad92d
a3b85e62
c40e3bf3
e145c0b0
e388db29
7ec1feae
3cc6a44f
8abe37dc
182b00e5
3ab357ba
b6f3366b
41e4f5c8
b20fc661
af2f3586
650cce47
7f37a674
5121679d
b9392412
be3e07e3
a362b5e0
2fb1e099
10816f5e
77bf3f3f
2b6d500c
c136ed55
2571236a
b7f2905b
fba560f8
80c609d1
d3f60c36
5f3fd737
6d4b94a4
2b50720d
770eb5c2
02b0afd3
8aff5710
619f2209
a9166c0e
f44c762f
a7ead43c
6e0ed5c5
bcd13b1a
7534464b
3daef828
aa0c0941
bb37eee6
ed7efc27
bd0f6ed4
bf4ef87d
72041372
c5d533c3
bd5ea440
c0d79f79
defbf4be
3ecd491f
b6a9c46c
d7a9ba35
03fe9eca
6207583b
32a4bb58
ff48c4b1
efcfdd96
e9093d17
20563504
0df3faed
87a43d22
b5da93b3
b6839d70
04a258e9
5d6d096e
3960b80f
10dd209c
62be9aa5
9ee44e7a
e37ac62b
73e9aa88
f9a33c21
e958d846
78dd9a07
e3b2e734
7bd6795d
8e3a32d2
eaafcfa3
793142a0
c4064e59
9464aa1e
0be5c2ff
a277e8cc
8fc47715
822d4a2a
405d901b
39a0c5b8
2a026f91
bc2ddef6
01bb12f7
1e788564
414d73cd
04d0f482
d603e793
beea93d0
e5ca7fc9
689dd6ce
13fb69ef
ba2d1cfc
6af24f85
a34491da
913eb60b
8aad0ce8
a90d5f01
c969f1a6
1620a7e7
e2ba0f94
da6fea3d
c3338232
3345db83
27f29100
1075ed39
e3938f7e
d500acdf
396fbd2c
fc3f23f5
a855258a
b06d37fb
6cb18018
872b0a71
6ee81056
664d58d7
6d4a85c4
7714dcad
a9ecdbe2
f7a4ab73
6b4c3a30
1a4f96a9
e380d42e
e8148bcf
c472c95c
b761f465
984a053a
29f815eb
14111f48
3c8271e1
b7433b06
b04025c7
55bce7f4
6ad34b1d
52480192
420f5763
86ba8f60
795e7c19
cb60a4de
ec1606bf
f229418c
ebd1c0d5
8ace30ea
2bae4fdb
13eeea78
18fa9551
09d671b6
afb80eb7
be643624
9d02358d
be4ff342
4b34df53
eec09090
b3699d89
32ee018e
75a41daf
7c4625bc
34c58945
584ca89a
751ee5cb
8e2de1a8
b43a74c1
dabcb466
0e3413a7
84537054
f8b89bfd
08cfb0f2
55844343
bea13dc0
cdf7faf9
96a3ea3e
ff1dd09f
6f3c75ec
e9344db5
49f06c4a
4798d7bb
637104d8
5da91031
5ad10316
52f33497
6f5d9684
dccd7e6d
15523aa2
9d2c8333
e85f96f0
be509469
07bd5eee
d8a21f8f
5a3f321c
8bd50e25
c9a47bfa
562b25ab
631b5408
8c6d67a1
27ae5dc6
d2f47187
6215a8b4
8bd7dcdd
40229052
481c9f23
64be9c20
d97a69d9
dc355f9e
18100a7f
7f415a4c
3b1eca95
1213d7aa
b5a4cf9b
7b4fcf38
4f6e7b11
fbafc476
a0f6ca77
89cea6e4
9c2eb74d
0e4bb202
56039713
63414d50
443c7b49
5ec6ec4e
8906916f
02f5ee7c
21488305
dea97f5a
cc94d58b
e8f17668
bd534a81
5df03726
7d793f67
8e9b9114
67e90dbd
dd989fb2
90506b03
7a2aaa80
631dc8b9
7eed04fe
9ce4b45f
1ccfeeac
e4493775
1b90730a
434a377b
67a34998
6482d5f1
524ab5d6
c6bad057
c34f6744
7cdde02d
94945962
7a321af3
d67db3b0
4a655229
80e2a9ae
5ac9734f
47025adc
15d7e7e5
95b3b2ba
f3d3f56b
61c848c8
bb241d61
095a4086
68ba7d47
557d2974
0ca42e9d
5289df12
4097a6e3
6bfd68e0
2e1a1799
ada2da5e
4f93ce3f
6e80330c
a36b9455
aabe3e6a
da010f5b
208373f8
8f1e20d1
9079d736
cd374637
7d77d7a4
5c92f90d
1f8430c2
aa300ed3
252cca10
d2031909
02e8970e
7de2c52f
22fc773c
463b3cc5
f91b161a
0360854b
fbb7cb28
7617e041
81c479e6
cbb02b27
ae5271d4
35c13f7d
9c4e4e72
076a52c3
134ed740
f9a75679
e32edfbe
4e15581f
c6ea276c
f33de135
0ff539ca
7f41573b
8a084e58
3d785bb1
b4152896
99642c17
c5dff804
550601ed
b2733822
227572b3
9e669070
d84dcfe9
c5b0b46e
7e4a870f
bf7c439c
4b2a81a5
1f37a97a
4eb2852b
d0d7fd88
5a669321
eb06e346
b9524907
3cb36a34
daf8405d
443dedd2
2f406ea3
b536f5a0
80fd8559
e669151e
126151ff
a4a5cbcc
0a781e15
a78d652a
54830f1b
7449d8b8
59c98691
86f4a9f6
ec3981f7
561fc864
bbeefacd
dcb96f82
bb7a4693
fd4306d0
567d76c9
f61301ce
43f8b8ef
7119bffc
795db685
2a616cda
4541f50b
e740dfe8
50483601
34f97ca6
2098d6e7
50381294
3001313d
5fb0bd32
9e91fa83
02cdc400
7b54a439
ca297a7e
726fbbdf
b24b202c
dbd24af5
d9dec08a
973e36fb
9b601318
4a49a171
9ef05b56
62af47d7
93cf48c4
2305e3ad
b9aed6e2
e9b68a73
68da2d30
41ca0da9
0ce77f2e
12e55acf
b86cec5c
e18cdb65
48f0603a
7286d4eb
310a7248
bbf4c8e1
1b744606
cc7bd4c7
e4786af4
a494121d
8ffebc92
d7d6f663
192b4260
9be4b319
ed480fde
a03895bf
c672248c
160467d5
1b414bea
a0eacedb
a762fd78
f130ac51
5de03cb6
75bd7db7
90867924
5802bc8d
f0ab6e42
bda23e53
74440390
8b6b9489
cf062c8e
8b086caf
420dc8bc
506ff045
b53c839a
7df924cb
8c4cb4a8
7da44bc1
264f3f66
63f342a7
a10c7354
e468e2fd
027febf2
f9876243
816770c0
91e5b1f9
fa9cd53e
29b3df9f
e3b2d8ec
23c674b5
ec0d074a
e700d6bb
2c6a97d8
acb6a731
f19c4e16
7a5c2397
09dd5984
649d856d
b50735a2
e3b56233
1e9889f0
209a0b69
4d4709ee
a859ee8f
e694551c
4ebef525
b59dd6fa
2b10e4ab
c31fa708
f18ebea1
a96268c6
69f72087
d98c2bb4
d737a3dd
708c4b52
be1b3e23
309a4f20
088fa0d9
e8ffca9e
f8d9997f
38a53d4c
2bd07195
d899f2aa
faf84e9b
aa8ee238
57139211
53fc8f76
a1833977
696be9e4
8e8e3e4d
c61a2d02
a467f613
d2efc050
ea8d7249
e482174e
c2d1e06f
aa98917c
2131ea05
9c6c5a5a
5946148b
8b9b4968
efec2181
c485c226
3d7f6e67
8d8f9414
a0b854bd
1f7bdab2
7c0a8a03
87dbdd80
a71a7fb9
fb48effe
53a1c35f
1fe151ac
10da5e75
79400e0a
8a49367b
8de7dc98
467f6cf1
4ad900d6
f82abf57
c4ca2a44
578ce72d
6f3c5462
e431f9f3
6861a6b0
ce7dc929
3d8f54ae
8e68424f
beb27ddc
c880cee5
c8000dba
0410b46b
87d79bc8
ccf47461
63914b86
19842c47
68aeac74
a0a2f59d
e0a69a12
25cd45e3
54441be0
10be4e99
c050455e
dc045d3f
1fff160c
719c3b55
7257596a
5e6b8e5b
2e8d86f8
4d3237d1
6809a236
674ab537
dd901aa4
7d51800d
87c5abc2
238b6dd3
22063d10
ada31009
4d46c20e
1b15142f
7f7a1a3c
0163a3c5
a2b0f11a
42e8c44b
45ec9e28
58dfb741
3e5d04e6
14fd5a27
c28174d4
72af867d
11648972
49db71c3
ceeb0a40
e4b30d79
12edcabe
8ff9671f
eb968a6c
a8ce0835
7437d4ca
5cd7563b
d097e158
b963f2b1
09667396
b3db1b17
2155bb04
f99408ed
730e3322
7eec51b3
aef58370
653546e9
54805f6e
d4d0560f
7587669c
449268a5
a2d7047a
4946442b
3ff25088
dfe5ea21
d8c0ee46
22e2f807
9e9fed34
ee96075d
9b0da8d2
12ad0da3
9ce8a8a0
be30bc59
19f9801e
c978e0ff
613faecc
cd27c515
3b39802a
87048e1b
a41eebb8
554c9d91
58c774f6
7ed3f0f7
a9b30b64
020c81cd
206dea82
aecca593
2a4779d0
ce6c6dc9
e0142cce
839207ef
557262fc
c6c51d85
4aca47da
66a1340b
dc00b2e8
2a3f0d01
829507a6
122d05e7
aca21594
280e783d
f2f9f832
46ba1983
cf54f700
346f5b39
484b657e
3e7acadf
8b92832c
b16171f5
8fb45b8a
fa6b35fb
c53aa618
67243871
4c04a656
452d36d7
3c400bc4
0872eaad
0b3cd1e2
07a46973
1b142030
be8084a9
c8da2a2e
4b5229cf
ffd30f5c
78b3c265
28e2bb3a
067193eb
6c2fc548
7c231fe1
57b15106
8dd383c7
481fedf4
6ed0d91d
1a817792
487a9563
e347f560
daa6ea19
5cbb7ade
00f724bf
a127078c
e4330ed5
460066ea
f0834ddb
3c031078
b122c351
a4f607b6
5fdeecb7
4a94bc24
ba7f438d
3ad2e942
79eb9d53
74737690
06a98b89
33aa578e
ac08bbaf
81416bbc
07165745
d7785e9a
b02f63cb
2e9787a8
95ca22c1
3fedca66
1cce71a7
78b17654
4e9529fd
9efc26f2
16668143
c1d9a3c0
400f68f9
6221c03e
7ee5ee9f
04953bec
b0549bb5
3e75a24a
bec4d5bb
fc902ad8
71803e31
f1739916
03e11297
f2491c84
01e98c6d
428830a2
921a4133
957d7cf0
741f8269
915cb4ee
81adbd8f
1255781c
daa4dc25
fce331fa
0752a3ab
4d4ffa08
b36c15a1
ef2273c6
2215cf87
f1eeaeb4
8f136add
99c20652
4af5dd23
c0220220
efe0d7d9
af56359e
823f287f
4475204c
1c7e1895
656c0daa
d6a7cd9b
e6f9f538
6274a911
8b555a76
422ba877
fcf52ce4
0469c54d
41b4a802
78a85513
494a3350
d01a6949
9ec9424e
04392f6f
17a7347c
18175105
4b7b355a
cb53538b
de711c68
8d40f881
e5274d26
dca19d67
136f9714
34039bbd
b02b15b2
1ca0a903
9f391080
715336b9
e730dafe
30fad25f
1b5eb4ac
eb678575
b33ba90a
c5a4357b
c7586f98
ba3803f1
98734bd6
07b6ae57
e030ed44
23b7ee2d
e3b04f62
f20dd8f3
c6f199b0
dfd24029
64c7ffae
c7a3114f
21cea0dc
a025b5e5
819868ba
d7a9736b
e412eec8
5780cb61
6dd45686
6769db47
e8cc2f74
7d1dbc9d
138f5512
5ddee4e3
8c36cee0
479e8599
f889b05e
0d10ec3f
6fe9f90c
9bc8e255
2c3c746a
35320d5b
55c399f8
2b024ed1
0aa56d36
1d7a2437
bd945da4
fd8c070d
5fd326c2
5ec2ccd3
b18bb010
647f0709
3830ed0e
bbe3632f
ed63bd3c
0f880ac5
6992cc1a
23cd034b
4c4d7128
c2638e41
a1018fe6
b9668927
299c77d4
e619cd7d
8146c472
7d2890c3
20333d40
f1fac479
1e38b5be
f479761f
54aeed6c
685a2f35
e0c66fca
eac9553b
36537458
e30b89b1
9fc3be96
286e0a17
62b77e04
6b9e0fed
79752e22
bb3f30b3
18307670
1b58bde9
b9dc0a6e
2cf2250f
62fe899c
bef64fa5
d9c25f7a
c336032b
f138a388
fa214121
6286f946
a58fa707
39787034
26afce5d
42a963d2
84f5aca3
60465ba0
eb9ff359
df15eb1e
212c6fff
084591cc
47d36c15
ed319b2a
c7e20d1b
f91ffeb8
8c8bb491
e1a63ff6
a98a5ff7
49324e64
83a608cd
7fee6582
9ffb0493
75f7ecd0
bd9764c9
d6a157ce
c2c756ef
973705fc
c3288485
b47f22da
e55c730b
98ec85e8
a6f1e401
623c92a6
dadd34e7
27f81894
3297bf3d
2d0f3332
1bbe3883
bd882a00
abc61239
0df9507e
2921d9df
f545e62c
ecec98f5
79d5f68a
c9f434fb
1a413918
4dbacf71
2624f156
fdc725d7
969ccec4
975bf1ad
4e96cce2
416e4873
b1fa1330
0072fba9
c758d52e
815af8cf
caa5325c
ecd6a965
e821163a
d5b852eb
f5811848
ed0d76e1
1bfa5c06
e44732c7
b0b370f4
3989a01d
a1d03292
83fa3463
1510a860
a5a52119
c9bae5de
fe51b3bf
b247ea8c
c65db5d5
bb0b81ea
0a77ccdb
01cf2378
c8d0da51
8f17d2b6
5e1c5bb7
1c8eff24
3477ca8d
4cc66442
7010fc53
1f4ee990
95238289
10da828e
c8a50aaf
69e10ebc
c8b8be45
6f00399a
fbc1a2cb
a50e5aa8
6cabf9c1
d7985566
28c5a0a7
3b427954
a73d70fd
8e4461f2
9c21a043
aff7d6c0
48751ff9
7d32ab3e
eeb3fd9f
01e39eec
fedec2b5
f12a3d4a
bee4d4bb
03e1bdd8
1c05d531
0a56e416
df820197
58a0df84
24b1936d
6dd52ba2
985b2033
7d0e6ff0
28e0f969
83fe5fee
549d8c8f
0d829b1c
9f86c325
4f748cfa
daf062ab
31ac4d08
42056ca1
a8ee7ec6
eb507e87
db3d31b4
236b31dd
6bc3c152
deac7c23
4355b520
ff6e0ed9
df38a09e
a440b77f
d2b1034c
7d27bf95
688a28aa
38b34c9b
60910838
e191c011
51ba2576
72f01777
746a6fe4
6dc14c4d
311b2302
c2c4b413
f650a650
64e36049
3d9c6d4e
3d3c7e6f
7a21d77c
75f8b805
9bd6105a
12bc928b
1172ef68
0551cf81
6fd4d826
4adfcc67
503b9a14
91cae2bd
3fa650b2
6212c803
f0424380
31c7edb9
f2a4c5fe
24efe15f
3f4817ac
e3f0ac75
7983440a
e55b347b
43f50298
2fac9af1
eb1996d6
e55e9d57
4583b044
515ef52d
a1f04a62
93c5b7f3
222d8cb0
ee62b729
a68caaae
f679e04f
a056c3dc
0cc69ce5
727cc3ba
5e9e326b
a67a41c8
cac92261
d8236186
426b8a47
05d5b274
1214839d
9b441012
d8cc83e3
43d581e0
42babc99
064f1b5e
d2b97b3f
8e40dc0c
91f18955
886d8f6a
4e548c5b
c625acf8
988e65d1
284d3836
dfc59337
4d84a0a4
4d428e0d
57aca1c2
4bd62bd3
03bd2310
6696fe09
73a7180e
504db22f
9cb9603c
e0a871c5
fdc0a71a
960d424b
3eda4428
22a36541
59b21ae6
a8ebb827
13a37ad4
0000147d
9bf4ff72
9151afc3
37277040
917e7b79
b50fa0be
6b95851f
3233506c
a1e25635
05a10aca
1917543b
eb3b0758
2a6f20b1
272d0996
e71cf917
ba054104
1b2416ed
75a82922
c76e0fb3
0a176970
6ab834e9
a5c3b56e
76aff40f
b7e1ac9c
2a5636a5
73f9ba7a
ac81c22b
14aaf688
19189821
38590446
31585607
3d3cf334
f345955d
eb111ed2
761a4ba3
2f500ea0
794b2a59
e5be561e
097bfeff
c9b774cc
ea7b1315
6d75b62a
071b8c1b
a34d11b8
6f86cb91
d1910af6
5c5ccef7
649d9164
b0bb8fcd
ab3ae082
7f056393
10545fd0
93fe5bc9
89ba82ce
f198a5ef
6667a8fc
de87eb85
177ffdda
b173b20b
4e0458e8
3660bb01
83f01da6
6aa963e7
f23a1b94
bf9d063d
bdf06e32
0d9e5783
fd675d00
5158c939
cb333b7e
2264e8df
1f65492c
fe73bff5
4843918a
f5d933fb
ca73cc18
6e0d6671
dd513c56
7c7d14d7
d2e591c4
3fc0f8ad
33bcc7e2
87142773
5d8c0630
77a172a9
b863802e
a4ffc7cf
48e3555c
adf59065
36ab713a
d05b11eb
fcfe6b48
7eb3cde1
184f6706
bfd6e1c7
4e32f3f4
74be671d
d5eaed92
7a55d363
de855b60
6cdf5819
e44650de
884842bf
29d4cd8c
2c845cd5
2a629cea
dec84bdb
28c73678
a83af151
cc459db6
6075cab7
36754224
35ec518d
d685df42
90125b53
a4d65c90
a6d97989
1696ad8e
d0dd59af
2becb1bc
05572545
2bd4149a
50afe1cb
1fb12da8
7249d0c1
9d4ee066
77d8cfa7
18bf7c54
5e61b7fd
80589cf2
7ab8bf43
7bc209c0
1b16d6f9
fbcf963e
691e0c9f
0b9e01ec
7f64e9b5
b42ad84a
d760d3bb
725f50d8
1c476c31
ec462f16
fd3ef097
6ce4a284
3cf59a6d
e6ee26a2
e677ff33
054b62f0
aede7069
d52c0aee
11295b8f
081bbe1c
0d64aa25
5d51e7fa
95ea21ab
a034a008
0d5ac3a1
86c689c6
b5a72d87
c577b4b4
043ef8dd
96917c52
693f1b23
ea356820
a73745d9
28a70b9e
4ede467f
1358e64c
bdcd6695
91f443aa
111acb9b
47541b38
446ad711
572af076
23d08677
ffcbb2e4
3a94d34d
444d9e02
72bd1313
0a031950
18e85749
70fb984e
5ddbcd6f
02087a7c
aad61f05
3d7ceb5a
1f81d18b
54a0c268
c81ea681
148e6326
7839fb67
73f39d14
2a0e29bd
7ded8bb2
3c60e703
aaf77680
5878a4b9
cda4b0fe
1f80f05f
bb9d7aac
6a75d375
7c16df0a
d96e337b
33bd9598
16dd31f1
f2cbe1d6
81228c57
24c27344
5081fc2d
59fc4562
b95996f3
aa157fb0
6a2f2e29
b2dd55ae
0aecaf4f
6a4ae6dc
7e6383e5
4aad1eba
88eef16b
ff0d94c8
96cd7961
527e6c86
9a893947
efcb3574
cf874a9d
27c4cb12
869622e3
ab2034e0
7212f399
99a0865e
1cfe0a3f
ab03bf0c
c4163055
36eaaa6a
99d30b5b
afb3bff8
05d67cd1
71010336
9e2d0237
bd60e3a4
dc75150d
1f521cc2
dac58ad3
489a9610
23eaf509
afa9430e
c854012f
bd7b033c
e4c4d8c5
0f3a821a
89a9814b
4d931728
e99f3c41
186ea5e6
d38ce727
b0967dd4
30625b7d
116f3a72
7656cec3
43c7a340
333e3279
87728bbe
e54d941f
b423b36c
c5667d35
92c7a5ca
d7c1533b
1f4e9a58
ff8eb7b1
4fa25496
dfe7e817
573f0404
78261ded
17a72422
9378eeb3
b4aa5c70
c353abe9
c837606e
a209c30f
a430cf9c
f6b21da5
217d157a
f529812b
da494988
accbef21
0a370f46
b63d0507
d9ed7634
c4575c5d
4444d9d2
d61aeaa3
3a05c1a0
d7326159
ddf2c11e
72678dff
d59557cc
251eba15
6c05d12a
34b10b1b
d2a624b8
6e3de291
d887d5f6
874b3df7
2bf4d464
f94d16cd
52535b82
3bebc293
295cd2d0
c1a152c9
a95fadce
0005f4ef
f3044bfc
88e35285
23ccd8da
bae6f10b
2b482be8
488b9201
97afa8a6
b19192e7
3b681e94
3f1e4d3d
559da932
0c5a7683
bef29000
95278039
2ff9267e
1a43f7df
39f0ac2c
55f6e6f5
aafd2c8a
6e1a32fb
05d25f18
381bfd71
21898756
b14f03d7
211a54c4
71a1ffad
6aaec2e2
c8960673
4dc9f930
940be9a9
4bfa2b2e
a64096cf
aa8d785c
2c107765
c481cc3a
e659d0eb
b2a7be48
a11624e1
fcb07206
108290c7
509e76f4
906f2e1d
66d1a892
1b8d7263
6fa60e60
a0558f19
5c5dbbde
8edad1bf
37cdb08c
86a703d5
4405b7ea
5d74cadb
e0eb4978
bf610851
0c7f68b6
56eb39b7
c8478524
2edcd88d
88115a42
c9efba53
3509cf90
abcb7089
f4ded88e
b4b1a8af
f76454bc
2cf18c45
bdf3ef9a
9efa20cb
ce8000a8
16a3a7c1
41116b66
fa07fea7
41287f54
e401fefd
2538d7f2
a22bde43
55383cc0
27f48df9
8df8813e
de241b9f
51c464ec
a1e710b5
3777734a
f838d2bb
7808e3d8
e2450331
47417a16
4d17df97
5f146584
bab5a16d
5dd321a2
6c70de33
5e3455f0
7617e769
34e5b5ee
a7512a8f
3220e11c
943e9125
d67b42fa
283fe0ab
c8e8f308
856c1aa1
38aa94c6
7119dc87
e09e37b4
a18ebfdd
ca2b3752
daadba23
e4c11b20
573c7cd9
3ba1769e
7217d57f
366cc94c
4e6f0d95
91aa5eaa
4fde4a9b
cb432e38
faffee11
4ba7bb76
44ccf577
cf18f5e4
dae45a4d
2b4c1902
78917213
b4618c50
5c294e49
e8e6c34e
56171c6f
df5b1d7c
26af8605
e06fc65a
e1a3108b
d7fa9568
45a77d81
8353ee26
54b02a67
ae97a014
6ccd70bd
1b00c6b2
9b8b0603
ff58a980
55655bb9
28309bfe
10adff5f
c05eddac
eef6fa75
6af67a0a
91dd327b
c6b22898
dfc9c8f1
5f8a2cd6
cb027b57
aded3644
9121032d
bbd44062
52c975f3
8ea972b0
c337a529
39ba00ae
f4fb7e4f
afab09dc
64fc6ae5
ba2979ba
469bb06b
1dcce7c8
2b8dd061
8ce57786
5fc2e847
d6acb874
2576119d
69118612
573bc1e3
f216e7e0
45a72a99
627df15e
dbde993f
f632a20c
a236d755
e7b3c56a
07ad8a5b
426dd2f8
e2da93d1
94c0ce36
48b07137
3d2926a4
1b239c0d
66c397c2
fb90e9d3
b0240910
0c7aec09
9c376e0e
13f6502f
7fa8a63c
8bdd3fc5
4e005d1a
eea1c04b
a877ea28
87571341
8d3730e6
294a1627
307580d4
e740a27d
91b57572
1c37edc3
7613d640
4739e979
456176be
51a1a31f
0a80166c
42e6a435
383a40ca
16c7523b
028e2d58
d26a4eb1
c9239f96
02ced717
6a64c704
f2a424ed
0f721f22
0f5fcdb3
47e94f70
952b22e9
d1370b6e
9eff920f
57ebf29c
940a04a5
924c707a
8d2d402b
72139c88
253b4621
88211a46
243db407
3f89f934
09e5235d
fe4494d2
94f789a3
b06774a0
75559859
77b32c1e
4bef1cff
5bdf3acc
67be6115
98e1ec2a
40a28a1b
b72b37b8
f8b0f991
a68aa0f6
1a55acf7
cf381764
cd5a9dcd
2537d682
c6ae2193
f11145d0
b68049c9
e590d8ce
de0f43ef
6d0ceefc
323ab985
8965b3da
f1b6300b
60b7fee8
4d726901
4d7b33a6
9f95c1e7
33822194
211b943d
a416e432
07f29583
3229c300
e7323739
ec4b117e
00bf06df
74e80f2c
63760df5
5202c78a
22b731fb
fc5cf218
1be69471
a2cdd256
8c3cf2d7
b13b17c4
9cff06ad
a36cbde2
f5f3e573
b2b3ec30
c5b260a9
321cd62e
751d65cf
1fa39b5c
d7275e65
41a4273a
07b48feb
467d1148
c4347be1
791d7d06
c64a3fc7
e7f5f9f4
fc9bf51d
04846392
57a11163
f872c160
b007c619
e20126de
020960bf
0c32938c
44c5aad5
b7f4d2ea
767d49db
5a3b5c78
7e431f51
ffc533b6
317ca8b7
0205c824
8f495f8d
1168d542
0da91953
ffe94290
13f96789
5bb3038e
6421f7af
fc47f7bc
af87f345
d55fca9a
d6a05fcb
e17ad3a8
c9b97ec1
72dff666
9f532da7
e47d8254
a81e45fd
2ce512f2
027afd43
6c5a6fc0
df0e44f9
e3ad6c3e
3dc62a9f
0456c7ec
d66537b5
2b100e4a
116cd1bb
44de76d8
ddfe9a31
cb48c516
bf0cce97
5f302884
0df1a86d
82841ca2
1a45bd33
b7c948f0
ee8d5e69
532b60ee
0714f98f
bb92041c
a4147825
6af09dfa
81f19fab
dbc94608
1a3971a1
6e9a9fc6
0da88b87
5cb0bab4
6b5a86dd
b690f252
22f85923
62f8ce20
7f7db3d9
c827e19e
fded647f
6becac4c
9f0cb495
17ac79aa
e4fdc99b
1c5e4138
75510511
df308676
c5e56477
125238e4
beafe14d
96169402
c441d113
256bff50
9ea64549
555dee4e
15ee6b6f
4219c07c
5984ed05
34aea15a
49204f8b
cb806868
edec5481
6c257926
d0425967
3027a314
ca08b7bd
c6e001b2
6f912503
1d65dc80
988e12b9
b24886fe
e8770e5f
7d8c40ac
e1742175
f622150a
fea8317b
2cd2bb98
fa725ff1
e15477d6
b2fe6a57
1103f944
833c0a2d
77783b62
501554f3
ffe965b0
697c1c29
eb22abae
a4a64d4f
a0772cdc
309151e5
70f1d4ba
87a46f6b
32b83ac8
f90a2761
37588286
82189747
ea7a3b74
83e0d89d
0f2a4112
3abd60e3
48b99ae0
2d776199
10e75c5e
ff5b283f
9fcd850c
9c537e55
4ac8e06a
87e4095b
ae53e5f8
9f9aaad1
438c9936
cf4fe037
fcdd69a4
794e230d
de0112c2
9e3848d3
6a597c10
9046e309
e951990e
23349f2f
1342493c
45f1a6c5
6a12381a
b4f5ff4b
7f88bd28
6bcaea41
680bbbe6
9a234527
c34083d4
949ae97d
ccc7b072
72f50cc3
fe0c0940
3d71a079
9edc61be
a091b21f
6548796c
8a62cb35
a5f8dbca
c629513b
c4f9c058
1301e5b1
43b0ea96
3fd1c617
23768a04
fa9e2bed
0d091a22
2b22acb3
f3d44270
503e99e9
70c2b66e
5d91610f
0313159c
725deba5
7667cb7a
648cff2b
0c09ef88
f2669d21
62172546
6b5a6307
9e127c34
33eeea5d
c9104fd2
a2b028a3
c27527a0
c3b4cf59
62ff971e
8612abff
8c951dcc
225a0815
a40a072a
1af0091b
80dc4ab8
7ee01091
eb996bf6
057c1bf7
7e675a64
9ce424cd
d3e85182
0f4c8093
9771b8d0
e29b40c9
ee4e03ce
7bb492ef
048191fc
4a8e2085
f84a8eda
45e16f0b
1e53d1e8
b5154001
5552bea6
24b5f0e7
0a882494
d594db3d
595c1f32
f066b483
870cf600
b778ee39
b028fc7e
c5d615df
004b722c
96f134f5
ed54628a
03b030fb
de138518
896d2b71
111e1d56
fd46e1d7
b347dac4
31d80dad
8df6b8e2
ff2dc473
bc49df30
7c94d7a9
1acb812e
019634cf
d825be5c
1f3a4565
5e12823a
246b4eeb
e87e6448
580ed2e1
3d968806
d12deec7
44397cf4
2944bc1d
5f031e92
1e90b063
a8eb7460
0bf5fd19
253091de
d1d3efbf
d703768c
d6e051d5
362fedea
19e1c8db
c4b76f78
54e13651
5616feb6
e02a17b7
13b00b24
c731e68d
228c5042
4b3e7853
3574b590
4f635e89
fb132e8e
cf2e46af
6a979abc
fd1a5a45
2217a59a
e7a29ecb
88a1a6a8
fb8b55c1
e2ba8166
57ba5ca7
32be8554
1ab68cfd
475d4df2
8ba61c43
f128a2c0
b063fbf9
acee573e
7804399f
53552aec
8cdf5eb5
3ef4a94a
12fcd0bb
08e009d8
7f743131
285c1016
431dbd97
9d37eb84
a6a9af6d
050117a2
dff69c33
420a3bf0
883ed569
dffd0bee
2074c88f
d46f271c
ace65f25
cab1f8fa
92ff5eab
08d59908
3bc2c8a1
d896aac6
7b533a87
69af3db4
d1a24ddd
0bc2ad52
321ef823
94dc8120
8ffaead9
7e3a4c9e
e25ef37f
e3d88f4c
1fa65b95
d3fa94aa
c079489b
6aa55438
235e1c11
c1c55176
9719d377
f9777be4
55f7684d
34ad0f02
45ce3013
8d227250
505f3c49
6661194e
8d61ba6f
5a44637c
b3565405
ea397c5a
45f98e8b
5f323b68
30ed2b81
7f030426
daf08867
28a3a614
b1bffebd
318b3cb2
a8734403
351f0f80
91f2c9b9
1bec71fe
96dc1d5f
2325a3ac
b1ed4875
cd99b00a
0fcf307b
961f4e98
d6d6f6f1
282ac2d6
29165957
7e06bc44
96d3112d
3ce83662
a13d33f3
2dd558b0
ccfc9329
771756ae
09ed1c4f
6caf4fdc
512238e5
1f062fba
3c092e6b
6dcf8dc8
6f427e61
01d78d86
f18a4647
5b33be74
5ac79f9d
ca0efc12
211affe3
df084de0
99839899
54dcc75e
7773b73f
d7d4680c
226c2555
1029fb6a
0a76885b
2365f8f8
ac16c1d1
2d646436
220b4f37
2c7daca4
66f4aa0d
350a8dc2
b2bba7d3
a73aef10
1f4eda09
46f7c40e
e60eee2f
a847ec3c
83020dc5
1370131a
cca63e4b
02c59028
06fac141
58ec46e6
16187427
98f786d4
a871307d
72a5eb72
6a8e2bc3
0bb03c40
85e55779
43e34cbe
c21dc11f
f47cdc6c
0bdaf235
8c0376ca
d5e7503b
96915358
31557cb1
6f4a3596
86f0b517
b2744d04
001432ed
c06c1522
d6c18bb3
e86b3570
648e10e9
56da616e
cdbf300f
d5a6389c
01add2a5
7dcf267a
6b48be2b
d82c4288
844df421
48193046
7b931207
2586ff34
b274b15d
54a80ad2
ef44c7a3
a02edaa0
32500659
4fd8021e
10d23aff
97b700cc
c4f1af15
3d7e222a
b399881b
5fb95db8
70cb2791
57b436f6
38be8af7
69829d64
d7e9abcd
0e64cc82
05c6df93
4c7e2bd0
b5f237c9
73972ece
c8f5e1ef
e96234fc
41dd8785
207b69da
a768ae0b
941ba4e8
ef741701
5f3649a6
30f21fe7
f07a2794
cc8a223d
256d5a32
b5b6d383
ed9c2900
75fba539
2b92e77e
598924df
0c1ad52c
60685bf5
2cf1fd8a
01052ffb
daf61818
f0afc271
1c7a6856
f46cd0d7
57409dc4
a02d14ad
da4cb3e2
d443a373
9a8bd230
28b34ea9
b6062c2e
3bab03cf
0413e15c
74492c65
c9ccdd3a
2c7e0deb
c8abb748
cca529e1
fa1b9306
212d9dc7
9568fff4
8669831d
264dd992
605c4f63
b1102760
24203419
d5ebfcde
ee3a7ebf
c840598c
acf6f8d5
6eb708ea
37a247db
505f8278
b33b4d51
bf74c9b6
52f386b7
2d464e24
46966d8d
6b7bcb42
72afd753
05ac2890
ce095589
82ff598e
e5d695af
72533dbc
85a8c145
541b809a
c200ddcb
f3f479a8
1c192cc1
40a10c66
133d8ba7
5beb8854
abcad3fd
24a188f2
2dad3b43
13a2d5c0
0bf5b2f9
99bb423e
7cde489f
6ebf8dec
355585b5
2325444a
ece8cfbb
f40d9cd8
36a5c831
0e7b5b16
c94aac97
492bae84
f4ddb66d
954a12a2
ad837b33
2cf72ef0
b32c4c69
8b5ab6ee
e370978f
acb84a1c
1eb44625
a5bf53fa
4b691dab
800dec08
5a081fa1
269eb5c6
aa19e987
3799c0b4
446614dd
79c06852
f8219723
aa6c3420
f8b421d9
0dd8b79e
0f6c827f
ce30724c
403c0295
7694afaa
d250c79b
e6186738
75273311
a3661c76
a86a4277
b488bee4
10baef4d
b70f8a02
ed368f13
1b84e550
e1543349
cbf0444e
ac71096f
57db067c
a423bb05
b110575a
c82ecd8b
c3100e68
7eaa0281
6bec8f26
64bab767
c80ba914
93f345bd
0b0277b2
36316303
76844280
b19380b9
151c5cfe
0bdd2c5f
e12b06ac
d0626f75
a15d4b0a
b5522f7b
3297e198
e4f78df1
e40d0dd6
1d4a4857
24f57f44
3be6182d
bc243162
364112f3
486d4bb0
5db90a29
8d9801ae
14cfeb4f
445372dc
36af1fe5
74668aba
53c9ed6b
ff12e0c8
fe36d561
9c629886
9e17f547
58d94174
1a2a669d
49bfb712
fa549ee3
e50300e0
f9cbcf99
de5e325e
3428463f
ce474b0c
a480cc55
e7d7166a
7f65075b
d1a40bf8
784ed8d1
02482f36
30e2be37
fc09efa4
5417310d
1be008c2
291b06d3
96c86210
2992d109
6529ef0e
4c853d2f
6eb98f3c
b30e74c5
fa19ee1a
25b27d4b
622e6328
c8e69841
0fd8d1e6
8d29a327
e19a89d4
92c3777d
33502672
f3034ac3
cf006f40
90950e79
e47637be
a645d01f
e81d3f6c
374f1935
9a5a11ca
36014f3b
a754e658
9d6513b1
fbef8096
c82ba417
475e1004
730639ed
d99b1022
023c6ab3
55ae2870
421987e9
337e0c6e
df88ff0f
ffa55b9c
b1f9b9a5
5882817a
91607d2b
067a9588
4af14b21
ea273b46
44e7c107
05e78234
f576785d
510bc5d2
6ab566a3
79948da0
31273d59
ee3c6d1e
dc2dc9ff
ad44e3cc
bf855615
153e3d2a
fa9f071b
83c270b8
3e723e91
9adb01f6
a41cf9f7
c089e064
ee6b32cd
84ad4782
9a1d3e93
40369ed0
a0852ec9
256c59ce
b5d330ef
4baed7fc
8828ee85
b1f844da
064bed0b
f20f77e8
6c8eee01
1b25d4a6
b44a4ee7
15582a94
75fb693d
b84a9532
47e2f283
95d75c00
92ba5c39
0e88d27e
abd833df
c856382c
2fdb82f5
c0db988a
0ab62efb
2304ab18
c1ae5971
74e2b356
61aebfd7
cd2560c4
57fe1bad
386eaee2
65358273
7d79c530
3a0dc5a9
b3ccd72e
135bd2cf
d36e045c
46541365
34d3383a
0feccceb
17050a48
91f780e1
5eac9e06
a6494cc7
0b8482f4
840a4a1d
0a649492
0d03ee63
40e0da60
68866b19
a43367de
473d0dbf
0fe93c8c
37099fd5
118a23ea
bfbec6db
2d339578
09516451
ebde94b6
79d8f5b7
7ec89124
7d76f48d
9c374642
73fd3653
a08f9b90
ffeb4c89
a377848e
981ae4af
437ae0bc
b9332845
1b6b5b9a
55bb1ccb
53734ca8
9b6303c1
3c939766
c1dcbaa7
90048b54
cb5b1afd
74b1c3f2
d8905a43
03c908c0
61c369f9
5a142d3e
3c54579f
8695f0ec
3fc7acb5
87a1df4a
8f30cebb
36672fd8
73935f31
2da6a616
41939b97
930b7184
688dbd6d
e35f0da2
72ec5a33
a89021f0
df55c369
054461ee
4008668f
746d6d1c
697e2d25
ac18aefa
9b2edcab
71723f08
e50976a1
08b2c0c6
89fc9887
f67043b4
33a5dbdd
b08a2352
65003623
d3a7e720
29a958d9
2703229e
7516117f
5af4554c
70cda995
af7acaaa
0a84469b
beb77a38
daac4a11
3412e776
e9d6b177
738601e4
5efa764d
cd3e0502
aa7aee13
00935850
c1852a49
360b6f4e
631c586f
6adda97c
9bed2205
3933325a
bfc00c8b
2719e168
4722d981
e2e21a26
5da0e667
3e5fac14
e0a28cbd
0345b2b2
08cb8203
11957580
677037b9
4dd847fe
377a3b5f
e79c69ac
acd39675
216ce60a
df312e7b
323c7498
94d424f1
c4fb58d6
7f9a3757
35d04244
e2751f2d
a52c2c62
ff20f1f3
7fb13eb0
8bb18129
dea4acae
b54eba4f
576395dc
513806e5
2112e5ba
bee6ac6b
168233c8
15e72c61
b6f9a386
77c1a447
136ac474
32092d9d
3e3c7212
b66a3de3
8aa9b3e0
be500699
5d6b9d5e
2578d53f
b3262e0c
92917355
81d0316a
d6af865b
e90e1ef8
7442efd1
7237fa36
ebd62d37
9b8232a4
b0b5b80d
428183c2
f15665d3
6901d510
1f12c809
f3e81a0e
46978c2f
9697323c
4616dbc5
ce0fc91a
b01abc4b
cdc33628
218e6f41
3cd15ce6
ef56d227
cd298cd4
c391be7d
bec66172
fc5469c3
77fca240
cd80c579
309522be
3d09df1f
7029a26c
7cbf4035
80fcacca
d6774e3b
27447958
c730aab1
99a0cb96
f3829317
1233d304
c37440ed
08960b22
9d9349b3
6b9d1b70
58e0fee9
b6adb76e
82eece0f
b1107e9c
f341a0a5
b681dc7a
c6d43c2b
c6f4e888
b650a221
f8414646
b7587007
6f340534
6cf43f5d
6e3b80d2
050205a3
7ea640a0
303a7459
ee2cd81e
d82558ff
fd3ec6cc
8214fd15
db4a582a
e000861b
1cf783b8
57d55591
650dccf6
379768f7
b37d2364
5068b9cd
e6c1c282
bc4f9d93
a29b11d0
125425c9
b3cd84ce
324c7fef
5b677afc
8d705585
5cc11fda
528b2c0b
682f4ae8
9c65c501
39215fa6
9ebe7de7
a9222d94
41e8b03d
c1f3d032
96eb1183
afbe8f00
7db51339
090abd7e
acc342df
64fd9b2c
754aa9f5
5911338a
10c32dfb
e63f3e18
6c68f071
ca56fe56
350caed7
44f623c4
c94b22ad
585ca9e2
a2036173
9513b830
20a43ca9
c41f822e
78a8a1cf
7634275c
055afa65
4f25933a
beb78beb
038a5d48
1805d7e1
1b49a906
5080fbc7
d68c05f4
9227111d
bb474f92
14878d63
885d8d60
4928a219
4006d2de
ccdb9cbf
ddfe1f8c
e51846d5
cea93eea
a23745db
8b33a878
c7237b51
8b545fb6
44da64b7
3836d424
dbd37b8d
64bec142
3f269553
361f0e90
55094389
0c7baf8e
d5fb33af
0e0e83bc
07b98f45
2807369a
92d15bcb
d71e1fa8
e968dac1
86922266
5397e9a7
ff098e54
e96761fd
e78dfef2
7c4f7943
f19b3bc0
21cd20f9
9df9183e
a666669f
cad853ec
1c35d3b5
1c6a7a4a
e9d4cdbb
ffecc2d8
a63cf631
35ddf116
9bf88a97
aad73484
71b9c46d
9f4008a2
20313933
e4d514f0
7cbb3a69
fdba0cee
263c358f
5b8e901c
fd441425
8dbe09fa
72509bab
0d029208
4cc6cda1
2ed2cbc6
0afb4787
d632c6b4
0f61a2dd
601fde52
68bad523
408f9a20
92da8fd9
79b98d9e
035ba07f
ba24384c
215b5095
2eace5aa
5913c59b
24828d38
c3ed6111
23cbb276
4b5f2077
666f44e4
b0b5fd4d
27388002
6d9b4d13
6c4dcb50
60f22149
54b29a4e
a163a76f
c34c4c7c
0ab28905
32a20d5a
1cad4b8b
bb4fb468
fa57b081
93e3a526
b5a31567
bb9faf14
07cdd3bd
ca54edb2
1041a103
3652a880
2388eeb9
762032fe
09b34a5f
6679ccac
b740bd75
fdc8810a
7d6c2d7b
c50d0798
566cbbf1
7af5a3d6
40062657
e0970544
fa80262d
a8002762
ebdcd0f3
03a131b0
c6e5f829
1a3d57ae
db69894f
d5dfb8dc
10bcede5
d50b40ba
6d5f6b6b
e41d86c8
26538361
019cae86
6e875347
bae84774
1263f49d
57852d12
455bdce3
fffc66e0
57103d99
8205085e
3b65643f
b671110c
5c9e1a55
8e154c6a
0056055b
99a431f8
0ff306d1
2d33c536
42e59c37
3ae675a4
ecd03f0d
58eefec2
fb6dc4d3
4de74810
6fcebf09
a332450e
c445db2f
4fe0d53c
ac1b42c5
3f51a41a
5bdefb4b
75840928
80f24641
8fd5e7e6
2ca00127
8ba48fd4
aadc057d
c5089c72
768188c3
36a4d540
aca87c79
d8400dbe
7669ee1f
bca2056c
4c2b6735
efeb47ca
a7494d3b
46600c58
1eb841b1
f85e1696
f8f58217
42f59604
615e47ed
fd5d0622
98c628b3
5a380e70
18e475e9
9069626e
a7f09d0f
19e7a19c
358587a5
47cd377a
fba3fb2b
499b3b88
366bf921
22675146
c2e51f07
916c8834
88ee065d
5c373bd2
ae2aa4a3
df63f3a0
9f89ab59
ffa9431e
f4b8e7ff
b7a4a9cc
7ca0a415
3fa2732a
53be051b
5b5896b8
2cf46c91
664c97f6
e32dd7f7
725c6664
6de240cd
e4a23d82
5c5dfc93
a3ab84d0
7b5f1cc9
cebaafce
2e61ceef
488c1dfc
c1b3bc85
d0d5fada
7c266b0b
267b1de8
eef89c01
6928eaa6
e04eace7
dbd83094
a051f73d
f2690b32
92cf3083
6b51c200
a6ebca39
cb18a87e
4c4a51df
1210fe2c
a0b5d0f5
a592ce8a
032c2cfb
54a5d118
60df8771
ccd74956
5e869dd7
eeb2e6c4
641429ad
ea16a4e2
7aad4073
1159ab30
4c76b3a9
96fe2d2e
5b9170cf
1c664a5c
215de165
c8c3ee3a
28de4aeb
be3bb048
ced02ee1
dff2b406
0fd4aac7
267f88f4
20bfd81d
e8f60a92
66e72c63
b7864060
3606d919
59663dde
6f162bbf
627f028c
2722edd5
561459ea
cf0bc4db
9a5fbb78
5cb19251
4dd62ab6
a3f7d3b7
89911724
d1ac028d
75123c42
c42bf453
f65a8190
3d633a89
6e0bda8e
8f7782af
020e26bc
e13bf645
29ef119a
69439acb
aef4f2a8
762ab1c1
ce9cad66
b86f18a7
d8fa9154
75efa8fd
2d3639f2
08ea9843
0d196ec0
bc12d7f9
156a033e
ab14759f
6b86b6ec
3a9ffab5
917f154a
ecd4ccbb
809e55d8
3ea28d31
d7213c16
c8797997
c08ef784
8061cb6d
78ed03a2
a5521833
11c607f0
fb5cb169
24bbb7ee
860c048f
921bb31c
4a05fb25
faaf64fa
c0ce5aab
82bee508
014024a1
48fed6c6
1d15f687
06e149b4
479969dd
38819952
f3517423
21234d20
a447c6d9
b5fbf89e
aa3d2f7f
1bc01b4c
c1e4f795
a42b00aa
adff449b
4779a038
a0ea7811
22907d76
bd038f77
bd4487e4
75ed844d
74fefb02
2697ac13
8eb43e50
2f9b1849
d7e5c54e
5746f66f
9126ef7c
6073f005
4d5ce85a
cef68a8b
afb18768
08488781
2ef13026
5cc14467
6fcbb214
79751abd
103028b2
3c93c003
14bbdb80
55dda5b9
3df41dfe
7288595f
8dc32fac
5fa9e475
e6701c0a
80032c7b
1b099a98
99c152f1
b5fbeed6
4e8e1557
5549c844
f4072d2d
74a02262
ec74aff3
043d24b0
7f566f29
f06202ae
7720584f
efc7dbdc
e53dd4e5
404f9bba
4f342a6b
97e4d9c8
9f7bda61
2c4bb986
72690247
7f51ca74
2b3abb9d
4599e812
97297be3
74fb19e0
340c7499
fc2a735e
65edf33f
0827f40c
72a6c155
bca6676a
ec58845b
136644f8
bb5f1dd1
e33b9036
26110b37
0a36b8a4
7866c60d
0f2879c2
376123d3
7578bb10
8bc6b609
2308700e
b5902a2f
ca96783c
551ba9c5
fddf7f1a
18ff3a4b
8970dc28
57121d41
b8e672e6
35053027
4d0b92d4
b8a24c7d
f616d772
518aa7c3
3af90840
9e0c3379
8b76f8be
4265fd1f
fd86686c
15938e35
9725e2ca
98774c3b
34a79f58
13fbd8b1
c8276196
c8847117
09a35904
bcc44eed
67f00122
e3d507b3
517f0170
f223ece9
70b10d6e
3e8e6c0f
6a2ac49c
e8c56ea5
bc64927a
1fcfba2b
be6d8e88
3b435021
18995c46
578dce07
9c910b34
b963cd5d
cafef6d2
562f43a3
cbcda6a0
ef14e259
d2b1ae1e
21e876ff
0c768ccc
1f284b15
f2468e2a
45d7841b
6ee5a9b8
2dcf8391
4e9762f6
96e046f7
2d27a964
b6d7c7cd
2e4eb882
6a485b93
7367f7d0
4ba613c9
2633dace
9a131def
431cc0fc
94f32385
be36d5da
731daa0b
5cf2f0e8
d4477301
5b3c75a6
68fadbe7
dd7a3394
01373e3d
f9aa4632
2b8f4f83
f890f500
7e5e8139
04b2937e
7a6d60df
ff90612c
221cf7f5
5660698a
d1f12bfb
9e386418
0f121e71
2c639456
ce1c8cd7
fa5ba9c4
985930ad
9d9c9fe2
df331f73
224b9e30
2d852aa9
dc68d82e
ac163fcf
f6046d5c
0a5cc865
51ae493a
3e6109eb
77190348
265685e1
5ca7bf06
d44459c7
2b5f0bf4
9fd49f1d
4370c592
f422cb63
fe5af360
9f211019
a051a8de
1decbabf
cd6be58c
6d2994d5
57cb74ea
363c43db
8ab7ce78
39fba951
e363f5b6
873142b7
a2d75a24
cf00898d
7d31b742
f30d5353
1141f490
28f93189
7828058e
b48fd1af
4f79c9bc
b5ba5d45
d122ec9a
c911d9cb
0af7c5a8
b1a888c1
c4b33866
e06247a7
4dd79454
e0f3effd
f5aa74f2
6e61b743
8643a1c0
a0948ef9
7066ee3e
3a5e849f
98a119ec
0b0621b5
96dfb04a
8830cbbb
e87be8d8
acc42431
c1708716
b7166897
0432ba84
0485d26d
2065fea2
f24ef733
5f62faf0
cb3a2869
2a4962ee
4f77d38f
4814d61c
bfc3e225
a2ecbffa
76a819ab
02a73808
72757ba1
0736e1c6
b04ca587
b87bccb4
4c4d30dd
e9af5452
f4c41323
a5630020
cdf0fdd9
8bca639e
59babe7f
afc7fe4c
c26a9e95
bff51baa
f946c39b
579cb338
e1a38f11
e0614876
2ec3fe77
a805cae4
1ea10b4d
66917602
c5700b13
97c6b150
9d800f49
6fa4f04e
74c6456f
046d927c
0d315705
3963c35a
c69bc98b
343f5a68
e0f55e81
640abb26
42fb7367
8ae3b514
a59861bd
84d763b2
7dc1df03
dcd10e80
6e6e5cb9
555408fe
61f9685f
8d7892ac
160f0b75
8b63b70a
d6f62b7b
64322d98
ced1e9f1
260e39d6
9b320457
c3e88b44
3f0a342d
bb0c1d62
f0e88ef3
b18517b0
2502e629
1112adae
7873274f
d51bfedc
3ebabbe5
12dff6ba
5464e96b
61d82cc8
f1603161
e706c486
7366b147
90a74d74
ec8d829d
b87aa312
9bd31ae3
19a5cce0
c544ab99
7bdbde5e
9512823f
d84ad70c
44ab6855
bd83826a
8ab7035b
865457f8
e68734d1
444f5b36
85587a37
3972fba4
c3794d0d
152df4c2
953082d3
0fb62e10
e2faad09
236a9b0e
0a76792f
36b81b3c
b11810c5
b9b95a1a
d77b794b
3989af28
13edf441
6802fde6
f8865f27
415e95d4
5ce4937d
01f11272
7d6fc6c3
b4f93b40
11abea79
fa39e3be
90fe0c1f
62d6cb6c
48f7b535
26ac7dca
9a014b3b
221b3258
16fb6fb1
b8fcac96
522f6017
963d1c04
45a655ed
f84efc22
6ebfe6b3
8171f470
549f63e9
0784b86e
36c83b0f
d1d9e79c
7d0155a5
c447ed7a
2357792b
556be188
34d6a721
8ad76746
65527d07
c0a18e34
6e55945d
6a92b1d2
ed0fe2a3
73e359a0
8edc1959
1746191e
4fb405ff
2bb46fcc
d9abf215
a336a92a
a64d031b
879ebcb8
ca669a91
cdee2df6
42aeb5f7
13deec64
9b494ecd
73c73382
d60eba93
41d06ad0
f3290ac9
6a3905ce
65606cef
7b1963fc
772e8a85
d4e3b0da
2770e90b
3b96c3e8
bc524a01
bf5c00a6
28c30ae7
de083694
d498853d
87b78132
512b6e83
877c2800
740d3839
65d87e7e
272c6fdf
5d7bc42c
69801ef5
1b7a048a
6d122afb
f2f6f718
e700b571
98fbdf56
73ce7bd7
97f06cc4
d61a37ad
22ee9ae2
bf94fe73
f7e99130
33cfa1a9
445f832e
5a370ecf
330e905c
3057af65
99e4a43a
ef3fc8eb
5e225648
8e98dce1
4168ca06
8dd008c7
152a8ef4
7f65661d
7ab78092
ac3a6a63
8cdba660
f4774719
c4c913de
c95f49bf
4ec4c88c
272c3bd5
83ce8fea
c7c8c2db
8c3be178
cf01c051
fbfdc0b6
de86b1b7
b4099d24
43d1108d
2d1d3242
bbcab253
b6d56790
87cb2889
dad0308e
354420af
26516cbc
f534c445
cda2c79a
a23c18cb
1b2698a8
0be25fc1
18d5c366
bb7176a7
8da09754
9a7436fd
f0eaaff2
9cb4d643
8d19d4c0
3f5245f9
5eefd93e
4444939f
82277cec
fd6848b5
dc8c4b4a
abe8cabb
67857bd8
60a1bb31
a4cbd216
57cf5797
a5c27d84
6e25d96d
45aaf9a2
f727d633
fdabedf0
5c539f69
be630dee
727fa28f
ad79f91c
ce7dc925
36761afa
83ddd8ab
bcbb8b08
1066d2a1
197aecc6
b49f5487
1b024fb4
8d7cf7dd
23a90f52
5d12b223
fd4eb320
7fd634d9
ab24ce9e
01d44d7f
a63be14c
92ec4595
320b36aa
2aea429b
84ebc638
f618a611
0d3e1376
90a06d77
56b30de4
1ad0924d
abeff102
3a246a13
b7852450
1aa10649
cbf01b4e
e9e1946f
4d20357c
80eabe05
a6b69e5a
f39d088b
78f92d68
f45e3581
e3304626
5851a267
3ce7b814
fc37a8bd
d84a9eb2
c3cbfe03
be924180
dd3b13b9
6c3ff3fe
c806775f
9599f5ac
4a703275
9ca3520a
72452a7b
d086c098
659e80f1
7b2c84d6
15f1f357
5c734e44
4b893b2d
2b441862
e9386df3
3b790ab0
27eb5d29
2c4f58ae
cf61f64f
b5dc21dc
8d33a2e5
fcbc51ba
6cf1a86b
71f77fc8
8c008861
e1cdcf86
61806047
1ee8d074
c65c499d
60275e12
4358b9e3
1dfc7fe0
7ab8e299
b119495e
b8d3113f
56d9ba0c
42ac0f55
40ac9d6a
cb71825b
226e6af8
016b4bd1
006f2636
50bbe937
f89b3ea4
3e07d40d
1aff6fc2
04dbe1d3
4c9fa110
e56aa409
5458c60e
b2f8c82f
c445be3c
301077c5
22df351a
8753b84b
b5ce8228
2785cb41
4d2b88e6
67238e27
989d98d4
07a2da7d
98974d72
ea30e5c3
d4a56e40
7787a179
d488cebe
52321b1f
1c932e6c
5657dc35
4e7f18ca
9be74a3b
3ebac558
97b706b1
7addf796
85f64f17
18c2df04
6c045ced
5e79f722
2986c5b3
1a10e770
b056dae9
04e4636e
809e0a0f
80f50a9c
62393ca5
0f77487a
f63b382b
3e963488
9325fe21
29217246
dc332c07
2d9e1134
17c35b5d
eaf26cd2
62cc81a3
07a50ca0
eedf5059
7d66841e
6e1b94ff
455e52cc
1c2b9915
0272c42a
651e821b
d583cfb8
72b9b191
9450f8f6
d69924f7
56822f64
8b36d5cd
650bae82
8fb11993
3ee4ddd0
e1e801c9
4aca30ce
8049bbef
208206fc
d865f185
c4dc8bda
8920280b
f26696e8
17192101
45878ba6
0fa739e7
0d823994
8a75cc3d
4c90bc32
f3a38d83
48135b00
f7f7ef39
9e8a697e
42877edf
5bd3272c
e6df45f5
a4df9f8a
c48f29fb
82e18a18
58ab4c71
c2a02a56
3f9c6ad7
f7712fc4
8d573ead
2a0c95e2
0bd2dd73
c2338430
cf5618a9
7ee22e2e
55f3ddcf
0384b35c
034e9665
5166ff3a
2b7a87eb
a357a948
779733e1
3e35d506
2c77b7c7
13e211f4
2f722d1d
3eca3b92
7f2e0963
93085960
a6097e19
76cc7ede
616dd8bf
1689ab8c
c52ae2d5
8a1daaea
73b141db
ceebf478
8bc3d751
47a38bb6
99f820b7
ed27e024
a01d978d
34d4ad42
0e641153
1714da90
c9d91f89
46045b8e
01946faf
b6950fbc
0fab2b45
cf6ea29a
e4c257cb
0f816ba8
f4d836c1
7b044e66
399ca5a7
c8559a54
12707dfd
cef6eaf2
83e3f543
519c07c0
084bfcf9
9104c43e
b8c6a29f
5819dfec
81c66fb5
1284e64a
47fcc9bb
2dbb0ed8
ca3b5231
31331d16
9aa44697
d53e4084
2d41e06d
98bbf4a2
a3dcb533
1ca0e0f0
1ea91669
9108b8ee
df23718f
f24b1c1c
e633b025
654b75fa
d86f97ab
e0fbde08
4b1429a1
2fcaf7c6
1a0e0387
5e74d2b4
7b28bedd
966eca52
1c3d5123
58e66620
29f76bd9
c40b399e
9289dc7f
2f1bc44c
a369ec95
aa6d51aa
32e9c19b
ff66d938
4e49bd11
5926de76
d298dc77
f94c50e4
da7c194d
f51a6c02
74b4c913
1def9750
16fdfd49
9cc7464e
a698e36f
9b3ed87c
2ba02505
4555795a
45fa478b
addf0068
b2830c81
5c61d126
8cc3d167
b5d7bb14
ed52efbd
ba89d9b2
feb21d03
e9ff7480
1243cab9
32b7defe
94af865f
d62758ac
6ccd5975
ca2eed0a
41f0297b
90075398
ce2717f1
6556cfd6
aecde257
4eea1144
8984422d
75481362
c5644cf3
d218fdb0
f80fd429
f21803ae
6becc54f
c20844dc
40a889e5
ade4acba
88da676b
f842d2c8
df5cdf61
cca0da86
2cb60f47
5a165374
28a7109d
eca01912
7dba58e3
b1ff32e0
c4691999
4be2b45e
c12fa03f
b3d49d0c
dca8b655
f621b86a
9e88015b
17b47df8
7c0b62d1
c79af136
783b5837
77af81a4
58125b0d
d09ceac2
766340d3
5c351410
03169b09
65d2f10e
9f17172f
a33f613c
4204dec5
e951101a
1887f74b
2e3f5528
01d9a241
186013e6
70dcbd27
82c89bd4
28dd217d
6a098872
87ce04c3
c9fda140
3f9f5879
ca63b9be
76022a1f
5abb916c
adb40335
be9db3ca
8e29493b
ba865858
062e9db1
bdcb4296
53d93e17
c134a204
9fde63ed
4a70f222
0429a4b3
4b5bda70
754a51e9
18d00e6e
0c0fd90f
a77c2d9c
086d23a5
4df2a37a
887af72b
a9ec8788
c6315521
a3777d46
ac2fdb07
13869434
25ad225d
fc1e27d2
a76520a3
b712bfa0
7f1e8759
b512ef1e
6d1f23ff
897435cc
56a74015
bffadf2a
724c011b
8894e2b8
96c8c891
51bfc3f6
429f93f7
25117264
f6a05ccd
b21c2982
872f7893
9aa550d0
87e2f8c9
77e75bce
dacf0aef
6356a9fc
28995885
3e2166da
882b670b
b16269e8
549bf801
9dbf16a6
0da768e7
9be83c94
92cf133d
f835f732
02f7ac83
6a568e00
7a1ea639
5ec8547e
bc7e8ddf
2a968a2c
0a3a6cf5
a2913a8a
c86828fb
7df81d18
d411e371
59507556
218659d7
48ddf2c4
2e1045ad
62f690e2
b3ecbc73
b1297730
70188fa9
3bf0d92e
8f4caccf
9766d65c
f3417d65
28355a3a
e31146eb
76b8fc48
51518ae1
030ee006
a03b66c7
578594f4
1ffaf41d
3fa8f692
5cfda863
40e10c60
23d7b519
665be9de
d61867bf
54ba8e8c
b72589d5
1ab8c5ea
29f5c0db
82c80778
e041ee51
765556b6
a9858fb7
7e322324
53e61e8d
44582842
dad97053
62004d90
5f231689
69c4868e
0980beaf
3044b2bc
751d9245
86867d9a
80a496cb
18083ea8
dc8a0dc1
9b3ed966
4ae3d4a7
2df69d54
b8e8c4fd
3fcf25f2
13ef1443
03ca3ac0
6b81b3f9
b6a5af3e
87e4b19f
4a7842ec
082096b5
e8c9814a
4c6cc8bb
6b1ca1d8
5990e931
16a66816
6f953597
c2a60384
b1d9e76d
c998efa2
e86d9433
ec41d3f0
823a8d69
523a63ee
8563408f
46883f1c
76e59725
df6cd0fa
645d56ab
9f683108
927d80a1
fa2702c6
d098b287
b2d355b4
855085dd
f2008552
2243f023
e82a1920
3c54a2d9
867da49e
fbdb6b7f
7a67a74c
63e39395
d91b6caa
0145409b
f70dec38
5a36d411
741ba976
e4ad4b77
bfd193e4
cda3a04d
f210e702
65212813
fb060a50
0296f449
922a714e
9aec326f
1ec97b7c
7d518c05
c540545a
adb3868b
02f0d368
8b63e381
7f9f5c26
d0520067
25b3be14
e8ea36bd
db9514b2
1e743c03
8f18a780
7d8881b9
58bbc9fe
b7f4955f
7f20bbac
ed268075
c406880a
35f7287b
d2b3e698
786baef1
948d1ad6
55c5d157
cb4cd444
68fb492d
49180e62
756c2bf3
a564f0b0
05704b29
126caeae
3e13944f
29a067dc
c91970e5
d65907ba
981f266b
24ba25c8
5b753661
577fe586
c507be47
722fd674
836dd79d
0de4d412
3af7f7e3
05ade5e0
12555099
fc381f5e
9e282f3f
1f3b800c
82a15d55
8de2d36a
f3fa805b
962690f8
c66779d1
49d2bc36
ebd6c737
e6afc4a4
8198e20d
e60665c2
d9c69fd3
6e768710
abfe9209
07d91c0e
bed1662f
03a5043c
56f545c5
bd0eeb1a
7b18364b
d2dc2828
12e97941
79a09ee6
05b1ec27
2fdf9ed4
3093687d
2647c372
464723c3
c501d440
d9f30f79
8bcaa4be
ec6e391f
4d4ff46c
bf0c2a35
27084eca
60c7483b
c57deb58
d26234b1
31c48d96
abd82d17
bf926504
51346aed
6c33ed22
eea883b3
4552cd70
1379c8e9
f347b96e
c91da80f
756f509c
df9d0aa5
2fb9fe7a
ca16b62b
c76eda88
3df8ac21
a9d98846
c5488a07
a25b1734
0812e95d
4e15e2d2
aad9bfa3
b22c72a0
af99be59
6e4b5a1e
3cbeb2ff
27f618cc
f91ee715
8bcefa2a
bdd5801b
d0d1f5b8
a693df91
b63a8ef6
76c202f7
af8cb564
4d85e3cd
0af8a482
ac89d793
8511c3d0
5519efc9
a19086ce
64f059ef
73974cfc
d7c8bf85
f0b241da
1492a60b
a88a3ce8
e4dacf01
7802a1a6
12c397e7
b93a3f94
5da45a3d
3aa73232
6f27cb83
1e45c100
6a815d39
56923f7e
85119cdf
f9c5ed2c
439193f5
c48ed58a
689d27fb
143ab018
c9347a71
0d0cc056
098c48d7
bc36b5c4
28454cad
7dac8be2
a7e29b73
f4cb6a30
861706a9
2b8b842e
f6417bcf
1eb4f95c
70306465
ce4fb53a
060405eb
08464f48
8bc7e1e1
3ff3eb06
d91b15c7
101517f4
c0ffbb1d
2d53b192
35a94763
c665bf60
dde1ec19
437754de
175ef6bf
3957718c
6d1c30d5
e59fe0ea
da963fdb
d7d01a78
3c7c0551
381321b6
fd2efeb7
97286624
cf2aa58d
0ba7a342
112acf53
c797c090
b7a90d89
f610b18e
3d090daf
c36055bc
958bf945
a2ea589a
65e2d5cb
64bb11a8
32f7e4c1
29856466
df4703a7
ee83a054
fddd0bfd
f37360f2
3cd63343
d3a46dc0
d8f36af9
7fd29a3e
a19ec09f
8942a5ec
0076bdb5
0f5a1c4a
a938c7bb
4faa34d8
7ea28031
0525b316
c6a22497
9df9c684
6bedee6d
8841eaa2
b4da7333
9c8ec6f0
f7080469
b1f80eee
553f0f8f
da31621c
f0937e25
54da2bfa
17a715ab
28008408
56a2d7a1
288f0dc6
c83f6187
481dd8b4
1bf44cdd
e65e4052
5f268f23
db19cc20
26edd9d9
a27c0f9e
2dc8fa7f
b81f8a4c
44593a95
6e1587aa
85fcbf9b
9be0ff38
89dfeb11
0e1c7476
b6ddba77
da42d6e4
6447274d
52d36202
fb698713
7ec87d50
4d6beb49
5c199c4e
b6db816f
07c01e7c
e5fef305
d6772f5a
1ac8c58b
a82ea668
ef00ba81
fce8e726
12fc2f67
bc7bc114
5efd7dbd
eb6c4fb2
13125b03
ddddda80
8f0938b9
8e4bb4fe
21d5a45f
c0861eac
3b7ba775
3a2a230a
3e5a277b
c88c7998
d46c45f1
b8cf65d6
fad9c057
019b9744
59ee502d
56b40962
e9500af3
e55ce3b0
c00cc229
3d4d59ae
35d6634f
1ca48adc
968657e5
261962ba
8abfe56b
275d78c8
70498d61
326af086
1a756d47
97355974
46b09e9d
73f58f12
6b1196e3
490898e0
d47d8799
72198a5e
3fbcbe3f
c90e630c
a4960455
b7efee6a
bbc8ff5b
cdc4a3f8
507f90d1
37168736
9b8e3637
759c07a4
2a9b690d
0b3be0c2
1f05fed3
b363fa10
50228909
ea6b470e
0227b52f
1576a73c
dee1acc5
4e18c61a
9f04754b
d3a4fb28
cab55041
20ed29e6
15a31b27
cfe2a1d4
8ec5af7d
7d51fe72
159c42c3
f5b20740
b682c679
c8bd8fbe
a576481f
2450576c
fa605135
37bee9ca
03c1473b
8fa17e58
6c51cbb1
86c9d896
7df31c17
43dc2804
f00671ed
73c2e822
d90362b3
37f5c070
fae53fe9
444b646e
a7c7770f
1ace739c
57c8f1a5
64cd597a
ab0e752b
c71d2d88
6a7c0321
ec479346
177d3907
0a1b9a34
2ef4b05d
90d99dd2
5d2a5ea3
28f225a0
f050f559
590fc51e
ccfa41ff
50e3fbcc
73928e15
15ef152a
37baff1b
de3b08b8
121af691
71c159f6
630071f7
25f3f864
ffe76acd
1fa11f82
efc03693
2e2a36d0
b98ce6c9
77c5b1ce
0eada8ef
8143effc
55f42685
8c8f1cda
1e55e50b
07de0fe8
37d5a601
84522ca6
0efbc6e7
95784294
5af5a13d
c3e46d32
2833ea83
93e0f400
39201439
35e82a7e
8c40abdf
f961502c
02e4baf5
bad8708a
952e26fb
75a94318
a8131171
8dd50b56
e7ae37d7
817b78c4
ebf653ad
2a2e86e2
d7b47a73
bd195d30
81517da9
fdb22f2e
7ad24acf
c96f1c5c
ea1b4b65
f3b6103a
8452c4eb
87ffa248
96fa38e1
a4e4f606
c716c4c7
6d909af4
8280821d
b7ca6c92
f930e663
53967260
44282319
be1ebfde
154185bf
f460548c
570ed7d5
9ad2fbea
7592bedb
fe042d78
10721c51
3cdcecb6
84f46db7
680aa924
81eb2c8d
3ac31e42
a1582e53
77db3390
436b0489
9ae8dc8e
8c2d5caf
9fe7f8bc
e0f66045
d49a339a
847d14cb
2599e4a8
6821bbc1
d5d7ef66
e6c632a7
39fca354
514d52fd
99e39bf2
ee995243
f12aa0c0
c0a121f9
9c8b853e
f5f4cf9f
447908ec
dac8e4b5
3636b74a
4e60c6bb
0b63c7d8
a9701731
acb0fe16
8fcb1397
97398984
cb7df56d
84b6e5a2
f9235233
5d87b9f0
ed117b69
6041b9ee
3eb6de8f
dd46851c
c33d6525
759386fa
e24cd4ab
aac4d708
07842ea1
6b0318c6
f1021087
4e545bb4
af1413dd
2387fb52
c2e52e23
61b57f20
59c310d9
c8067a9e
1852897f
18436d4c
b4cae195
195ba2aa
b1103e9b
1de01238
4d450211
d7293f76
392a2977
78a019e4
0e66ae4d
c761dd02
278de613
d936f050
677ce249
aa94c74e
ea66d06f
8622c17c
d5a85a05
28fa0a5a
7d3a048b
cd987968
4d599181
843e7226
44c25e67
aa2fc414
bf8cc4bd
9a0f8ab2
cc8c7a03
064f0d80
b6c5efb9
83679ffe
c252b35f
ca5781ac
c7ccce75
dc99be0a
4b19267b
a1910c98
5228dcf1
821db0d6
8e09af57
21d65a44
cc5d572d
4e1c0462
110fe9f3
c200d6b0
97e53929
22ba04ae
4335324f
cb14addc
18ef3ee5
4d25bdba
50bca46b
302ccbc8
8dd9e461
0d61fb86
1cff1c47
f926dc74
e26f659d
ced24a12
fe0735e3
ac0f4be0
7ae1be99
5d86f55e
95ed4d3f
e14d460c
b286ab55
2449096a
e5f37e5b
ee8eb6f8
8a53a7d1
3f665236
7761a537
54744aa4
c319f00d
f03d5bc2
36215dd3
5afd6d10
5f828009
bd89720e
591a042f
08b44a3c
49ca13c5
4c6ea11a
744cb44b
6099ce28
993d2741
be45b4e6
90b04a27
92d1a4d4
b373f67d
1f283972
e5cd61c3
8c0e3a40
454e7d79
313c7abe
911a571f
0fbcba6c
cfb07835
a0c184ca
6717463b
48f11158
43fd62b1
6cdb2396
ba2a0b17
7e11eb04
ec5478ed
111de322
b33a41b3
5344b370
9b8cb6e9
bbdb0f6e
980d460f
c799969c
e0f0d8a5
9d2cb47a
1b62342b
d8f78088
bbbb5a21
1ac19e46
92cde807
7ac81d34
0a52775d
746958d2
ae56fda3
4b63d8a0
b1442c59
2560301e
0dd1d0ff
343ddecc
36023515
0e5b302a
cffc7e1b
e0d01bb8
495e0d91
345424f6
f75ae0f7
b8473b64
7dc4f1cd
a0159a82
40d29593
c5eea9d0
253bddc9
aa86dcce
c806f7ef
bc5c92fc
131b8d85
c1b7f7da
9575240b
ff5de2e8
bd8c7d01
72adb7a6
f24ff5e7
60a24594
fac2e83d
43eda832
1e1c0983
fb282700
55facb39
acca157e
c20bbadf
5968b32c
b833e1f5
356e0b8a
3e1b25fb
d243d618
e0ada871
8ba95656
abec26d7
c8ac3bc4
e9235aad
187c81e2
33625973
3a135030
d1c7f4a9
6264da2e
0cff19cf
c7953f5c
d1023265
48686b3a
4dfd83eb
25e4f548
e2e88fe1
e1e20106
5a2e73c7
9ff81df4
d47d491d
8f0d2792
97948563
18732560
c6aa5a19
86522ade
bfc014bf
b5d5378c
e4fd7ed5
ea5216ea
eaeb3ddb
25644078
cc243351
34b2b7b6
30d5dcb7
20d8ec24
dc27b38d
81aa9942
7b618d53
a2caa690
7268fb89
084d078e
e6edabaf
f5db9bbc
c75cc745
cb960e9a
cc7353cb
8aa4b7a8
ec0792c1
50367a66
516161a7
4061a654
233999fd
e31fd6f2
19387143
8c5cd3c0
928ad8f9
bcd0703e
74e6de9f
ac1b6bec
07170bb5
0d5f524a
2be4c5bb
ce495ad8
49f9ae31
bd484916
bb100297
de654c84
4089fc6d
6ef7e0a2
a5483133
5f2cacf0
d456f269
0d1764ee
31caad8f
7fc7a81c
5ee34c25
f198e1fa
b44e93ab
57b52a08
152185a1
718323c6
3ae0bf87
f576deb4
aeafdadd
597db652
3d7fcd23
abfd3220
44d447d9
a71ce59e
ab78187f
cad3504c
25388895
8aedbdaa
727fbd9b
ad0b2538
14661911
7f420a76
5b929877
cae95ce4
3c02354d
ffbc5802
d98e4513
3a516350
c0c9d949
2d9bf24e
258e1f6f
c9f1647c
bc4dc105
6cc8e55a
c507438b
a32e4c68
166e6881
c59ffd26
55a48d67
1ecfc714
7a980bbd
977ec5b2
3ae29903
386c4080
64bea6b9
e80f8afe
896bc25f
cc94e4ac
0219f575
5b55590a
4c34257b
8dc19f98
61a173f1
a077fbd6
ff559e57
5bfd1d44
30485e2d
df4fff62
dcabc8f3
6b50c9b0
fcf9b029
72b2afae
5630014f
64f0d0dc
c05425e5
fb7e18ba
da15636b
6f281ec8
24263b61
98650686
bca4cb47
c8045f74
c6aa2c9d
ce7b0512
e3d8d4e3
5ec1fee0
7581f599
6e80605e
90b9dc3f
97f8290c
1c735255
82ee246a
6279fd5b
2884c9f8
e3e3bed1
12c21d36
6f511437
b3388da4
bb14770d
450ad6c2
0f18bcd3
9542e010
4a1e7709
31339d0e
b3a8532f
0d5ded3c
07ae7ac5
68107c1a
eaf0f34b
a9baa128
ee80fe41
01aa3fe6
66d97927
a8aca7d4
0e9e3d7d
bbca7472
a6da80c3
b8166d40
f6563479
754765be
9f5a661f
3f951d6c
aefc9f35
12101fca
7ac9453b
216ca458
c964f9b1
93f86e96
507cfa17
9e33ae04
b61e7fed
f444de22
6d4d20b3
c73fa670
65702de9
09f6ba6e
89ef150f
abd0b99c
eb14bfa5
88d80f7a
0b11f32b
2cfdd388
a1b6b121
e547a946
273a9707
2460a034
0a2c3e5d
a8c513d2
8e5f9ca3
49818ba0
62736359
833c9b1e
ef455fff
0203c1cc
b06ddc15
25134b2a
7699fd1b
08912eb8
bc5d2491
adf2eff6
23d14ff7
96867e64
371e78cd
3c561582
8fc0f493
7c5f1cd0
0826d4c9
e9d407ce
80fc46ef
54e135fc
7f3ef485
402cd2da
69f0630b
bf09b5e8
e5ff5401
f31542a6
acc024e7
4ab84894
ad0c2f3d
6ac2e332
40e02883
841b5a00
31118239
6b38007e
1672c9df
49dc162c
d37f08f5
e44fa68a
536424fb
5a0a6918
e3043f71
b689a156
464615d7
c1c8fec4
8fcc61ad
f8967ce2
aaec3873
9bb94330
e77a6ba9
09a3852e
9cc7e8cf
4927625c
94e51965
7c66c63a
530442eb
11f64848
df92e6e1
a6eb0c06
826222c7
d74ba0f4
26f6101d
631be292
00d42463
44fbd860
d5689119
4c1195de
06daa3bf
adb61a8c
86e825d5
841d31ea
2a9fbcdb
7df05378
df924a51
cf9482b6
f0d34bb7
f1932f24
4de03a8d
905e1442
8f46ec53
78661990
b4a2f289
ee3d328e
3d49faaf
f53b3ebc
b8bf2e45
37dde99a
2dc592cb
c3db8aa8
2ea969c1
48a10566
0f1890a7
31b2a954
e3a1e0fd
7f2811f2
acb39043
d53b06c0
beb08ff9
90a15b3e
0e74ed9f
f029ceec
f56132b5
44d3ed4a
31c4c4bb
c85aedd8
d03f4531
e6eb9416
3870f197
a37d0f84
3b12036d
f704dba2
a9491033
d17d9ff0
1cd86969
68790fee
1e7a7c8f
f1b4cb1c
33853325
78ea3cfa
7dac52ab
5ed17d08
ef7adca1
ec0f2ec6
95db6e87
6d8561b4
8ac7a1dd
383f7152
bef66c23
e9f0e520
58217ed9
efbf509e
d739a77f
ffcf334c
05a22f95
72cbd8aa
ba4b3c9b
79623838
4f433011
b666d576
0e170777
011e9fe4
5d19bc4d
abe2d302
016aa413
d217d650
c952d049
952f1d4e
58516e6f
032c077c
09ef2805
51e3c05a
e230828b
58f01f68
ba3f3f81
710d8826
35a2bc67
4a5bca14
001f52bd
93ba00b2
4e14b803
a4357380
08f35db9
6c4375fe
6720d15f
f73e47ac
5a631c75
665cf40a
31ab247b
bd1e3298
72d60af1
c3de46d6
3ebd8d57
e00fe044
f5af652d
ba4ffa62
3c23a7f3
114cbcb0
5f4a2729
dd375aae
5ec6d04f
1a38f3dc
fcb50ce5
e12273ba
16ca226b
144f71c8
a32e9261
83741186
e9667a47
33cde274
6360f39d
22efc012
0c8673e3
9120b1e0
345e2c99
5505cb5e
20226b3f
1d0f0c0c
525bf955
83df3f6a
215c7c5b
aba6dcf8
cd2fd5d1
6129e836
735c8337
c1e8d0a4
828afe0d
b9a451c2
99ec1bd3
92345310
7ff66e09
f569c80e
01d2a22f
5373903c
888ee1c5
50fe571a
f2f1324b
df077428
3a80d541
9b1acae6
881ea827
4173aad4
1044847d
0338af72
48c39fc3
a9caa040
3999eb79
44de50be
c036751f
e3d9806c
0844c635
3baabaca
2ed7443b
49143758
6c8890b1
ac21b996
30ebe917
d4417104
bd6486ed
cd37d922
f73bffb3
c3e69970
c88fa4e9
de9e656e
6d6ce40f
f773dc9c
e634a6a5
d7cf6a7a
6a1db22b
f3302688
8c6e0821
fbd9b446
c4c34607
36e52334
9e82055d
ddecced2
ed443ba3
534b3ea0
73de9a59
22a5061e
6154eeff
ea35a4cc
52d58315
0a17662a
1b937c1b
857e41b8
db183b91
8e9dbaf6
d863bef7
f0b1c164
9bf3ffcd
a4629082
cc8b5393
817b8fd0
d24dcbc9
e5ad32ce
298d95ef
7ad1d8fc
0a5e5b85
b7edadda
8bc7a20b
76e188e8
212e2b01
b588cda6
2e4c53e7
83ba4b94
e1d1763d
e8641e32
80804783
5eba8d00
3a643939
2131eb7e
7975d8df
fabb792c
c4c62ff5
777d418a
c50923fb
3cfcfc18
1f16d671
be75ec56
a6bc04d7
9cd1c1c4
4ff168ad
7a7c77e2
2e521773
120b3630
3268e2a9
a36e302e
1a2cb7cf
7e25855c
a5c40065
3fb1213a
836701eb
7c339b48
fcf93de1
a4001706
2fb1d1c7
438b23f4
e9ead71d
e3f69d92
24efc363
09308b60
e062c819
bf5d00de
da9132bf
0c02fd8c
acceccd5
18344cea
24b03bdb
37a86678
babc6151
bd824db6
b4ecbab7
0a397224
4714c18d
16dd8f42
cd084b53
28ad8c90
7a18e989
fcb95d8e
7f4249af
ce06e1bc
251d9545
c971c49a
9873d1cb
013e5da8
a00740c1
6f179066
0febbfa7
3defac54
028627fd
1dfc4cf2
990aaf43
fbc539c0
b51246f9
c7fe463e
b29efc9f
40a431ec
15a759b5
8c94884a
5000c3bb
299880d8
ac40dc31
d99adf16
f7ede097
1680d284
2b160a6d
ccddd6a2
f525ef33
e47a92f0
3695e069
2266baee
f4c64b8f
630dee1c
b1231a25
bb8797fa
2e6611ab
f019d008
069033a1
8aa739c6
f1f21d87
e67fe4b4
b35b68dd
6fcd2c52
37490b23
4b909820
03aab5d9
51edbb9e
8b97367f
e737164c
c607d695
80f5f3aa
7872bb9b
b2e54b38
6ddc4711
2c97a076
40b77677
4b3fe2e4
e1ad434d
7bd54e02
8f230313
d08a4950
f117c749
914e484e
72b0bd6f
61d2aa7c
2e8c8f05
884a9b5a
c4b5c18b
1eddf268
a8cc1681
36871326
d4bceb67
5cd3cd14
c02299bd
3ec13bb2
f622d703
79aaa680
136414b9
c00360fe
4b71e05f
7a53aaac
40a84375
adb08f0a
eb7e237b
5fa6c598
f5c6a1f1
9c5091d6
3c417c57
de0ea344
8c926c2d
8f1bf562
1f7786f3
e3f4afb0
2ed69e29
124805ae
4cf99f4f
1aed16dc
3e11f3e5
ae12ceba
f6dae16b
4fa2c4c8
7af2e961
7e8f1c86
93442947
6c836574
2893ba9d
7c307b12
681012e3
732b64e0
27766399
c117365e
3426fa3f
a091ef0c
c440a055
d71c5a6a
129afb5b
a7f4eff8
b637ecd1
da9db336
7383f237
b08513a4
897d850d
fe09ccc2
c69b7ad3
81d1c610
710a6509
ba2bf30e
3398f12f
0af5333c
3c6b48c5
b738321a
7c4d714b
30804728
ed3cac41
3a9755e6
e47fd727
8d26add4
2866cb7d
a572ea72
bb88bec3
912ad340
7f19a279
50013bbe
e3ae841f
2c89e36c
4b88ed35
cd9155ca
7341433b
efe7ca58
9d6827b1
65570496
4b76d817
503b3404
72268ded
4bf6d422
4106deb3
79398c70
34eb1be9
e9d2106e
3286b30f
da82ff9c
42508da5
3a12c57a
2885712b
5b8e7988
ebe15f21
0e77bf46
5b67f507
e255a634
3753cc5d
c3e089d2
bb04daa3
98c0f1a0
5585d159
b399711e
54007dff
1cd387cc
8d392a15
6d67812a
aee8fb1b
879754b8
158f5291
865485f6
05122df7
f6c90464
1c4586cd
883b0b82
e731b293
054402d0
f3b0c2c9
4e125dce
b1bae4ef
5e2e7bfc
2479c285
d8fa88da
eafae10b
56e55be8
df190201
6a0858a6
66f482e7
3ba84e94
0912bd3d
6cd15932
ccfc6683
bb05c000
e1f2f039
7eb7d67e
db14e7df
9c06dc2c
fc0956f5
9ef6dc8a
830a22fb
ab1b8f18
04e56d71
536e3756
bd4df3d7
89c684c4
99926fad
4e2e72e2
ad93f673
cd092930
229359a9
dfc4db2e
752d86cf
968fa85c
739ee765
42477c3a
cf25c0eb
949cee48
ab1b94e1
89212206
521d80c7
14b6a6f4
8d5b9e1d
c19d5892
f3e76263
95113e60
5798ff19
90346bde
2ae3c1bf
00bbe08c
c6b173d5
569767ea
c91cbadb
828c7978
cda27851
ae7c18b6
6d2229b7
9acbb524
37c5488d
c5290a42
24a5aa53
e3a0ff90
32cae089
e3c1888e
9cd698af
b03e84bc
7c77fc45
30519f9a
fc7e10cb
72cd30a8
b02117c1
739a1b66
43daeea7
9518af54
efe66efd
6f9c87f2
ce3dce43
2ffb6cc0
e5affdf9
12e7313e
51650b9f
cd8a94ec
d7e980b5
94a1234a
7698c2bb
220213d8
4dfe7331
45562a16
e986cf97
67709584
8096116d
a082d1a2
78dece33
c82385f0
918f5769
eae065ee
a4ae1a8f
03d3111c
47bd0125
6970f2fa
b67bd0ab
3b8e2308
ca618aa1
fd4b44c6
3f24cc87
906667b4
986b2fdd
b026e752
9677aa23
00dc4b20
b76fecd9
7da8269e
b890c57f
b10af94c
d6697d95
656c0eaa
9cf63a9b
89945e38
e0315e11
91d46b76
e373e577
d94d25e4
39bcca4d
1f93c902
72b76213
65a8bc50
a818be49
d1f9734e
64ac0c6f
15e54d7c
9a25f605
bffd765a
5c97008b
24f7c568
5214ed81
c60c9e26
22f31a67
8637d014
2aa1e0bd
489476b2
230cf603
e8cbd980
f410cbb9
934f4bfe
265eef5f
85d50dac
24e96a75
e1502a0a
69ad227b
a55b5898
5a7338f1
d9cedcd6
e7e16b57
85f96644
64f1732d
0db3f062
76a765f3
1348a2b0
db9f1529
c1e4b0ae
10c86e4f
970d39dc
f46adae5
124f29ba
6a47a06b
512217c8
1b734061
39b62786
aa3dd847
a224e874
8642819d
8a3d3612
e675b1e3
34e217e0
beca9a99
62b4a15e
bcc7893f
5280d20c
e2214755
2ca5756a
26357a5b
4d6f02f8
0efc03d1
2f1d7e36
5fc76137
af0d56a4
3fec0c0d
c23b47c2
8526d9d3
941b3910
8d5a5c09
2f7a1e0e
38fb402f
63e2d63c
9343afc5
4abe0d1a
7705b04b
ce251a28
76b48341
901fe0e6
6bfd0627
bbc5b0d4
c705127d
52792572
ef29ddc3
9e370640
36d55979
46b026be
f9c2931f
49a6466c
e8c91435
77c3f0ca
3807423b
45e75d58
cc03beb1
6f984f96
901dc717
4220f704
446494ed
2081cf22
3aadbdb3
17387f70
1a8292e9
db91bb6e
c93c820f
84fe229c
6f6874a5
5fa2207a
3649302b
9618cc88
3010b621
cd21ca46
db28a407
56b22934
44a1935d
0aa044d2
e7a179a3
49e2a4a0
77690859
e619dc1e
b7480cff
c9dd6acc
cf98d115
ff039c2a
209a7a1b
3edc67b8
dbc26991
451750f6
99dc9cf7
d8cc4764
28130dcd
97df8682
cfb41193
37b875d0
dc4fb9c9
d30388ce
098433ef
2ef71efc
3d912985
535363da
778a200b
8f152ee8
8fbfd901
c093e3a6
46b8b1e7
a2825194
92d0043d
a80a9432
16548583
c8fcf300
97bda739
33c9c17e
2b4ff6df
5dbe3f2c
e9487df5
0abc778a
7d6721fb
d4662218
04700471
25728256
79fbe2d7
b8a747c4
dcaf76ad
23ac6de2
18b1d573
fcb31c30
27f9d0a9
6ea7862e
9dca55cf
c265cb5c
6e75ce65
3429d73a
26407feb
8b324148
59f9ebe1
064e2d06
d9a52fc7
7ace29f4
8148651d
ac101392
5dbb0163
189df160
ab0b3619
6e97d6de
e7d250bf
bbe0c38c
44901ad5
ef4682ea
07e539db
8e9c8c78
88448f51
5281e3b6
097398b7
d349f824
8ff1cf8d
4b408542
861f0953
d9407290
4eb8d789
5355b38e
8606e7af
cbe227bc
2ece6345
1c7d7a9a
49e44fcb
488803a8
cef6eec1
0628a666
9ae61da7
672db254
1bc2b5fd
2408c2f2
3c4ced43
a1dd9fc0
c089b4f9
215c1c3e
dac71a9f
c6dcf7ec
ac27a7b5
0cf9be4a
958cc1bb
e197a6d8
25780a31
da1d7516
fd3bbe97
c64c5884
ab92186d
21f3cca2
2473ad33
ac7878f0
9dc4ce69
71e610ee
1e31e98f
0404341c
6752e825
32a64dfa
05ed8fab
712e7608
aaeee1a1
f3fb4fc6
6d737b87
9b38eab4
a9f6f6dd
a94ca252
cc824923
39d3fe20
e37123d9
22ee919e
4e26547f
8d4adc4c
a6c72495
d02e29aa
17d5b99b
2d6f7138
16427511
961d3676
e64c5477
db4668e4
d548514d
471e4402
9c27c113
c1732f50
5e55b549
07309e4e
1e435b6f
4f63f07c
bcbb5d05
a8fc515a
99d43f8b
9b3d9868
2619c481
cf9e2926
10454967
f687d314
af9d27bd
6133b1b2
c4d31503
21990c80
1af982b9
962736fe
e7e7fe5f
49c270ac
77269175
b13bc50a
9c38217b
be3beb98
10dbcff1
2c5927d6
319d5a57
07d02944
eecc7a2d
e617eb62
31b344f3
cf4895b0
d5a38c29
9c0d5bae
9a333d4f
be995cdc
8fbfc1e5
bdd784ba
61105f6b
48cd6ac8
f4af9761
64e93286
1e538747
04b26b74
ec6d489d
fd15f112
77b750e3
0644cae0
6a5ad199
e9de0c5e
aa04183f
62dbb50c
1bfdee55
347a906a
4c2bf95b
cc1515f8
477c1ad1
0ea94936
2826d037
ed8199a4
15d6930d
b638c2c2
c58e38d3
f910ac10
44e65309
0554490e
01f98f2f
8e3c793c
fd1816c5
bb8fe81a
d319ef4b
e7f5ed28
46e85a41
4bb46be6
0e963527
fd50b3d4
5c1f597d
ba4b6072
d3a6fcc3
00ef3940
d0cd1079
d8eb11be
f272a21f
6b2ea96c
50053b35
ea428bca
6d29413b
7b12f058
685b55b1
7ae59a96
eee0b617
d9f2ba04
a41e9bed
fad8ca22
d4309cb3
cde37270
e95609e9
63dd666e
218e510f
26e5459c
dd7c5ba5
f87d7b7a
8368ef2b
d2cf1f88
c8fc0d21
e7d7d546
34055307
c3faac34
366b5a5d
622bffd2
631a18a3
96b057a0
49883f59
6a26471e
7b2b9bff
21534dcc
89f47815
6eebb72a
60a7f91b
db4d7ab8
9db18091
7ae61bf6
86c30bf7
c6bb8a64
2f5c94cd
83500182
76127093
48d8e8d0
fc2ab0c9
2480b3ce
20e982ef
1d2bc1fc
c5a49085
d6f83eda
21755f0b
4f7101e8
a322b001
692b6ea6
bd98e0e7
e8485494
ef094b3d
4a0fcf32
4c88a483
b8a02600
cbc45e39
f067ac7e
5a2705df
6fe1a22c
fc83a4f5
6ace128a
a42020fb
e8dcb518
8db69b71
e482cd56
ccc5d1d7
59740ac4
89487dad
aaf668e2
5fabb473
d1090f30
b29c47a9
0016312e
840324cf
31a7ee5c
0648b565
c558323a
78b73eeb
8ff39448
799442e1
cb873806
b648dec7
a5d1acf4
35b12c1d
534ece92
526aa063
c3d6a460
4ab96d19
0a8741de
015cdfbf
6d71a68c
966ac1d5
92419dea
d109b8db
8bd89f78
5aa2a651
5993aeb6
79e107b7
e3b43b24
bf9a568d
59240042
e1746853
398be590
3de2ce89
fb75de8e
2ad336af
50f1cabc
ac20ca45
3df5559a
70a68ecb
b26ed6a8
6c88c5c1
d6c33166
050d4ca7
e42eb554
f61afcfd
eb40fdf2
d3380c43
816bd2c0
b59f6bf9
a35d073e
3ec5299f
5c9b5aec
0261ceb5
a59e594a
9cdcc0bb
985939d8
a2ada131
47f0c016
230cad97
63141b84
1c0a1f6d
0130c7a2
e7e48c33
c1796bf0
cb364569
6777bbee
5151b88f
93a1571c
7fe4cf25
c727a8fa
0cbb4eab
c0fac908
183838a1
1eb75ac6
6cde2a87
36f76db4
57febddd
0b3e5d52
c968e823
2677b120
f7ae5ad9
f1c0fc9e
3c57e37f
abf6bf4c
a720cb95
713c44aa
d911389b
ce768438
800f8c11
e9720176
3940c377
812babe4
244fd84d
a274bf02
fb742013
13e9a250
83ceac49
e0f3c94e
8f76aa6f
3e4e937c
064cc405
f3472c5a
6c6d7e8b
b1af6b68
94da9b81
033bb426
8cb37867
ddc3d614
bf146ebd
389eecb2
cb753403
54123f80
f81e39b9
788b21fe
800d0d5f
f61bd3ac
a75fb875
cd73600a
731f207b
da487e98
890066f1
43ef72d6
09754957
9392ec44
9a23812d
c847e662
409b23f3
47f488b0
8ce40329
50c206ae
d93a0c4f
c1917fdc
8010a8e5
60abdfba
cb351e6b
66a4bdc8
76a7ee61
b0283d86
df853647
c42bee74
cb140f9d
84baac12
0bd4efe3
17537de0
9a270899
0693775e
ebdca73f
01a2980c
e1d69555
9e9bab6a
747e785b
53e728f8
cfb831d1
29411436
bca23f37
9be1dca4
7b3d1a0d
8a023dc2
77d197d3
e0b21f10
07ae4a09
ebba740e
7e93de2f
ba021c3c
e9e87dc5
b9adc31a
808a2e4b
adf2c028
cdd83141
1d54f6e6
bc4b6427
81c7b6d4
57b5a07d
8ce99b72
59001bc3
e9536c40
bd00c779
b6b1fcbe
bdbeb11f
c1230c6c
f13d6235
d50d26ca
02a7403b
bf6a8358
e26eecb1
373ee596
57bfa517
47b07d04
0154a2ed
8afbc522
fd8f7bb3
cd3a6570
116580e9
32b5116e
2b7c200f
f038689c
fc8c42a5
b4a4d67a
ffe4ae2b
41b17288
26a36421
0e99e046
55fe0207
5a2f2f34
7cb1215d
7a83bad2
1d6eb7a3
af2a0aa0
3be37659
efbeb21e
8fab2aff
533530cc
2c4c1f15
6d1fd22a
5f11781b
8cea8db8
cb5c9791
d7c0e6f6
bbc57af7
f096cd64
a2221bcd
fa8c7c82
ca4ccf93
68a55bd0
c341a7c9
f289dece
e7ead1ef
58cc64fc
2cb3f785
13e919da
d8bc9e0b
c7f8d4e8
89418701
13cef9a6
bb950fe7
3cfa5794
8dbe923d
02e10a32
5f98c383
b9ef5900
ee071539
6491977e
579a14df
0271052c
a5bacbf5
6f2bad8a
e7351ffb
187f4818
10b93271
409f1856
a5abc0d7
9c2ccdc4
0f5d84ad
940c63e2
72819373
7a0b0230
327abea9
4410dc2e
17d7f3cf
1456115c
ab179c65
a5d28d3a
b689fdeb
d2e0e748
79ea99e1
88cc4306
d8088dc7
c5c12ff4
1a95f31d
67598992
c1f63f63
c6bb5760
a6a3a419
1402acde
67836ebf
456e898c
2c4168d5
ef88b8ea
148a37db
aa40b278
b4bcbd51
73b179b6
ae6a76b7
fc0a7e24
36bedd8d
9ed37b42
26a5c753
34835890
7048c589
8c22098e
7b3b85af
6f6d6dbc
646f3145
44b9309a
60c4cdcb
e081a9a8
f8d69cc1
9569bc66
72507ba7
3c1bb854
eeef43fd
754538f2
82ff2b43
fea605c0
34f122f9
48e9f23e
6d5f389f
bec5bdec
4a97f5b5
0e8ef44a
7c88bfbb
7646ccd8
359f3831
3ed00b16
4af99c97
6dc7de84
41fe266d
ee39c2a2
b3316b33
37265ef0
89e3bc69
7b9566ee
2e0d878f
e2aa7a1c
0172b625
d6f503fa
bae50dab
5af31c08
823d8fa1
2d7f65c6
2d64d987
93a1f0b4
128284dd
85fc1852
7d2b8723
f6c76420
642791d9
9a1f679e
7325727f
3d0ea24c
47767295
f8965faa
d0a8b79b
9ca99738
8d98a311
3bd2cc76
cc513277
fafceee4
96d35f4d
e1973a02
809c7f13
8d0c1550
8883a349
0f42f44e
a845f96f
12a5367c
e6da2b05
4ede075a
c462bd8b
984d3e68
0e577281
10e53f26
883da767
6bebd914
c907b5bd
7ed627b2
26f35303
b0377280
fb7ef0b9
ea7b0cfe
dece1c5f
bae136ac
2594df75
e5f6fb0a
de621f7b
29811198
32e0fdf1
d091bdd6
5f693857
5941af44
d6f6882d
6443e162
935f02f3
ad4c7bb0
71607a29
9002b1ae
bddcdb4f
cff5a2dc
355d8fe5
aacc3aba
98b5dd6b
daa810c8
115c4561
cb734886
ddd2e547
10917174
9236d69d
d12b6712
92ce8ee3
980e30e0
be2f3f99
68d4e25e
7251363f
5ed57b0c
a3ab3c55
1b08c66a
8f2cf75b
14e53bf8
17b048d1
2ee4df36
0d39ae37
ea2e1fa4
e01fa10d
ed97b8c2
8bf0f6d3
7aff9210
45b24109
92ac9f0e
9eca2d2f
1733bf3c
c9b4e4c5
f5179e1a
6f566d4b
501b9328
7b840841
b50181e6
651c9327
792ab9d4
29c7e77d
7a53d672
6f353ac3
87639f40
6b707e79
9004e7be
4ba6c01f
7b836f6c
3c718935
e823c1ca
e8813f3b
42ee1658
aa3e83b1
54a43096
baba9417
bb5a4004
cc06a9ed
80eac022
a6ca5ab3
453d5870
02b0f7e9
f818bc6e
d705ef0f
10f78b9c
3c9829a5
4418317a
9bbc6d2b
12bfc588
b906bb21
f167eb46
3112b107
494fb234
8772e85d
03a775d2
069f56a3
c34fbda0
be7aad59
26e31d1e
e4c6b9ff
8f8313cc
269fc615
a99fed2a
0bd6f71b
83b3a0b8
d4c3ae91
0ba7b1f6
28e3e9f7
865e1064
f063a2cd
ad94f782
bc632e93
c71dced0
a1949ec9
ed1f09ce
4e8820ef
11d907fc
e2bf5e85
ba25f4da
8d5fdd0b
28aca7e8
b21c5e01
707e84a6
30ad3ee7
d0985a94
deefd93d
827e4532
3f84e283
fcea8c00
6e85cc39
4047827e
13a923df
456c682c
54edf2f5
c7d5488a
36a61efb
934ddb18
fd77c971
e9c76356
f4adafd7
b0d190c4
deee8bad
8eee5ee2
41337273
27b8f530
179535a9
ea97872e
4948c2cf
9a70345c
cce28365
8598e83a
cfb8bceb
83fa3a48
cafcf0e1
ee1d4e06
2ee43cc7
0a9cb2f4
9ff6ba1d
98304492
9c5dde63
514c0a60
2ec9db19
3b0a17de
0a45fdbf
73d76c8c
76140fd5
b71bd3ea
c266b6db
19d4c578
0692d451
50db44b6
970fe5b7
4c4cc124
655f648d
cc4ef642
45b32653
fa26cb90
55eabc89
b55a348e
673fd4af
575510bc
c7b99845
e0c90b9a
0a3f0ccb
02c07ca8
e3e073c1
f21c4766
d2afaaa7
9ef4bb54
763f8afd
721573f2
3ba24a43
498c38c0
ae7ed9f9
c202dd3e
5695479f
1d5c20ec
f4ca1cb5
f7cb8f4a
2490bebb
ab605fd8
4e4ccf31
6ebb5616
65028b97
1667a184
8d6e2d6d
990ebda2
765a4a33
3d7f51f0
49cd3369
5e3f11ee
a465568f
211f9d1c
5bfc9d25
120e5efa
006accab
6f176f08
58fee6a1
d05370c6
9f078887
e13873b4
49824bdd
c985d352
d7ca2623
dac31720
98dcc8d9
cc09d29e
e28f017f
7092854c
f7c81995
163c7aaa
ee9c369b
c808aa38
aeddba11
3d3f9776
8f7da177
78ba31e4
9cd2e64d
b485b502
1ba0de13
5cda8850
dc749a49
421e1f4e
58b1486f
fc67d97c
ce639205
6bc0e25a
91b3fc8b
7f171168
02904981
a89aca26
f2e3d667
d0ffdc14
3d76fcbd
e3d962b2
c74d7203
6608a580
951ba7b9
9bf6f7fe
f42b2b5f
c81299ac
61c60675
aac6960a
ce011e7b
dbe5a498
7e7d94f1
824008d6
23792757
88dc7244
15458f2d
6a0bdc62
19fee1f3
2f506eb0
f318f129
09cf5cae
381baa4f
19c5c5dc
1fa676e5
4c3895ba
b9929c6b
d4d763c8
34cc9c61
66ca5386
093c9447
19e2f474
b1d59d9d
92682212
fca42de3
b874e3e0
46737699
c0a24d5e
2d61c53f
aa745e0c
d17be355
59c1e16a
8c37765b
3f0f4ef8
8f645fd1
cf94aa36
09ed1d37
086662a4
b47e280d
90f933c2
f1ec55d3
f7f90510
6ef23809
aa2aca0e
529c7c2f
d5d1623c
0c7d4bc5
1dcd791a
8f7eac4b
fe706628
bfebdf41
c2ba0ce6
f909c227
1379bcd4
42562e7d
328a1172
064659c3
0b1fd240
4c1c3579
14e3d2be
8c2acf1f
ca4fd26c
a1a1b035
d3865cca
0eb73e3b
359da958
2fca1ab1
83157b96
07d18317
64f00304
7434b0ed
8ca5bb22
bfe139b3
65ec4b70
2d386ee9
6408676e
142bbe0f
b922ae9c
0da010a5
56d78c7a
46f02c2b
75fa1888
f0261221
4041f646
b5436007
c15c3534
c6b0af5d
ad9730d2
0eabf5a3
032170a0
414de459
bf93881e
6a7e48ff
063cf6cc
e8ef6d15
d46c082a
56f8761b
efa8b3b8
29e6c591
c69a7cf6
be1e58f7
b8115364
8a2129cd
4c697282
3c558d93
944241d0
072395c9
c44034ce
44c16fef
7851aafc
57c6c585
79aecfda
2f5f1c0b
a18c7ae8
8db33501
2f3a0fa6
0ce16de7
d3225d94
529d203d
78e78032
dc4d0183
b191bf00
bd408339
33896d7e
7e5432df
68d3cb2c
7a1d19f5
24cae38a
82731dfb
89486e18
c3f26071
8ffbae56
a9cb9ed7
c76253c4
67fb92ad
4b9c59e2
bbc15173
0a12e830
d1ebaca9
a3aa322e
085591cf
f3f6575c
dba96a65
14ab433a
b4437beb
d33f8d48
dccb47e1
ab7a5906
aadbebc7
a46435f4
35d3811d
95d2ff92
d1a17d63
9388bd60
532c1219
2f9d82de
d9a48cbf
28ac4f8c
e3e2b6d5
98faeeea
ca9f35db
0a94d878
c024eb51
a1110fb6
23d154b7
047b0424
bb7beb8d
91967142
2e9c8553
ba763e90
5ec8b389
271e5f8e
dee023af
38a8b3bc
45ffff45
c224e69a
5d154bcb
492b4fa8
9da64ac1
9cdad266
162ad9a7
3cb9be54
fc0bd1fd
91b1aef2
ed216943
921e6bc0
924890f9
bea7c83e
ea67569f
a85e83ec
70f843b5
11542a4a
84f4bdbb
67a5f2d8
5cb66631
87b2a116
61277a97
8cf36484
6e5a346d
b1afb8a2
215f2933
048444f0
7af2aa69
bf74bcee
a459258f
7f00c01c
ff828425
2873b9fa
cd4c8bab
2d67c208
0c7c3da1
b7337bc6
b1c63787
4fbaf6b4
6cfe12dd
85db8e52
c944c523
026aca20
05cdffd9
37803d9e
7a94907f
7682684c
2815c095
7a2e95aa
22ebb59b
8093bd38
53ded111
9db86276
72c61077
2a6374e4
a64e6d4d
cb403002
bc813d13
b354fb50
efa19149
29854a4e
90b8976f
2b967c7c
2ce8f905
f9efbd5a
c4613b8b
960ce468
e1852081
7a5c5526
bca60567
3cffdf14
8c6243bd
17a89db2
9c839103
a585d880
34f45eb9
3cfee2fe
b0243a5f
4daffcac
cbf32d75
cbe2310a
31fc1d7b
21763798
dbd62bf1
08fa53d6
45a51657
52633544
c510962d
899fd762
c47ac0f3
fe0061b0
820d6829
6e2807ae
37f6794f
cf01e8dc
aeeb5de5
f4f0f0ba
1dcb5b6b
8532b6c8
50f8f361
322d5e86
51c24347
10207774
99f0649d
7870dd12
3955cce3
a88796e0
a2f3ad99
bdfbb85e
0d0e543f
147f410c
db488a55
0ac6fc6a
5b9df55b
026561f8
a6d476d1
bb507536
a2bc8c37
268aa5a4
6858af0d
2426aec2
99c3b4d3
879e7810
f36e2f09
e234f50e
8a0acb2f
25db053c
2241b2c5
e3cf541a
d102eb4b
e8f13928
0b0fb641
f67e97e6
6812f127
80b4bfd4
1160757d
658c4c72
0e3378c3
a4880540
cf03ec79
f54ebdbe
6f4ade1f
dd88356c
90cdd735
4734f7ca
65493d3b
c7793c58
e311b1b1
7292c696
2f047217
7471c604
69deb7ed
5e2cb622
38d418b3
5f473e70
00fbe5e9
2684126e
d2ed8d0f
18b9d19c
dfa3f7a5
9ce2e77a
f17feb2b
9b606b88
3c016921
ab280146
d2900f07
f254b834
aa6a765d
2852ebd2
259494a3
9e9f23a0
345d1b59
69cff31e
10d1d7ff
e762d9cc
e33b1415
9d84232a
3075f51b
00c9c6b8
3ac5dc91
b89947f6
6b74c7f7
b5b09664
df5ab0cd
8709ed82
3a23ec93
0012b4d0
63ee8cc9
27ed5fce
ba96beef
bc364dfc
fbca2c85
0283aada
aeba5b0b
62984de8
8c060c01
00019aa6
40319ce7
74986094
58c6673d
961cbb32
25f12083
07e4f200
4a373a39
ee57587e
879b41df
9ca72e2c
854840f5
360c7e8a
ba9c1cfb
2a6f0118
d428f771
e33bf956
b5058dd7
0fdf16c4
1a8499ad
7a1654e2
d22b3073
5118db30
d17e23a9
1f48dd2e
44fe60cf
50e87a5c
476c5165
03099e3a
542a3aeb
f0b0e048
1f559ee1
70e36406
3bef9ac7
c317b8f4
4c2c481d
1041ba92
51c11c63
bd717060
83ca4919
a1bcedde
c59f1bbf
93ed328c
e5ad5dd5
452609ea
1d33b4db
ac80eb78
51730251
1452dab6
44aec3b7
54954724
a914728d
9ea9ec42
d161e453
a571b190
fae2aa89
916e8a8e
d21c72af
436856bc
4f426645
98ccc19a
49478acb
e3c222a8
962821c1
45a55d66
2cc208a7
456ac154
f05418fd
8419e9f2
877c8843
085c9ec0
504e47f9
eed8b33e
18d5659f
8fcce6ec
2f226ab5
0b28c54a
8db4bcbb
db1785d8
d0dbfd31
39b5ec16
2f686997
016b2784
54c23b6d
e81cb3a2
a4400833
bc3537f0
8d542169
4f3667ee
1de8f48f
2c4de31c
5c046b25
ca2514fa
118a4aab
c5e41508
0cb594a1
921f86c6
55a0e687
0f2979b4
ecf5d9dd
6afd4952
419b6423
9dbe7d20
1afb36d9
8c82a89e
2b361f7f
7ede4b4c
485f6795
d46cb0aa
5d97349b
f64ad038
ec9be811
0d3d2d76
662a7f77
3ff8b7e4
2345f44d
d5c6ab02
533d9c13
c07b6e50
320a8849
7578754e
405be66f
d0311f7c
726a6005
a96a985a
4c6a7a8b
0d2eb768
1b35f781
3629e026
d5843467
dfebe214
25c98abd
ca43d8b2
9695b003
9eaf0b80
4b0915b9
7d92cdfe
02b9495f
7bb95fac
d41c5475
f949cc0a
fa531c7b
2a32ca98
baeac2f1
14c09ed6
b5ed0557
e5d5f844
56579d2d
72ffd262
82d29ff3
495c54b0
8e3ddf29
6d0cb2ae
ad6d484f
1faa0bdc
532c44e5
54f54bba
b5601a6b
1bba09c8
d5e14a61
dd9c6986
a763f247
2349fa74
ba872b9d
33459812
38e36be3
984649e0
43afe499
10e1235e
0156e33f
ccf6240c
31113155
de18176a
ed60745b
8ee774f8
ce008dd1
a2184036
c7a7fb37
749ae8a4
6baf360d
572029c2
737713d3
59efeb10
43262609
eacb200e
35151a2f
3750a83c
7b0219c5
f71d2f1a
23e32a4b
3f9e0c28
ccef8d41
004f22e6
a2382027
f0dbc2d4
06e6bc7d
c35a8772
76fc97c3
839c3840
6427a379
e145a8be
e506ed1f
e52c986c
79f5fe35
f32f92ca
dc373c3b
2880cf58
341548b1
d31c1196
20536117
19df8904
1d04beed
a57fb122
01a2f7b3
614e3170
edfb5ce9
ef8bbd6e
034b5c0f
5fbcf49c
22a3dea5
c63a427a
8b6baa2b
b2f2be88
0c98c021
e21a0c46
78f8be07
0c393b34
a2a03d5d
23daa6d2
3b5933a3
c5c8d6a0
07a85259
d5985e1e
c7c166ff
62f4bccc
8582bb15
b4e83e2a
884f741b
e716d9b8
7760f391
91a412f6
20e736f7
af3bd964
601037cd
0d766882
a5ce4b93
3a8f27d0
27f583c9
c8268ace
a0080def
0d86f0fc
3ec99385
04a485da
fb719a0b
9bd020e8
1d14e301
92d525a6
ba9dcbe7
e4fa6394
616bae3d
8a1df632
0c713f83
2fe42500
8569f139
20b1437e
1f7e50df
10e6912c
e66f67f5
ab9a198a
cf211bfb
a6c19418
9e1b8e71
93884456
065b7cd7
ba47d9c4
6689a0ad
ca5c4fe2
74710f73
2ccace30
864c9aa9
0d73882e
ef432fcf
e1469d5c
802b3865
00b3f93a
9f6cf9eb
0c4e3348
029bf5e1
ee586f06
d21f49c7
96b73bf4
53010f1d
b77c7592
0cbcbb63
ff062360
30a48019
416858de
be35aabf
e59a158c
eb7404d5
6b9d24ea
aa2433db
2f98fe78
2a7d1951
5aa0a5b6
e9a832b7
6c9b8a24
9e28f98d
a3896742
1e034353
eb192490
9a38a189
a44ab58e
30f4c1af
a793f9bc
5380cd45
14c09c9a
bed5c9cb
0284f5a8
3d65f8c1
9c7be866
067537a7
e907c454
c3185ffd
f94e24f2
fab3a743
dc46d1c0
588ffef9
02959e3e
d1df749f
03a749ec
9f4891b5
9549604a
2ed0bbbb
35b518d8
1abd9431
34c53716
bfc55897
a3ceea84
b0a6426d
ec55aea2
eefce733
94922af0
f0f19869
bd8412ee
0114c38f
5907061c
e1825225
a7226ffa
bd2409ab
688c6808
c9aaeba1
111791c6
7a979587
4f83fcb4
3969a0dd
28eb0452
30ce0323
dcbe3020
48646dd9
7b11139e
e473ae7f
b9a62e4c
c8a50e95
d4f6cbaa
8e9eb39b
592de338
e914ff11
3bcdf876
59aaee77
e979fae4
83b97b4d
84192602
cfd5fb13
b44de150
13af7f49
d5f7a04e
579b356f
1a37c27c
0ee7c705
2a31735a
19cfb98b
147c8a68
1fa2ce81
8c036b26
2d7e6367
e9c3e514
79acd1bd
abab13b2
a583cf03
81843e80
4759ccb9
0db2b8fe
dbea585f
822ec2ac
ea417b75
e2fd670a
17061b7b
261b5d98
8bbb59f1
5592e9d6
6450f457
7334bb44
391aa42d
d62bcd62
45067ef3
416447b0
87aa5629
b67d5dae
8880174f
3bbe2edc
7c692be5
1c45a6ba
7050d96b
c86d5cc8
3385a161
19177486
fa21a147
835f7d74
8399f29d
72e65312
eb4d0ae3
b7b0fce0
98a81b99
69528e5e
fa3b723f
03d9070c
42d5d855
83b5326a
317ef35b
149587f8
74e8a4d1
33ec0b36
68af6a37
22972ba4
2e81bd0d
d9e5a4c2
6f0672d3
9eed5e10
ce1a1d09
73ed4b0e
43bb692f
3a324b3c
86be80c5
07b70a1a
781f694b
3276df28
758b6441
902bade6
97794f27
93eec5d4
92e9037d
fbf4c272
30a1b6c3
d85c6b40
7b875a79
88c893be
dd5efc1f
113cfb6c
cd1a2535
87762dca
63813b3b
88b46258
92d4dfb1
54b15c96
cbbe5017
85394c04
fda6c5ed
129eac22
0a4dd6b3
9c012470
6436d3e9
6f1f686e
95452b0f
be2c179c
469fc5a5
82dd9d7a
04b3692b
ecb11188
d1ec1721
95181746
987d6d07
3f09be34
1f52045d
502e61d2
3ff9d2a3
a89e89a0
2b2f8959
b2ecc91e
7f4cf5ff
a8f29fcc
3fc66215
ca98592a
4e84f31b
d28fecb8
4fb80a91
01baddf6
ce75a5f7
d4b31c64
7c41becd
8faee382
6f54aa93
73b79ad0
c3387ac9
54ebb5ce
e5155cef
9c4393fc
90c4fa85
301160da
0584d90b
7d33f3e8
b0dfba01
97b4b0a6
6c25fae7
54486694
dc8cf53d
04eb3132
7fcd5e83
598f5800
ded8a839
7a972e7e
35fd5fdf
f591f42c
0d928ef5
3573b48a
b0021afb
2e402718
91ca2571
50e08f56
8dcd6bd7
f69c9cc4
bc0aa7ad
ec6e4ae2
9292ee73
cd28c130
605711a9
1e2a332e
f723fecf
d510c05c
f5e61f65
bdaa543a
860bb8eb
56178648
f69e4ce1
d3d97a06
5d6af8c7
4f42bef4
ba51d61d
3b833092
f2945a63
8846d660
c9bab719
be9fc3de
b36839bf
4db2f88c
6536abd5
bc603fea
6170b2db
c3dd1178
bb433051
23fa70b6
02bda1b7
7c8dcd24
0ab9808d
5034e242
0480a253
bb6c9790
acca9889
0fb2e08e
eb6910af
952b9cbc
c2bb3445
e600779a
adc008cb
d573c8a8
035fcfc1
515e7366
934466a7
5790c754
e458a6fd
a14e5ff2
36c6c643
3ddd04c0
1b0db5f9
a9de893e
0585839f
33edacec
316ab8b5
5fb5fb4a
5848babb
a77eabd8
aa5b2b31
28e08216
023e4797
a41ead84
f206496d
6e5aa9a2
f195c633
bd9b1df0
15cb0f69
ba5dbdee
3ddc928f
352c291c
fffc3925
6f6bcafa
c019c8ab
4560bb08
b35c42a1
e41b9cc6
10aa4487
40ca7fb4
c25967dd
6fa4bf52
86dca223
ef69e320
fe09a4d9
b32b7e9e
964d3d7f
56da114c
18e6b595
2bcce6aa
a602329b
d93cf638
b94a1611
d96ac376
3d475d77
56e73de4
37a9024d
8637a102
224a5a13
becc5450
04907649
fb02cb4e
c676846f
39aa657c
72612e05
2c444e5a
1c90f88b
dbf65d68
5ecba581
2be8f626
b4949267
8a87e814
f80c18bd
6bde4eb2
b94dee03
7e057180
99e683b9
9d5ea3fe
2bb7675f
911025ac
7e62a275
38fd020a
78151a7b
452ff098
be47f0f1
7b7134d6
40d0e357
2a7f7e44
dd59ab2d
6323c862
fb165df3
16183ab0
de52cd29
fa7a08ae
b92ee64f
533e51dc
9aa212e5
fae201ba
3e9d986b
bb4cafc8
d9e5f861
949e7f86
39fb5047
60610074
6528b99d
e7530e12
4092a9e3
36c7afe0
11dc5299
774ff95e
e7bc013f
e927ea0c
80967f55
ab9e4d6a
17f9725b
c36f9af8
0b8cbbd1
20cbd636
75d2d937
607f6ea4
20d0440d
5c771fc2
7c71d1d3
8696d110
044a1409
2d9b760e
a5fdb82f
5e7fee3c
b576e7c5
c59ce51a
bdb7a84b
f17bb228
74e33b41
561438e6
37d67e27
99edc8d4
25674a7d
bf5afd72
2b22d5c3
d2c89e40
85231179
9bd77ebe
48530b1f
91b95e6c
fa3a4c35
b408c8ca
eb273a3b
1813f558
6f5076b1
a752a796
21453f17
e67f0f04
7bc4cced
5589a722
42d4b5b3
3f601770
d3ae4ae9
553f136e
78dafa0f
64073a9c
bb97aca5
82ccf87a
4d57282b
789b6488
fbfb6e21
74222246
211e1c07
bac64134
907fcb5d
5d4e1cd2
237671a3
77203ca0
0ef2c059
b1cd341e
277484ff
e95c82cc
82060915
8e94742a
7316721b
f334ffb8
33cb2191
b8dda8f6
642014f7
56165f64
a3ef45cd
bdb35e82
86b70993
db8c0dd0
a5b771c9
7e3ce0ce
79beabef
986c36fc
61bc6185
34ca3bda
bcf4180b
36c3c6e8
b7669101
bea03ba6
44ca29e7
f2826994
3a2a3c3d
b6846c32
70057d83
b4e68b00
c6835f39
ac09197e
bb186edf
7aa9572c
6ab1b5f5
83994f8a
4d3f19fb
f0eaba18
1f34bc71
cb44da56
3b5b5ad7
f4dd5fc4
8b07aead
904c45e2
1c90cd73
6232b430
cf9d88a9
016cde2e
4ca0cdcf
5c46e35c
189d0665
e9ecaf3a
f80677eb
fe0cd948
6b5ca3e1
d1668506
cdd2a7c7
1cba41f4
f21e9d1d
4c55eb92
f347f963
89338960
bf0cee19
c9632ede
9536c8bf
fc37db8c
c2f552d5
e76f5aea
331931db
994d2478
73c54751
20603bb6
7fef10b7
b46c1024
5ec6078d
54ac5d42
74da0153
466c0a90
a2988f89
83a70b8e
f1795faf
3c2f3fbc
0cf19b45
bc8c529a
060647cb
8c8e9ba8
5815a6c1
144cfe66
c32f95a7
c105ca54
c414edfd
2c1a9af2
2bb5e543
5d1f37c0
07c76cf9
94b3743e
a3c7929f
50a00fec
5588dfb5
1a6e964a
fa1cb9bb
60743ed8
efb4c231
c607cd16
e6d33697
325a7084
88e2506d
1e2ba4a2
9c0aa533
675010f0
6be08669
f5c368ee
c440618f
f0bd4c1c
27722025
d30125fa
0a6b87ab
8c610e08
39c999a1
bb2ba7c6
07d8f387
12fd02b4
f7c52edd
ef2a7a52
33c74123
05c19620
abeadbd9
e4d1e99e
30c2cc7f
8679f44c
a9245c95
88ef01aa
93c1b19b
a6780938
cd3b2d11
96138e76
00ffcc77
b84080e4
af14894d
8c221c02
3a9ab913
0ff6c750
74ad6d49
9499f64e
7cedd36f
5e89087c
0cd69505
5fa3295a
44ae378b
939c3068
48b07c81
c5da8126
5ac6c167
f237eb14
10e75fbd
badd89b2
c1f40d03
c432a480
b2af3ab9
dc968efe
e220765f
d85d88ac
007fc975
ab489d0a
0d80197b
b7708398
c29087f1
365b7fd6
3b6cd257
3bb64144
b314b22d
c9e7c362
95023cf3
f7782db0
02374429
e902b3ae
2f79b54f
962a74dc
1dd6f9e5
a0ca5cba
1046576b
245802c8
39024f61
00318a86
56f0ff47
ea4e8374
cf33809d
408bc912
28b448e3
458a62e0
1f4c8999
ead9645e
b9d8903f
ace2cd0c
5a532655
05d3686a
90cff15b
cb75adf8
01ecd2d1
18b7a136
df124837
5e53b1a4
b29acb0d
8ed49ac2
8bb930d3
40ec4410
55b60b09
c7d5a10e
4bdc072f
d439913c
772b4ec5
e0cec01a
e4abe74b
acac8528
3af71241
0208c3e6
734fad27
32d8cbd4
2e61917d
bd8d3872
567ff4c3
a2e0d140
f0fac879
ca7269be
15e31a1f
96a1c16c
71567335
28e763ca
6329393b
069f8858
39880db1
7afff296
10e82e17
6db0d204
075ed3ed
1e40a222
9b3794b3
7b6b0a70
ac61c1e9
51eabe6e
9e0cc90f
814e5d9c
f18b93a5
7608537a
5556e72b
86b1b788
fac6c521
2f382d46
02dacb07
af6ec434
6629925d
fb39d7d2
d5cf10a3
614defa0
22f1f759
82399f1e
b03813ff
543265cc
bc41b015
b0dc8f2a
e603f11b
790612b8
939a3891
670c73f6
d1e683f7
6365a264
4718cccd
4783d982
dbf56893
a20c80d0
3f7268c9
f41a0bce
4e03faef
3200d9fc
21afc885
c2cf16da
11bf570b
f87f99e8
a0a96801
b797c6a6
348a58e7
efa86c94
ea43833d
4ee9a732
cd199c83
71e9be00
ac6a1639
6507047e
9ecf7ddf
d02cba2c
6dccdcf5
460aea8a
96d818fb
1ec14d18
b65b5371
b2b52556
ff0549d7
e50a22c4
4380b5ad
65f640e2
026aac73
1be8a730
441fffa9
673b892e
dfb99ccf
a6e9065c
584fed65
357b0a3a
e55d36eb
342e2c48
d0d6fae1
96ff9006
135656c7
2f1dc4f4
6a67641d
99f4a692
fed79863
31cc3c60
809b2519
11b299de
53a157bf
2128be8c
74aff9d5
9cca75ea
0f1db0db
dfe93778
c4035e51
ffd206b6
513c7fb7
44365324
0a4e8e8d
60efd842
5f0f6053
bc177d90
eba28689
b027368e
3325aeaf
cc9ee2bc
a2240245
48642d9a
b7a886cb
57d56ea8
ab877dc1
95478966
8636c4a7
5566cd54
d24d34fd
49b2d5f2
c9810443
6a0d6ac0
8ebd23f9
73145f3e
9ca5a19f
89be72ec
7ba306b5
7573314a
044cb8bb
9095d1d8
5aca5931
bc3b1816
5d842597
7e823384
e53a576d
abc89fa2
de5b8433
c1b103f0
6331fd69
1fb513ee
8440308f
bbba6f1c
c7e40725
81e280fa
8c1946ab
6d8d6108
ccf2f0a1
4647b2c6
5023a287
f61b85b4
49acf5dd
577c3552
278de023
4fc54920
c20812d9
c004549e
a3d45b7f
7885d74c
e95e0395
9c5d1caa
47dd309b
f0df1c38
94e84411
21c85976
94d43b77
3d85c3e4
59fc104d
45d89702
08c71813
d7cd3a50
d4066449
52bd214e
6b01226f
b8d3ab7c
4e47fc05
744e045a
8227768b
6b6e0368
4d515381
09d80c26
1014f067
50d3ee14
343ea6bd
48a8c4b2
af762c03
840bd780
01b3f1b9
7b5a79fe
ef25855f
8816ebac
e098f075
e9e0380a
c747187b
acdd1698
08951ef1
3651cad6
4424c157
d6d90444
2a4bb92d
ba77be62
02ca1bf3
158420b0
6357bb29
32175eae
db60844f
348297dc
7607e0e5
bdfeb7ba
d54b166b
338f55c8
c0daa661
0bd09586
4102ae47
51280674
31ba479d
2e908412
93b1e7e3
13f915e0
30f8c099
73eecf5e
60911f3f
7f09b00c
400bcd55
4254836a
8c02705b
5ca7c0f8
c808e9d1
cbaf6c36
946db737
4c13f4a4
53e1520d
20fe15c2
8cdc8fd3
fdedb710
325e0209
f29bcc0e
2556562f
cb5f343c
3bdbb5c5
094c9b1a
dcfc264b
94095828
37c6e941
44094ee6
39e4dc27
8eafced4
1dd7d87d
a68b7372
a2b913c3
78a50440
2f0e7f79
c49954be
360f291f
4ff6246c
a26e9a35
9611feca
bb87383b
84571b58
617ba4b1
7fb93d96
8aa71d17
4ace9504
1074daed
1cc39d22
037673b3
8021fd70
5e5138e9
1522696e
f4da980f
4601809c
587b7aa5
0c8fae7a
0cb2a62b
46f40a88
3e4e1c21
765a3846
2db37a07
4d034734
104f595d
d9f192d2
4703afa3
9727a2a0
d72d2e59
d4320a1e
0997a2ff
197448cc
5e795715
e170aa2a
974d701b
940325b8
df254f91
bc473ef6
07c8f2f7
2ca0e564
d5be53cd
dd205482
5f0fc793
f738f3d0
00695fc9
668336ce
51e549ef
99017cfc
409f2f85
8a1ff1da
f3e6960b
f2676ce8
dca83f01
329b51a6
2b6687e7
7bba6f94
5cd8ca3d
7e1ae232
8709bb83
c098f100
008ccd39
5590ef7e
d1228cdf
261c1d2c
86e403f5
2cc8858a
7ccd17fb
e7c3e018
c73dea71
b7317056
c8cb38d7
f722e5c4
5575bcad
1d6c3be2
34208b73
2a4a9a30
2dde76a9
ff96342e
a06e6bcf
e4f7295c
24fed465
5055653a
3e0ff5eb
287b7f48
970d51e1
d4a49b06
1df605c7
b66d47f4
932c2b1d
d45f6192
05433763
b210ef60
7e655c19
478e04de
dea7e6bf
ec85a18c
ea66a0d5
8c7190ea
e57e2fdb
c7b14a78
1bfd7551
724fd1b6
66a5eeb7
5bec9624
7d53158d
24ff5342
b320bf53
4c6ef090
f7e87d89
4533618e
a06dfdaf
767a85bc
f2526945
3988089a
b2a6c5cb
674841a8
6db554c1
844e1466
cc59f3a7
44b3d054
7f017bfd
aa1710f2
00282343
94a79dc0
1feedaf9
f5014a3e
e01fb09f
0f48d5ec
13b92db5
20c3cc4a
66d8b7bb
67e364d8
5b9bf031
bb7a6316
56511497
b895f684
770e5e6d
c7319aa2
a8886333
fcbdf6f0
6bbf7469
e832beee
6ddbff8f
c623921c
5151ee25
2c0fdbfa
352305ab
18e5b408
dcd847a1
356fbdc6
d98a5187
1a2608b4
2810bcdd
5899f052
52307f23
fd74fc20
b06149d9
f4c2bf9e
df81ea7f
5cfdba4c
4993aa95
161737aa
b254af9b
e8722f38
80515b11
2c892476
e8c4aa77
16b706e4
a85f974d
635b1202
7ccf7713
464fad50
929b5b49
e56c4c4e
80b0716f
788a4e7c
a6b56305
1a44df5a
c4fcb58b
936bd668
dcae2a81
a7e19726
c47f1f67
d65bf114
d211edbd
c53fffb2
71d44b03
ed910a80
f6f4a8b9
29aa64fe
42c6945f
d03c4eac
8eae1775
a4c3d30a
956a177b
5575a998
0055b5f1
2b5415d6
4af8b057
2be7c744
b2fec02d
e4d3b962
346dfaf3
a03c13b0
71b43229
85b809ae
ace3534f
5e46badc
1334c7e5
027f12ba
7dabd56b
18f2a8c8
e16efd61
677ba086
e8305d47
c4ed8974
fcbd0e9d
61613f12
718b86e3
d213c8e0
b6e0f799
c2903a5e
cbe5ae3f
8f9c930c
a1c07455
11219e6a
f990ef5b
a705d3f8
cde100d1
e9b33736
85e52637
59c037a4
74a3d90d
c2f390c2
6fdbeed3
ed9b2a10
0a41f909
5dedf70e
226ca52f
73f0d73c
73881cc5
ef16761a
96a8654b
d7922b28
db52c041
cc15d9e6
7b960b27
dd72d1d4
63ca1f7d
2a55ae72
ffce32c3
84153740
af5e3679
3a4c3fbe
98d7381f
edb6876c
fd82c135
ab8899ca
e441373b
c13aae58
572b3bb1
657e8896
7e820c17
add85804
0706e1ed
01129822
6b9152b3
7d84f070
597cafe9
4ee6146e
6d44670f
e220a39c
606761a5
f663097a
636a652b
e9625d88
36917321
f9884346
91a82907
c383ca34
fef1205d
a9754dd2
67144ea3
48ad55a0
9ba46559
57b6751e
239331ff
69222bcc
d8acfe15
d050c52a
76f2ef1b
742c38b8
866c6691
688e09f6
f5c761f7
e1c82864
bfdfdacd
2e88cf82
00062693
0b1166d0
589c56c9
857861ce
756298ef
fd6e1ffc
2e8a9685
3abcccda
5369d50b
547b3fe8
db631601
dfaadca6
195eb6e7
c6b87294
01ea113d
f4181d32
8dd5da83
d0f42400
32eb8439
2da6da7e
42119bdf
ac77802c
25f72af5
e7d2208a
ef1e16fb
7bf27318
c1dc8171
88b9bb56
88ad27d7
5b27a8c4
30e6c3ad
66ae36e2
a1b26a73
bd588d30
fcd8eda9
7a7cdf2e
7ebf3acf
46714c5c
eea9bb65
ea7bc03a
f21eb4eb
0af4d248
2dffa8e1
3a55a606
ddb1b4c7
e2a8caf4
dc6cf21d
ab961c92
f68ad663
3a01a260
286b9319
1af56fde
264a75bf
8e4e848c
941947d5
6664abea
a63aaedb
80a55d78
ebb38c51
27d99cb6
b02b5db7
2b8ed924
27d39c8d
50dace42
610e1e53
27726390
376a7489
f2cb8c8e
29524caf
69c228bc
6d7cd045
3ff7e39a
e70104cb
eae714a8
0e9f2bc1
91609f66
859922a7
beecd354
3a31c2fd
fd474bf2
bfab4243
0cedd0c0
2b5c91f9
ca7a353e
5e35bf9f
113f38ec
8dcb54b5
cc60674a
11c0b6bb
165cf7d8
62298731
73c5ae16
c13a0397
1095b984
ae5e656d
206695a2
ea914233
4876e9f0
f588eb69
ff3c69ee
7113ce8f
3ff8b51c
33bbd525
818936fa
f588c4ab
be6a0708
d9799ea1
38a3c8c6
940d0087
af1c8bb4
02f083dd
a283ab52
a3af1e23
3ed0af20
e6f680d9
330d2a9e
d3cb797f
63e19d4c
39c55195
a61d52aa
c3282e9b
bd314238
ff767211
6655ef76
ecd11977
73d449e4
0a3f1e4d
94a98d02
86b3d613
8b7e2050
206c5249
fca7774e
adfbc06f
cdacf17c
861eca05
0187ba5a
fd2df48b
3b95a968
66c70181
4ff72226
68054e67
b2cff414
5a6134bd
e0a33ab2
f90e6a03
30c23d80
02715fb9
97864ffe
cd03a35f
e0cdb1ac
7abf3e75
8bf36e0a
67e9167b
e13a3c98
19d24cf1
c56260d6
3fe89f57
6ae28a44
bd2dc72d
f8fbb462
19edd9f3
c7a006b0
9d4ca929
93e4b4ae
9402224f
4376dddc
655daee5
1e4b6dba
f968946b
0481fbc8
0abf5461
c332ab86
3c7a0c47
759f0c74
a03bd59d
88fdfa12
b24125e3
afda7be0
21052e99
86bda55e
ebd63d3f
0e9b760c
ef711b55
223ab96a
c97b6e5b
da8fe6f8
837517d1
22c30236
a3789537
b7587aa4
84e2600d
24b50bc2
24b74dd3
3ff49d10
4d61f009
b9cc220e
331ef42f
fdee7a3c
8e3083c5
422c511a
01b0a44b
a746fe28
959a9741
4a2e64e6
28633a27
4f21d4d4
7038667d
f8ebe972
5dbf51c3
f5316a40
e1e9ed79
db8b2abe
2e3b471f
9fe2ea6c
f292e835
194b34ca
cd57363b
ed4a4158
8a96d2b1
dc4fd396
dc78fb17
c6ce1b04
5b14e8ed
7b2d9322
c38831b3
a393e370
0de426e9
af35bf6e
f74a360f
85abc69c
794f48a5
e382647a
497e242b
9dfcb088
5390ca21
68c24e46
1eb8d807
42f04d34
a20ee75d
19c508d2
2600eda3
a5df08a0
e0579c59
bcc6e01e
ee2ac0ff
733c0ecc
9adca515
2d7ce02a
74f46e1b
49814bb8
f96f7d91
1be0d4f6
8be1d0f7
b2db6b64
757d61cd
ebbd4a82
aed88593
0d95d9d0
b80b4dc9
00f98cce
a87be7ef
8f46c2fc
5b71fd85
84a5a7da
2049140b
4ebb12e8
0cd9ed01
6ec667a6
ee72e5e7
00a27594
4977583d
60e15832
d17df983
d2fb5700
b3863b39
9d48c57e
e19caadf
933ee32c
bb0651f5
2727bb8a
ddcb15fb
0b4d0618
16371871
d74e0656
2eab16d7
41186bc4
45d3caad
f1bc31e2
3b204973
05128030
210f64a9
87ef8a2e
6aac09cf
fb576f5c
2550a265
b3ee1b3a
f18973eb
0b9a2548
05adffe1
7812b106
428963c7
e3d04df4
b629b91d
cf98d792
c2ae7563
f99e5560
eeadca19
3be8dade
1a8904bf
3683678c
e1c7eed5
daa3c6ea
41532ddb
3ac57078
a325a351
d06f67b6
1dccccb7
e31d1c24
79d0238d
94824942
58d77d53
7d21d690
1a286b89
68efb78e
bdd29baf
d675cbbc
83a33745
0bb3be9a
44b743cb
12b1e7a8
fe4502c1
6c7f2a66
a1f451a7
f411d654
73de09fd
f34386f2
f80a6143
02e003c0
210648f9
a37f203e
06e7ce9f
bfa19bec
59d97bb5
2849024a
f504b5bb
cc028ad8
de731e31
951cf916
8e3ef297
b6817c84
fb2a6c6d
676790a2
94762133
d4dbdcf0
708e6269
14d214ee
7de79d8f
5939d81c
df21bc25
324e91fa
bd4a83ab
8e1a5a08
32d6f5a1
ffe3d3c6
6fabaf87
e4ff0eb4
4a4c4add
e5396652
0c09bd23
43d86220
d5c7b7d9
2ae3959e
70b1087f
bd31804c
29f2f895
fc6f6daa
6a57ad9b
9f1c5538
82578911
7f2eba76
90f98877
84dd8ce4
ef9aa54d
89c40802
16743513
d7589350
ed794949
486ea24e
e2e30f6f
e83b947c
5c843105
da16955a
1abb338b
93eb7c68
5b9bd881
b218ad26
eaa77d67
162ff714
3d2c7bbd
4ad275b2
35248903
7d9f7080
942a16b9
74ee3afe
7ddcb25f
e9cb14ac
14cc6575
4f6f090a
2ec4157b
802acf98
c50ae3f1
b47cabd6
12f48e57
c3c94d44
b8d8ce2d
a6efaf62
a349b8f3
bbaff9b0
56212029
0c9d5fae
80bcf14f
141300dc
dc8295e5
c163c8ba
3881536b
263d4ec8
accbab61
cef5b686
2ddfbb47
933c8f74
8c369c9d
5566b512
45d2c4e3
dd4d2ee0
df656599
7077105e
b062cc3f
2c06590c
991dc255
259fd46a
ebc1ed5b
2745f9f8
58c52ed1
26decd36
dd280437
94dcbda4
f49ce70d
f64286c2
9b6eacd3
24fa1010
6bbde709
b6364d0e
476d432f
99581d3c
fbd4eac5
b28e2c1a
0e14e34b
3327d128
d69e6e41
6e52efe6
304c6927
13bcd7d4
b322ad7d
c24e2472
ac8c70c3
fbf99d40
36b1a479
585615be
e63b561f
967b4d6c
f19f0f35
8f59cfca
66c9353b
3885d458
6bbe69b1
942d1e96
948bea17
c5afde04
7c9eefed
3b148e22
fb5b10b3
224ed670
eb879de9
e6116a6e
82ec050f
60a2e99c
13332fa5
83edbf7a
aeede32b
94c30388
054c2121
74085946
c4e58707
fb48d034
69a8ae5d
dae0c3d2
73c98ca3
debcbba0
1546d359
b3634b1e
595e4fff
67c1f1cc
15084c15
a8f4fb2a
8151ed1b
44025eb8
a82e9491
863f9ff6
ba183ff7
cfdaae64
6696e8cd
c4bdc582
5b86e493
2ec64cd0
8eb644c9
8906b7ce
db3136ef
7e8b65fc
37556485
17da82da
4a84530b
1126e5e8
e10cc401
8fedf2a6
9aa314e7
59787894
a3809f3d
74769332
42021883
f6ae8a00
f25cf239
5476b07e
9fc3b9df
0a72462c
b61178f5
9ac9568a
38d414fb
c5d39918
344daf71
52ee5156
aac505d7
d8f52ec4
043cd1ad
6e962ce2
f06a2873
31787330
0a81dba9
d7ee352e
5434d8cf
33a9925c
38f38965
5cac763a
2c5032eb
5a6b7848
8e1856e1
3ddbbc06
3c7d12c7
e9e3d0f4
9062801d
f0679292
59ae1463
20e70860
412c0119
5a6845de
ab6393bf
15244a8c
437295d5
992ee1ea
a6c7acdb
26118378
b253ba51
1c1132b6
9f8a3bb7
b2975f24
e348aa8d
9ff5c442
8a7cdc53
7d7d4990
10226289
579fe28e
4deeeaaf
ec956ebc
a4c59e45
4cbb999a
bbc982cb
0ea8baa8
aca6d9c1
c5a9b566
116b80a7
1422d954
9c0650fd
3c0bc1f2
99458043
a67e36c0
70ebfff9
30100b3e
ca35dd9f
4a6ffeec
e7e3a2b5
e47d9d4a
00a4b4bb
b8d41dd8
4078b531
cf804416
ad5fe197
da593f84
cd72736d
4c348ba2
96370033
d1eccff0
4ccfd969
d8f3bfee
84576c8f
41e6fb1c
c383a325
ee5fecfa
7c6842ab
b7f6ad08
58f04ca1
3b2fdec6
5c665e87
ebcd91b4
6e2411dd
d0bb2152
7b405c23
3c8c1520
ecd4eed9
8c46009e
a632977f
98ed634c
8a1c9f95
c90d88aa
97e32c9b
be336838
78f4a011
27138576
c53df777
79d2cfe4
c8722c4d
f2aa8302
1c109413
59df0650
69c24049
78c1cd4e
0f665e6f
f836377c
99e59805
53f1705a
0da4728b
cc6d4f68
2b2caf81
7e463826
3c65ac67
307bfa14
ea73c2bd
b3cdb0b2
1616a803
0428a380
1c1ecdb9
71e225fe
4551c15f
1b3477ac
ccd58c75
9f36a40a
d9fb147b
62476298
71ff7af1
a8a2f6d6
b41c7d57
669c1044
15ffd52d
9eafaa62
c08197f3
ac6becb0
0c319729
9fe20aae
6313c04f
001b23dc
e8a37ce5
9bc823ba
2af6126b
ae24a1c8
37940261
3ac4c186
ac616a47
4dc61274
30ad639d
769b7012
1c4063e3
8a6be1e0
62019c99
2fbc7b5e
098b5b3f
17dd3c0c
0ec66955
cb50ef6a
50646c5b
bd280cf8
bdd145d1
a6069836
22f37337
224d00a4
33d36e0d
e79c01c2
c4020bd3
ccab8310
d555de09
032c780e
4f57922f
762dc03c
2c7551c5
f03c071a
abd5224b
ab34a428
0e5e4541
e8837ae6
83519827
5b43dad4
9c88f47d
367c5f72
dc358fc3
c86dd040
1db55b79
60ad00be
b0d7651f
017fb06c
6aa73635
bdb46aca
a097343b
d2ed6758
6aa200b1
3d166996
96bad917
da7da104
dba4f6ed
f0c78922
0309efb3
29b5c970
626714e9
a379156e
0029d40f
a3060c9c
9e1316a5
87a51a7a
83b9a22b
fdb55688
bbc37821
cb5a6446
742e3607
1c8d5334
c5be755d
9cc87ed2
406e2ba3
23466ea0
aa720a59
eb8bb61e
552ddeff
76b3d4cc
b72ff315
f2b9162a
8c0b6c1b
93af71b8
02a9ab91
57aa6af6
706aaef7
68c5f164
032c6fcd
698a4082
f6114393
9ea2bfd0
4c9d3bc9
cd9fe2ce
fd8285ef
fb3c08fc
3234cb85
a45b5dda
c21b920b
cbbeb8e8
c7fb9b01
f3217da6
0def43e7
013a7b94
8005e63d
ded7ce32
cf623783
6c0dbd00
5f6fa939
03309b7e
6c86c8df
4211a92c
87189ff5
f2b6f18a
f03913fb
db862c18
8c204671
ab9a9c56
ecfaf4d7
52bdf1c4
dc21d8ad
8d3c27e2
b1900773
728a6630
293052a9
1a78e02e
2b59a7cf
1f67b55c
99927065
94b6d13a
9272f1eb
2768cb48
373eade1
3bb0c706
bb8cc1c7
24e353f4
db17471d
be024d92
ab89b363
dfdbbb60
8fe63819
2673b0de
c8da22bf
5a312d8c
29193cd5
5205fcea
c6982bdb
72899678
893dd151
babefdb6
2563aab7
c9fda224
d43d318d
23353f42
e5fe3b53
5884bc90
89585989
6edc0d8e
c9a739af
dc2111bc
40e40545
b30f749a
3c37c1cb
0ecb8da8
89c4b0c1
4ce04066
c3feafa7
4f1fdc54
22aa97fd
879ffcf2
935c9f43
27c869c0
8b0db6f9
202cf63e
981fec9f
e1aa61ec
a7e9c9b5
b0fe384a
24a0b3bb
0cd1b0d8
f83a4c31
d2ef8f16
0e9cd097
ac1d0284
95367a6d
7ecd86a2
dfd3df33
6fa9c2f0
fa4d5069
fba16aee
74633b8f
2a001e1c
50e18a25
65bd47fa
22e201ab
6bff0008
bbc5a3a1
9a87e9c6
4a3d0d87
f38814b4
de77d8dd
1508dc52
e152fb23
58ebc820
9c1e25d9
07346b9e
6450267f
2715464c
ca424695
bbf7a3aa
3bcaab9b
4a767b38
534db711
0e045076
799e6677
82b412e4
04c5b34d
7f5cfe02
8788f313
43117950
05473749
3da0f84e
2385ad6f
2d9cda7c
ae42ff05
1f184b5a
c5e9b18b
151b2268
45798681
647fc326
4d3fdb67
31b3fd14
d23709bd
cb94ebb2
8be4c703
f45dd680
0a4f84b9
3e6210fe
1362d05f
a509daac
12dab375
2b4a3f0a
598e137b
b78ff598
90b011f1
51d541d6
13606c57
835ad344
44a2dc2d
903ba562
619576f3
c9d3dfb0
2f7e0e29
fdb2b5ae
2b068f4f
378f46dc
f9c063e5
5d787eba
c0c6d16b
cc37f4c8
1b185961
b69fcc86
a7ff1947
d53b9574
fda02a9d
9c9c2b12
258a02e3
e73694e0
18d9d399
748de65e
e74fea3f
02201f0c
c06b1055
c34e0a6a
e762eb5b
cc361ff8
22995cd1
503a6336
64dae237
8fa943a4
b285f50d
a8c17cc2
8e716ad3
6708f610
fa29d509
50aea30e
3adde12f
c46f633c
9011b8c5
ab35e21a
caf1614b
3f6d7728
acda1c41
68c005e6
1172c727
55b6ddd4
9c6b3b7d
05769a72
dcbaaec3
8a8e0340
06f51279
a48febbe
7e0f741f
10f0136c
cdab5d35
545b05ca
6ac1333b
ec80fa58
f74197b1
870bb496
d305c817
35376404
e826fded
4c468422
ca94ceb3
e9c8bc70
e2828be9
976cc06e
5f03a30f
7cd52f9c
89eefda5
9ea8757a
b7e1612b
08d3a988
e6f6cf21
1eb86f46
1c92e507
d6bdd634
26503c5d
0f7c39d2
7beecaa3
a37c21a0
0fd94159
1540211e
d1996dff
d011b7cc
f1539a15
bac9312a
8520eb1b
688884b8
78e0c291
402135f6
9ed91df7
ad9d3464
bb3df6cd
8a22bb82
6e77a293
8d2b32d0
61c032c9
7ec50dce
ff6fd4ef
3558abfc
bc103285
da2838da
770ed10b
ae828be8
31a67201
486108a6
385772e7
27e87e94
4f072d3d
50050932
699e5683
6318f000
6abe6039
5976867e
37e5d7df
6a1d0c2c
9e1bc6f5
def08c8a
f3fa12fb
7c64bf18
8daedd71
9152e756
e54ce3d7
de72b4c4
3d82dfad
fdae22e2
6e91e673
f8485930
ed1ac9a9
ff8f8b2e
e01a76cf
ee91d85c
b72d5765
0c0d2c3a
13f1b0eb
a2921e48
712104e1
2191d206
afb870c7
c4ced6f4
06480e1d
e8690892
a8415263
667c6e60
4adc6f19
500b1bde
62ecb1bf
35aa108c
02bbe3d5
b52917ea
90c4aadb
502da978
97e3e851
5c78c8b6
9f5919b7
594fe524
bcadb88d
ce40ba42
5b5b9a53
3e382f90
f5ca5089
5ea4388e
20fb88af
d518b4bc
c7fe6c45
eeaf4f9a
b60200cb
431a60a8
059e87c1
b222cb66
a9addea7
d508df54
77cadefd
860037f2
d64fbe43
b6be9cc0
df6b6df9
23d5e13e
60a5fb9f
b550c4ec
09ebf0b5
3dcad34a
50f8b2bb
f7fb43d8
75b7e331
4f6ada16
a1f5bf97
5bccc584
c276816d
af3281a2
614cbe33
de12b5f0
e906c769
2cdb15ee
3e0b0a8f
4185411c
f73b7125
4866a2fa
a0b7c0ab
da335308
cb56faa1
cdebf4c6
292fbc87
2c2e97b4
0b479fdd
62229752
2e419a23
c8f77b20
53a35cd9
4baed69e
9b09b57f
97a9294c
5a63ed95
852dbeaa
460e2a9b
73e58e38
8162ce11
e4011b76
9e1ad577
cf8155e4
14953a4d
dfdb7902
48dd5213
c2efec50
30082e49
470c234e
0f40fc6f
b86f7d7c
099c6605
eb8b265a
338af08b
9df4f568
1a825d81
14c54e26
0d360a67
49d80014
647650bd
422826b2
868ee603
7e3f0980
cebc3bb9
8a6dfbfe
d80fdf5f
b74b3dac
56dbda75
a3a9da0a
9d7d127b
b0048898
911ca8f1
60138cd6
20c05b57
4a059644
b4c1e32d
2b93a062
768555f3
43e7d2b0
30068529
d60f60ae
c8955e4f
ea6f69dc
7fd94ae5
b674d9ba
e9f3906b
b07747c8
c758b061
f286d786
10b8c847
599d1874
630ef19d
7768e612
51afa1e3
23ad47e0
73ee0a99
eeeb515e
39b0793f
1acf020c
1e0bb755
bd97256a
a0bd6a5b
847032f8
f71d73d1
d57a2e36
92de5137
0cf186a4
e0b47c0d
e9b2f7c2
eabcc9d3
24126910
4a39cc09
4ebcce0e
fa00302f
b41d063c
96aa1fc5
937bbd1a
5b69a04b
1fd24a28
2211f341
9f0890e6
caaff627
3315e0d4
22c9827d
df3cd572
9e1bcdc3
725a3640
6270c979
d3fed6be
3de3831f
f4cc766c
8aab8435
034da0ca
b547323b
b5408d58
819d2eb1
220cff96
396cb717
05dd2704
122504ed
fd917f22
41fbadb3
9287af70
dbda02e9
71ec6b6e
8f79720f
1e10529c
46c6e4a5
78f7d07a
3b65202b
e61dfc88
f6e62621
1e227a46
ae139407
59da5934
fb5e035d
e2fbf4d2
164b69a3
8f5dd4a0
b57c7859
e0808c1e
bea0fcff
a3db9acc
33734115
b1254c2a
5c926a1b
f28d97b8
7ad3d991
efa400f6
35638cf7
ce607764
fecb7dcd
d6873682
b4ba0193
2a5fa5d0
3e1f29c9
4c7638ce
d0f923ef
5ce14efc
44e79985
694113da
595e100b
e9725ee8
8e0d4901
3fac93a6
09dba1e7
fd828194
8084743d
77fe4432
00b67583
0bd02300
84491739
0748717e
f1e0e6df
b2946f2c
6b1aedf5
0f76278a
341711fb
d86f5218
a8f97471
b4173256
83bad2d7
ac1377c4
985fe6ad
6fec1de2
176fc573
f2b24c30
c64140a9
3732362e
627745cf
d127fb5c
01c43e65
72af873a
a0cc6feb
fbe77148
abbf5be1
9f7edd06
09001fc7
f9a659f4
81f4d51d
1f9bc392
3fd4f163
e4c92160
e20ea619
872e86de
699b40bf
d78ef38c
405a8ad5
729832ea
f54d29db
eefdbc78
4e45ff51
b13e93b6
fd6a88b7
908e2824
0c9a3f8d
51183542
da94f953
5e97a290
c5784789
d6f8638e
43ebd7af
077c57bc
aa14d345
af9b2a9a
19283fcb
db9533a8
90345ec1
a5715666
b2790da7
d5dde254
0b6725fd
e72c72f2
521edd43
8360cfc0
de0524f9
eb0acc3e
13c80a9f
f56327ec
7dea17b5
3ae36e4a
75acb1bb
aa50d6d8
28f17a31
f4f22516
576aae97
19688884
c532886d
8d637ca2
0aa19d33
4d27a8f0
88fc3e69
1ca0c0ee
d14ed98f
b876641c
26915825
465bfdfa
e5e97fab
3293a608
f7a451a1
855bffc6
e93e6b87
c5c11ab4
649366dd
68085252
520c3923
bcaf2e20
836493d9
09b5419e
3a5f447f
1aa90c4c
aa819495
d4afd9aa
a6ada99b
6a80a138
7333e511
5909e676
22b34477
903a98e4
67e0c14d
c425f402
500db113
097a5f50
5a052549
45034e4e
c2984b6f
c8ae207c
1bf1cd05
694a015a
46882f8b
96fac868
1a473481
3f16d926
6c483967
a8e80314
113197bd
c78761b2
f6150503
d1cc3c80
d964f2b9
0605e6fe
8358ee5f
81f8a0ac
08d90175
b855750a
95c8117b
7ba51b98
e3453ff1
835dd7d6
cc3c4a57
ea9c5944
d65cea2d
20b79b62
ef5134f3
4aa7c5b0
7dcafc29
d8f80bae
2bc02d4f
48bb8cdc
eaee31e5
56bd34ba
967c4f6b
8ae29ac8
ac550761
9e79e286
d68e7747
0aea9b74
d0f9b89d
b701a112
90b140e3
6fcffae0
e33e4199
4ed4bc5e
f0ad083f
91e9e50c
97a85e55
6a2c406a
6c73e95b
15d645f8
ab5d8ad1
e5c5f936
9cfdc037
ca25c9a4
2e5f030d
5a7072c2
c8e428d3
33c7dc10
3585c309
ad56f90e
7cbe7f2f
7536a93c
b03e86c5
590d981a
4d3ddf4b
7c631d28
de05ca41
3b5d1be6
9f092527
2360e3d4
9fa3c97d
73cf1072
1058ecc3
afd26940
a0288079
9ef9c1be
e053921f
dd14d96c
11a7ab35
7a8c3bca
7029313b
5d2c2058
79b4c5b1
be1a4a96
b9efa617
7c6eea04
c99f0bed
b4a87a22
593e8cb3
53f2a270
be6d79e9
e2f8166e
818b410f
b6b7759c
449acba5
c6932b7a
fe44df2b
c5944f88
5b917d21
79988546
18b04307
d5e2dc34
b4e7ca5d
c747afd2
ff8408a3
16eb87a0
0b5baf59
fd4cf71e
0c448bff
22117dcc
ed8ee815
85cd672a
025fe91b
61beaab8
7882f091
1632cbf6
2409fbf7
fb0fba64
3dd504cd
feb7b182
b8d86093
a64018d0
51ba20c9
e6b363ce
621e72ef
a1d5f1fc
3cbb0085
01a5eeda
59094f0b
ac8e31e8
4d302001
89041ea6
727bd0e7
b2088494
847dbb3d
06c37f32
84aa9483
96335600
1c0fce39
bca65c7e
8a77f5df
4b77d22c
5e1614f5
3447c28a
a09010fb
1fa5e518
4e000b71
c3e77d56
b844c1d7
eba03ac4
5cb8edad
93f618e2
9c29a473
91c83f30
24a3b7a9
7160e12e
a27014cf
f72a1e5c
e9572565
789de23a
29032eeb
6368c448
5719b2e1
6577e806
b763cec7
f369dcf4
be1d9c1d
139a7e92
62449063
8ac1d460
c57cdd19
7bddf1de
cce5cfbf
6fdfd68c
51f531d5
3a534dea
e431a8db
7ef9cf78
1c641651
69105eb6
2f97f7b7
9fb86b24
3402c68d
5bbbb042
53aa5853
e9a31590
68623e89
87d88e8e
227826af
a34bfabc
57273a45
a5d3059a
55aa7ecb
083c06a8
998635c1
d6cbe166
ce603ca7
819ee554
4d7f6cfd
5b24adf2
f6c9fc43
bdaf02c0
f6dadbf9
25cbb73e
a186199f
d1e18aec
73e43eb5
5848094a
82bcb0bb
53d269d8
81e71131
73857016
1efb9d97
14f04b84
0d6a8f6d
c96077a2
cbd27c33
ece89bf0
4a2db569
7af26bee
1e2ea88f
bed3871c
4ee33f25
0f9d58fa
e2773eab
a51ff908
b0ada8a1
70d80ac6
7a691a87
f03f9db4
5a5b2ddd
d6ba0d52
3cb2d823
6412e120
9b61cad9
f147ac9e
3250d37f
e014ef4c
2a9b3b95
5a7df4aa
4da9289b
5e47b438
98c0fc11
1d1eb176
f767b377
f4dfdbe4
6ea8484d
dc3c6f02
8d1a1013
46b0d250
f33e1c49
e786794e
2d8b9a6f
8e58c37c
55433405
4854dc5a
eee16e8b
302c9b68
b4c80b81
93746426
5a766867
7ee40614
4868debd
0bb29cb2
ca772403
1f056f80
9a49a9b9
6129d1fe
053dfd5f
351203ac
98d22875
194d100a
326f107b
4a71ae98
f729d6f1
6bb422d6
05d43957
951f1c44
1973f12d
1fa79662
bbf913f3
0e13b8b0
88cb7329
b66cb6ae
4486fc4f
8273afdc
aaff18e5
ee518fba
b6610e6b
8b79edc8
3a0d5e61
6a78ed86
e9802647
19241e74
b7607f9d
0b665c12
d28edfe3
fb9eade0
d6ca7899
444a275e
fc45973f
9770c80c
9d410555
790d5b6a
3a86685b
b06858f8
af59a1d1
311dc436
73392f37
f7460ca4
0b858a0d
aaf9edc2
18e787d3
c6294f10
2c0dba09
1c7d240e
b318ce2f
37bc4c3c
4cceedc5
abeb731a
906e1e4b
851ff028
50b5a141
edbda6e6
7e7e5427
5697e6d4
82fa107d
732d4b72
23720bc3
72f69c40
301c3779
b580acbe
555fa11f
f9c93c6c
d29fd235
6a16d6ca
8b67303b
1443b358
4f885cb1
0b339596
448e9517
c8ecad04
7e9512ed
218b7522
005d6bb3
5e099570
fa3cf0e9
9a8fc16e
2539100f
76ca989c
f36ab2a5
377a867a
f0809e2b
d736a288
84f8d421
e11a9046
4c68f207
7ad75f34
c2ed915d
6c5f6ad2
2798a7a3
6a253aa0
8176e659
1ba5621e
aa841aff
7ab360cc
8fa68f15
e8c1822a
6689681b
e61bbdb8
e1ee0791
63cd96f6
5acc6af7
63aafd64
e85a8bcd
b2b42c82
6ad2bf93
30cc8bd0
0c9117c9
fd7c8ece
a2dfc1ef
343694fc
138a6785
5356c9da
66108e0b
27d604e8
df0ef701
d467a9a6
6237ffe7
757a8794
caf3023d
ac54ba32
e57ab383
32428900
a2128539
2990477e
f1ab04df
64c7352c
e70d3bf5
fd655d8a
29650ffb
82087818
ecc2a271
70c3c856
72eab0d7
cd18fdc4
fa8df4ad
19cc13e2
ecbf8373
058a3230
78422ea9
5e1b8c2e
9004e3cf
9098415c
dde60c65
cdd83d3a
9c95edeb
09161748
e33009e1
237cf306
aae37dc7
e2195ff4
2ac2631d
74653992
ff902f63
88668760
65271419
de195cde
7ccc5ebf
2e9cb98c
a78bd8d5
bc5a68ea
4d7227db
3021e278
723e2d51
33ee29b6
25e166b7
b6ceae24
a2e74d8d
9e2b2b42
b69bb753
0f5a8890
4e883589
2144b98e
aca075af
d8879dbc
3f35a145
8156e09a
5b88bdcb
f90ed9a8
91940cc1
f6326c66
ed636ba7
084be854
ae13b3fd
91e8e8f2
b4511b43
95a935c0
99ec92f9
8418a23e
f9e0289f
7acbedec
5bda65b5
45f8a44a
6828afbb
247ffcd8
f098a831
7b24bb16
e8a88c97
7e640e84
0b1e966d
132972a2
94df5b33
ed558ef0
9c9b2c69
f7d016ee
14aa778f
849caa1c
e0312625
542ab3fa
8660fdab
61d84c08
6672ffa1
406015c6
ccafc987
dbaa20b4
5c9ef4dd
5e37c852
de357723
ef229420
0b9b01d9
b266179e
72de627f
17ecd24c
4ab0e295
c6980faa
2b00a79b
7f3ac738
620a1311
e03f7c76
0c382277
2d711ee4
98ebcf4d
d81eea02
f0026f13
aa934550
6bb31349
de95a44e
401ae96f
396f667c
25909b05
38abb75a
1c96ad8b
998a6e68
5a04e281
c1ddef26
c7c09767
fbcc0914
7a1c25bd
bea9d7b2
f3b54303
95eaa280
816a60b9
4bd9bcfe
4dbf0c5f
009766ac
76c74f75
7690ab0a
63720f7b
4c6a4198
3cca6df1
c9166dd6
bd882857
798ddf44
ee06f82d
d8639162
cc7cf2f3
be2babb0
c107ea29
1e6d61ae
02e9cb4f
c797d2dc
300bffe5
2d31eaba
39a1cd6b
e23d40c8
e081b561
0683f886
398dd547
b449a174
8643469d
24971712
07487ee3
f71960e0
be92af99
7f4b925e
4c7a263f
5b63ab0c
9ed5ac55
9a3a766a
faf4e75b
84266bf8
7311b8d1
67818f36
05909e37
c4524fa4
e828110d
8b4f68c2
cac6e6d3
0b36c210
9dd1b109
4c2f4f0e
8d0f1d2f
2badef3c
dc5b54c5
3c154e1a
14fa5d4b
6a08c328
ea217841
662a31e6
590f8327
fcbae9d4
3ccc577d
8d578672
c7672ac3
ebc6cf40
824bee79
c79397be
8d07b01f
7ae99f6c
3d93f935
81ed71ca
f7012f3b
0a874658
7317f3b1
b958e096
c9498417
1b567004
a10719ed
f43a7022
27584ab3
e0cc8870
ff4867e9
48b36c6e
6a82df0f
8e49bb9c
c33699a5
7bade17a
02185d2b
4b04f588
e31c2b21
04a89b46
393da107
78b7e234
956f585d
824325d2
7e8946a3
b90aeda0
87ce1d59
eb89cd1e
895fa9ff
ddc143cc
89ba3615
8a019d2a
790ee71b
afa4d0b8
27151e91
887461f6
c9aad9f7
38324064
6e5c12cd
a27ca782
baa91e93
fa04fed0
dea40ec9
40d1b9ce
833d10ef
440337fc
3955ce85
0e53a4da
7073cd0b
8b49d7e8
b3a9ce01
d1d734a6
c9102ee7
77d88a94
c3e4493d
18b1f532
1326d283
0ffdbc00
86513c39
fe06327e
177a13df
2e82982c
760062f5
1acef88a
be960efb
2f970b18
f5413971
6aac1356
a3ac9fd7
807dc0c4
e1defbad
b16e0ee2
f9316273
7df82530
311ca5a9
ad62372e
1b35b2cf
cd72645c
4f70f365
225e983a
eb84aceb
1cef6a48
c00260e1
898dfe06
d37f2cc7
f5b4e2f4
37e32a1d
f1fbf492
07b7ce63
0db73a60
310d4b19
5de0c7de
694eedbf
43c59c8c
b11e7fd5
a8ad83ea
210ea6db
3275f578
bfd44451
c1d7f4b6
d046d5b7
05d0f124
c947d48d
c866a642
f3691653
ffbdfb90
e7ea2c89
533ce48e
d264c4af
d72f40bc
d2400845
f226bb9a
1ac2fccb
de0daca8
e85de3c1
b3a4f766
ff829aa7
99e4eb54
9d23fafd
3b7923f2
7ab43a43
3b4f68c0
373a49f9
b5f18d3e
0cd6379f
202250ec
a5cc8cb5
b3f53f4a
15f0aebb
4c598fd8
e5063f31
bbd00616
a4717b97
85c3d184
2e4e9d6d
1abe6da2
55c83a33
7e6e81f0
f044a369
4339c1ee
a4c2468f
39d1cd1c
4a7b0d25
c4040efa
c1a6bcab
98bc9f08
88f456a1
a3f420c6
d0127887
b800a3b4
db5ebbdd
ae818352
26941623
8dde4720
441038d9
fd10829e
ec07f17f
f230b54c
7ac28995
c8fe2aaa
2eb4269b
fd59da38
3f0f2a11
526c4776
51249177
69ee61e4
56ab564d
67cd6502
68c6ce13
6521b850
33640a49
da30cf4e
ea46386f
f9f2097c
fcda0205
ea4e925a
bfa7ec8b
03144168
79fdb981
7a537a26
a426c667
4fa00c14
164b6cbd
906d12b2
61cf6203
667bd580
fec717b9
7615a7fe
4cdc1b5f
1488c9ac
12b87675
8020460a
18d10e7b
b18ed498
242704f1
4b84b8d6
e3581757
c7e8a244
c415ff2d
faeb8c62
10dcd1f3
8aef9eb0
96806129
c0fa0cae
56e89a4f
4827f5dc
ea14e6e5
c35e45ba
103e8c6b
bf2c93c8
0fb20c61
229b0386
b6b78447
0c5b2474
ada20d9d
b293d212
1ede1de3
924013e0
0a96e699
afd8fd5e
d14ab53f
0dc28e0c
0c665355
7db3916a
9dbf665b
c1107ef8
6685cfd1
38f15a36
44040d37
614a92a4
3446980d
ab70e3c2
ce8245d3
32f03510
fad1a809
ec6d7a0e
faa16c2f
810b923c
cee3bbc5
b98b291a
cae29c4b
5b1d9628
1a494f41
54a2bce6
1ebcb227
45c9ecd4
3d1a9e7d
724dc172
ec3849c3
4a430240
06b7a579
853282be
774bbf1f
9076026c
c2842035
72100cca
a2f72e3b
6ff6d958
54638ab1
788a2b96
38207317
a3ac3304
a0f520ed
dcb56b22
be2f29b3
0c3b7b70
3d8fdee9
9d63176e
4168ae0f
2d34de9c
23fe80a5
432d3c7a
230c1c2b
50ff4888
e5fb8221
9442a646
cf2e5007
ff846534
9c6d1f5d
b8f2e0d2
f455e5a3
339ca0a0
8e615459
1cfa381e
98d738ff
7b3b26cc
4bc9dd15
198db82a
29f0661b
ee59e3b8
b7f83591
34272cf6
60a548f7
a8a58364
3fd999cd
7e112282
985b7d93
31e971d0
37f305c9
60b2e4ce
f3365fef
013bdafc
1e1d3585
e29c7fda
68330c0b
06e9aae8
3b00a501
3152bfa6
97045de7
e9228d94
df51903d
fbdb3032
fdaef183
5f64ef00
38cbf339
ea081d7e
ebe522df
d8a9fb2c
7aef89f5
3c84938a
50230dfb
58519e18
d77bd071
61a05e56
3a8a8ed7
35ce83c4
82ac02ad
0adc09e2
b17f4173
2b121830
bf331ca9
0f34e22e
340281cf
ddb8875c
adf7da65
2630f33a
05cf6beb
cef4bd48
5d90b7e1
47ab0906
2136dbc7
5e3c65f4
557ff11d
3c5eaf92
6abb6d63
4ab3ed60
992f8219
ab3432de
826d7cbf
df5a7f8c
dead26d5
af4c9eea
4f0725db
b5f60878
75265b51
c2cdbfb6
1ec844b7
bcbf3424
17245b8d
8a6e2142
fa127553
eacd6e90
a4882389
cdc10f8e
83c513af
cf42e3bc
80466f45
a842969a
83593bcb
e7387fa8
0de3bac1
bf238266
f4bdc9a7
6669ee54
8ab041fd
07d55ef2
39f35943
dea19bc0
3ec400f9
6b56783e
ca68469f
f1e4b3ec
c1bab3b5
523dda4a
7c14adbb
fb5f22d8
cf2fd631
e5875116
42566a97
5b0f9484
e6faa46d
901f68a2
fe8d1933
d03374f0
b52a1a69
0d2f6cee
be76158f
0e72f01c
fdc0f425
0f2969fa
84487bab
79ccf208
8831ada1
4b942bc6
74912787
b54326b4
469a82dd
77973e52
05ceb523
7045fa20
b4c16fd9
8146ed9e
8dcd807f
9ee0984c
2ad03095
11b045aa
48c3a59b
08a4ed38
9fd04111
23a51276
b62d0077
da57a4e4
17e6dd4d
3b47e002
e7672d13
a65c2b50
ba510149
8a57fa4e
1c0d876f
ffe0ac7c
4b1f6905
0d3d6d5a
c8152b8b
9cca1468
84b29081
6cd50526
dfa8f567
aa600f14
8cf6b3bd
30fc4db2
04c58103
c0b90880
825fceb9
8fdd92fe
f2952a5f
a0e62cac
dca59d75
e5fbe10a
428c0d7b
a9df6798
1d3f9bf1
a2ff03d6
67440657
b02f6544
0ba1062d
373f8762
7918b0f3
a45f91b0
7934d829
4e12b7ae
3083694f
342418dc
4919cde5
60d6a0ba
2a374b6b
5247e6c8
379e6361
6ebe0e86
50fd3347
5158a774
9d7cd49d
655c8d12
094fbce3
fd12c6e0
2ad71d99
85f2685e
7ab7443f
de8d710c
55f2fa55
d378ac6a
12e5e55b
972691f8
f9b5e6d1
556d2536
1e937c37
fe2ed5a4
5fe11f0d
bb5e5ec2
1419a4d3
6d55a810
b30d9f09
ad37a50e
ebcfbb2f
67d5353c
946822c5
d44d041a
a226db4b
885e6928
512d2641
692747e6
bf85e127
61c4efd4
f3e4e57d
d20ffc72
81e568c3
be6b3540
2d5f5c79
9e5d6dbe
042bce1f
6a6e656c
d1704735
ea7ea7ca
7f492d3b
74926c58
636b21b1
f8c77696
81136217
91edf604
ee5f27ed
8afc6622
b4e208b3
10566e70
251355e9
489ec26e
99ea7d0f
838c019c
85c267a5
3df8977a
435bdb2b
19259b88
fd96d921
3fe8b146
fe3aff07
3f3ce834
47e6e65d
c06e9bd2
78fe84a3
09da53a0
05308b59
5ff6a31e
c8eac7ff
832109cc
45d58415
4765d32a
692de51b
d23af6b8
04974c91
16e5f7f6
0fbbb7f7
e504c664
ccd320cd
f5719d82
f3e9dc93
0879e4d0
887dfcc9
0d200fce
e2cbaeef
9be07dfc
31e09c85
80315ada
3d4e4b0b
cab57de8
e5137c01
a2da4aa6
bc148ce7
f9589094
8d3ad73d
05d06b32
95131083
50782200
2982aa39
9d96087e
5eec31df
933d5e2c
65dab0f5
12862e8a
ce0c0cfb
2c383118
03726771
05a0a956
27847dd7
1d0b46c4
4cf509ad
d61604e2
05a92073
3cd80b30
928593a9
33938d2e
ca6b50cf
f16aaa5c
697ac165
894f4e3a
db762aeb
4f261048
2bdb0ee1
0dd41406
840a8ac7
4bafe8f4
f398b81d
038d6a92
189b0c63
6f5ca060
0d8db919
76139dde
b8280bbf
315b628c
a037cdd5
8037b9ea
c75ba4db
eaa21b78
02347251
e6cf8ab6
0165b3b7
0b997724
fc7ce28d
94419c42
ba97d453
0088e190
f4621a89
40d13a8e
b0c162af
f0c286bc
b948d645
53aa719a
854b7acb
448f52a8
722591c1
c8ae0d66
bd14f8a7
9ddaf154
e6b888fd
a6fd99f2
e20e7843
af9fcec0
2089b7f9
5447633e
2296559f
201316ec
1fa4dab5
d0d2754a
8a94acbb
6190b5d8
1f156d31
a84a9c16
b2575997
2e475784
a522ab6d
234c63a2
7f2df833
12a467f0
5b4b9169
05b117ee
51c5e48f
3280131c
6a02db25
e59ac4fa
be463aab
35094508
d42b04a1
e74036c6
aa2bd687
0371a9b4
0e5249dd
6978f952
6be55423
c659ad20
cdaea6d9
ef09589e
482f0f7f
4dfc7b4c
cad9d795
50ae60aa
692f249b
d11c0038
f44d5811
03e9dd76
2b516f77
aeace7e4
4c9e644d
028e5b02
5be38c13
9e429e50
7079f849
9f0b254e
c570d66f
7b3b4f7c
8060d005
5178485a
25de6a8b
96abe768
ea236781
49629026
6a472467
3c0c1214
4e1dfabd
505788b2
cc97a003
d4a23b80
7c3485b9
49317dfe
2eea395f
d5af8fac
448ec475
58237c0a
d0a30c7b
655bfa98
981432f1
7f854ed6
394bf557
62622844
34a80d2d
3d5f8262
f5308ff3
3a7b84b0
d9254f29
75b762ae
7fba384f
bb8c3bdc
bd1ab4e5
b59afbba
778c0a6b
cb8f39c8
c846ba61
9aed1986
f85ee247
b3422a74
c5d39b9d
ecf14812
b69d5be3
679179e0
8f535499
b197d35e
38bfd33f
fdc4540c
eb7ba155
4b89c76a
4a68645b
3668a4f8
9ca1fdd1
6cf4f036
853eeb37
caff18a4
daf7a60d
6b17d9c2
8b8d03d3
ea671b10
36859609
3e8dd00e
509a0a2f
100ad83c
9ce889c5
3c5adf1a
8ac71a4b
21cb3c28
feccfd41
53b7d2e6
2b6b1027
80abf2d4
d12b2c7d
5c9e3772
786e87c3
783f6840
66431379
c31458be
23a7dd1f
38d2c86c
da586e35
9b3942ca
7bf72c3b
4859ff58
102eb8b1
ea10c196
94225117
161bb904
f9452eed
af0f6122
fb70e7b3
1d1d6170
25d2cce9
fa666d6e
64084c0f
c14f249c
58824ea5
1c0ff27a
53079a2b
d377ee88
99ee3021
b79abc46
b663ae07
67e16b34
07dcad5d
48b656d2
fc8323a3
6bc406a0
5c3bc259
647f0e1e
099a56ff
2572eccc
e7dd2b15
c389ee2a
26c7641b
8b4809b8
7cf26391
e0b0c2f6
c6ee26f7
1d500964
8548a7cd
b89e1882
bd543b93
adb657d0
4044f3c9
f6193ace
41fcfdef
43f120fc
e4a00385
971235da
dfc58a0b
06ad50e8
21e25301
d66dd5a6
2840bbe7
d87a9394
3da01e3d
e691a632
c9532f83
13375500
c8756139
c8aff37e
608f40df
8e3cc12c
a6c1d7f5
4cd3c98a
28510bfb
db4ac418
e924fe71
06acf456
5a9a6cd7
663409c4
b0ba10ad
c31bffe2
e5aeff73
e349fe30
1b140aa9
ca7e382e
ce701fcf
3888cd5c
f1f9a865
fbb9a93a
5c78e9eb
cd836348
9ae165e1
8c091f06
ebfa39c7
ee0f6bf4
822d7f1d
f7882592
0156ab63
abb15360
fe27f019
6e7f08de
fa7e9abf
69c8458c
65be74d5
cb6ed4ea
7a0c23db
007a2e78
d6fe8951
dddd55b6
681f22b7
225fba24
e951698d
95e11742
24f93353
70f05490
47781189
5c6d658e
4959b1af
6bae29bc
ed473d45
a45e4c9a
1099b9cb
261225a8
852368c1
80449866
488827a7
7037f454
213ccffd
c8f1d4f2
63059743
de4a01c0
4c8b6ef9
20c44e3e
0560649f
daad79ec
2f8b01b5
dfb3104a
3170abbb
aeee48d8
44b70431
b419e716
e4744897
2f6b1a84
d8c6b26d
84455ea2
c7aad733
75c15af0
52a90869
dcbec2ee
4eb1b38f
d5f9361c
ff40c225
f7581ffa
5f9ff9ab
fa719808
dce05ba1
26f841c6
60e28587
d28c2cb4
a28610dd
3426b452
48d7f323
c0196020
fed7ddd9
f657c39e
0b2c9e7f
2f845e4c
cadf7e95
35f87baa
7ff6a39b
86bf1338
ac866f11
a33aa876
a091de77
16ee2ae4
64d1eb4d
6da0d602
b63beb13
7cd51150
c5deef49
c84a504e
d670256f
9c01f27c
0c9e3705
66ff235a
c903a98b
20b9ba68
1a503e81
bffc1b26
34015367
34a41514
c9c141bd
9e7ec3b2
a945bf03
d2376e80
5c453cb9
521168fe
f1db485f
e2e4f2ac
ba73eb75
8697170a
b3160b7b
14048d98
04a4c9f1
911799d6
496fe457
0e80eb44
af2b142d
bd4b7d62
75246ef3
7d4377b0
2651c629
e7e80dae
348d074f
0e605edc
b6179be5
71ab56ba
e83cc96b
5b028cc8
31ab1161
57282486
9cdc9147
6217ad74
96a6629d
f9520312
16c6fae3
01bc2ce0
a80b8b99
e2c93e5e
fb64623f
9b67370c
3d004855
95e6e26a
3446e35b
ced6b7f8
bf4a14d1
2f88bb36
68065a37
f7bb5ba4
158a2d0d
6a9d54c2
24dc62d3
da248e10
f5398d09
506ffb0e
1900592f
a9ac7b3c
5864f0c5
a1b4ba1a
74c3594b
57640f28
9328d441
c4545de6
526c3f27
d27ef5d4
44ed737d
c1f87272
bfd3a6c3
a7bf9b40
2162ca79
a35743be
c5bfec1f
2ba32b6c
4d3c9535
343fddca
89012b3b
1b4d9258
caae4fb1
fc660c96
614d4017
60357c04
31a735ed
f8ee5c22
81dbc6b3
62905470
afce43e9
62ba186e
8fc21b0f
167e479c
0c3e35a5
8d734d7a
420f592b
aff64188
2b018721
ab58c746
e7a85d07
a971ee34
4c4e745d
01ca11d2
6ee3c2a3
8959b9a0
0382f959
da93791e
4ae5e5ff
9230cfcc
a1e0d215
3dfa092a
52bce31b
49811cb8
91097a91
41878df6
763c95f7
81874c64
d93a2ecd
77969382
e49a9a93
519ecad0
cf47eac9
cb9e65ce
00ca4cef
296dc3fc
a65b6a85
d73f10da
3f98c90b
ead123e8
616d2a01
7c0d60a6
cb88eae7
b6889694
6081653d
4e1ee132
8a6f4e83
d7a28800
85a41839
1b55de7e
e0ce4fdf
f9a8242c
ada4fef5
9b6d648a
4ef20afb
95895718
f8939571
14c53f56
c3cc5bd7
4148ccc4
1dfb17ad
81edfae2
4190de73
4e67f130
c8de81a9
83f4e32e
3010eecf
e312f05c
b7748f65
2d70043a
78d7a8eb
7a0cb648
1aa3bce1
724a2a06
4905e8c7
755aeef4
713e461d
c84ee092
14ee4a63
2fb20660
dafe2719
447673de
397129bf
b8a1288c
9f411bd5
40f1efea
5718a2db
277e4178
6384a051
57f720b6
42f491b7
3111fd24
4da1f08d
3f4c9242
29369253
6c03c790
0dca0889
d095908e
3d8e00af
7005ccbc
8c41a445
4a5e279a
1543f8cb
bbc0f8a8
b6dd3fc1
95e72366
871756a7
0d80f754
aa3d16fd
1db20ff2
acd8b643
9aa034c0
32c925f9
80cd393e
62c6739f
51b3dcec
616d28b5
2edfab4a
60a8aabb
1377dbd8
b0149b31
b8f53216
c8ad3797
8e7add84
f1e6b96d
630a59a2
c803b633
298a4df0
0b427f69
42586dee
a539828f
28de591c
2d7aa925
f4617afa
5855b8ab
fa05eb08
1251b2a1
babc4cc6
88b53487
5292afb4
7335d7dd
87a06f52
8ca69223
8d851320
b83d14d9
47322e9e
c6c62d7f
7378414c
9ae12595
718e96aa
7d1a229b
598e2638
387b8611
b1977376
05ee4d77
431b6de4
d081724d
2c7f5102
e6704a13
72138450
2a7fe649
b6157b4e
3f0b746f
9234957c
5fd79e05
fdd1fe5a
a184e88b
6af38d68
85391581
80a1a626
2cd78267
c4281814
6fe088bd
cb71feb2
8acfde03
e978a180
9291f3b9
5a7d53fe
2b68575f
f88655ac
ae551275
2156b20a
d9e50a7b
e5d92098
d2f160f1
87b5e4d6
87afd357
e48bae44
eb2a1b2d
67037862
e8f44df3
9cb76ab0
d0ba3d29
54a4b8ae
3efbd64f
5ca081dc
a41082e5
4507b1ba
6c49886b
30a1dfc8
e3cb6861
536f2f86
2e764047
8dd93074
7ff5299d
3a7ebe12
19cc99e3
fb92dfe0
e4ffc299
c986a95e
b2a4f13f
e7761a0c
ba80ef55
628ffd6a
c081625b
9070caf8
d1ae2bd1
4d288636
b6e9c937
b4639ea4
7f98b40d
69eecfc2
d007c1d3
6c8e0110
5f298409
92de260e
3502a82f
64ba1e3c
36dd57c5
b45a951a
501b984b
5928e228
7e40ab41
6afce8e6
24896e27
873df8d4
bf2bba7d
b21ead72
4814c5c3
7cebce40
cebe8179
ef262ebe
da73fb1f
72df8e6c
9a1cbc35
659278ca
96672a3b
1d6d2558
02e9e6b1
dfc75796
d8942f17
a03b3f04
07853ced
18995722
3822a5b3
10af4770
3305bae9
3199c36e
0d17ea0f
b3196a9c
10f61ca5
4222a87a
0073182b
dea09488
20d0de21
cb22d246
82090c07
33ee7134
853c3b5d
9ba9ccd2
c02061a3
929b6ca0
6b063059
7233e41e
7ccd74ff
f95ab2cc
e3e07915
66b6242a
dd0e621b
3ce62fb8
b0dc9191
e96a58f6
0da704f7
41aa8f64
38a7b5cd
e25b0e82
59bcf993
24333dd0
a586e1c9
3daf90ce
0f339bef
7c5666fc
e712d185
f0b7ebda
4cc8080b
a720f6e8
13b40101
43b8eba6
95ed19e7
c3829994
65deac3d
ec781c32
c8676d83
cdb9bb00
d10ecf39
4587c97e
cfa95edf
057f872c
ea8425f5
ae52ff8a
31ef09fb
8af3ea18
a1be2c71
dfe98a56
531a4ad7
de498fc4
04b81ead
c28bf5e2
094ebd73
ae31e430
0be4f8a9
0ff78e2e
df4dbdcf
2109135c
29eb7665
ce725f3a
209267eb
84c20948
1b2213e1
70973506
8b2d97c7
119271f4
30cb0d1d
25e19b92
4361e963
2b5eb960
14105e19
a7f9dede
64ffb8bf
4de60b8c
bcbfc2d5
90c10aea
4e8121db
8fae5478
17c6b751
051cebb6
81e600b7
67b04024
996e778d
40840d42
b74ff153
21c33a90
b757ff89
4d49bb8e
7d5e4faf
2dc96fbc
06380b45
f5aa029a
834a37cb
359bcba8
775316c1
b995ae66
68c285a7
a5b5fa54
f1b95dfd
553e4af2
af87d543
14a267c0
4342dcf9
2462243e
2ac8829f
b5263fec
254b4fb5
6e58464a
083ca9bb
bf2d6ed8
d12e3231
66dc7d16
4f022697
7b76a084
6082c06d
6f9b54a2
70389533
5dff40f0
f517f669
e67e18ee
455d518f
5b2f7c1c
64b09025
8cb6d5fa
986777ab
63c63e08
e47f09a1
528c57c6
11a3e387
b38532b4
f0619edd
13e62a52
27513123
5e9cc620
69de4bd9
9198999e
6afbbc7f
49d8244c
aadecc95
b370b1aa
5099a19b
79893938
082c9d11
df003e76
4b66bc77
6334b0e4
ffacf94d
ef29cc02
dc80a913
adfdf750
0e5cdd49
186ca64e
ef42c36f
8dd3387c
ea0d0505
c5f0d95a
9f62278b
a5596068
9addec81
3b533126
44c9b167
1a981b14
b07bcfbd
873139b2
6135fd03
4a65d480
8f1aaab9
12753efe
cb91665f
4693b8ac
90323975
d8624d0a
3510097b
0ad9b398
72f9f7f1
13602fd6
e40bc257
14827144
58a5222d
ea877362
40a02cf3
c8d75db0
485eb429
6bed63ae
8f06a54f
d64ca4dc
f70569e5
dfb00cba
f3b2476b
7c6d32c8
4ea7bf61
3fc23a86
9d2bef47
6686b374
f1bff09d
60777912
afae38e3
851592e0
b62ff999
15d0145e
4e81803f
11f0fd0c
d3fd9655
6185186a
df17e15b
ab36ddf8
43ce42d1
75d45136
61e93837
30f7e1a4
89233b0d
190c4ac2
7d0f20d3
d1a37410
e4557b09
b5d8510e
94a0f72f
7133c13c
a851bec5
244c701a
0ccfd74b
5719b528
30148241
f7b173e6
91c29d27
cee8fbd4
afe6017d
dd10e872
0131e4c3
27c40140
de563879
568119be
51c40a1f
3e87f16c
30f8e335
df3113ca
9429293b
7eb8b858
28e17db1
4434a296
e9f71e17
062d0204
eadf43ed
be105222
0e4584b3
577a3a70
1f7931e9
17056e6e
cc09b90f
c7208d9c
d6aa03a5
ea1e037a
7e32d72b
8f76e788
eb5c3521
c6f8dd46
7585bb07
3756f434
22a6025d
c65587d2
e03900a3
b7891fa0
02c56759
db604f1e
8f5103ff
8af095cc
1ddc2015
edbe3f2a
b5bbe11b
957742b8
4c6ba891
885923f6
7d2d73f7
8db9d264
13913ccd
a8eb8982
0cbb5893
5573b0d0
3301d8c9
fc4cbbce
5d38eaef
6cab09fc
16c63885
937cc6da
f753470b
6b9cc9e8
a8b6d801
dd7076a6
776d48e7
2f689c94
bdb7f33d
719d5732
733b8c83
257cee00
1ab58639
f745b47e
1d206ddf
e1c2ea2c
cd5f4cf5
35849a8a
c14808fb
eb8a7d18
54a4c371
1819d556
f88439d7
6d3652c4
d4f125ad
34f5f0e2
2ce89c73
32a7d730
54276fa9
1e86392e
cc268ccf
226b365c
b95e5d65
8ec0ba3a
43a926eb
1da35c48
0c5c6ae1
36f04006
a27146c7
f2b5f4f4
30d3d41d
c0405692
7cb18863
ceb76c60
195e9519
490949de
6d2a47bf
5996ee8c
2e3a69d5
6adc25ea
5045a0db
690a6778
63c4ce51
954eb6b6
14f36fb7
f63a8324
3cb6fe8d
49878842
bf455053
c22ead90
b421f689
8289e68e
f8ca9eaf
d4f912bc
cb2a7245
5641dd9a
4aac76cb
c3a29ea8
3684edc1
9b503966
dd89b4a7
68d6fd54
67b1a4fd
1f9685f2
5b12f443
7c509ac0
edf893f9
bb830f3e
4d66919f
3504a2ec
eb2576b5
4e1ce14a
182ca8bb
e20f01d8
1803c931
6dcfc816
67731597
265e6384
949ac76d
59f84fa2
b0497433
432033f0
80296d69
792fc3ee
1f1d208f
9cec9f1c
14e27725
705830fa
0fd536ab
67b29108
c36860a1
9e6862c6
ebae9287
2563b5b4
8a0965dd
88f7e552
08d7d023
63607920
83bb82d9
858b049e
e7cd4b7f
e2a4074c
6ad87395
ab9eccaa
ea75209b
16b04c38
8b99b411
db750976
60fb2b77
a739f3e4
6254804d
65a04702
886d0813
60946a50
e175d449
9f4fd14e
d716126f
bedddb7c
1b3e6c05
6f5bb45a
b29b668b
ffeb3368
cb3ec381
a010bc26
6bd7e067
67f41e14
fb9316bd
81bc74b2
1c781c03
24ff0780
c1df61b9
29f929fe
c256755f
fd0d1bac
d00b6075
5bb9e80a
b497087b
b3064698
54be8ef1
e4167ad6
4e83b157
ce653444
679c292d
f7d76e62
6c280bf3
31a350b0
fd3f2b29
ddc20eae
14ad744f
ab64c7dc
1ef650e5
f1a467ba
6e77066b
6e6485c8
e2401661
cc214586
d8fd9e47
1c203674
5c06b79d
1b3c3412
c86bd7e3
ce4445e0
8b9c3099
77a57f5e
befa0f3f
4ad7e00c
f9763d55
42c6336a
800a605b
4f28f0f8
85aa59d1
598c1c36
5904a737
9d7824a4
a229c20d
27f5c5c2
1bf27fd3
3964e710
f4bd7209
695e7c0e
27db462f
ff19643c
1cc225c5
a18a4b1a
9ae0164b
81368828
18a45941
1a71fee6
8a17cc27
d97ffed4
871c487d
f2cf2372
db2b03c3
d8483440
c029ef79
896804be
1bb0191f
be9c546c
81d10a35
511baeca
7247283b
6f304b58
ac9514b1
d9aded96
85760d17
c20ac504
4bb54aed
99534d22
f44463b3
66f12d70
e528a8e9
c2fd196e
bc97880f
8293b09c
cd59eaa5
35655e7a
ab4e962b
f2793a88
faa38c21
4edae846
b21e6a07
e3ab7734
948bc95d
31cd42d2
bf2d9fa3
2822d2a0
3ac09e59
c618ba1e
727092ff
76f278cc
bfd3c715
83125a2a
ccc5601b
833455b8
d3b6bf91
ce53eef6
b4cfe2f7
95b51564
d9f6c3cd
7b480482
ed95b793
156023d0
e7b8cfc9
b775e6ce
dada39ef
2a6bacfc
a5759f85
6f8da1da
2f3a860b
68449ce8
9075af01
f93401a6
600977e7
2a3a9f94
d80d3a3d
8d8e9232
7aebab83
0eec2100
d2983d39
e08f9f7e
b9337cdf
be724d2c
c63673f5
e102358a
ecfd07fb
e74d1018
81475a71
6d562056
a40a28d7
1e0f15c4
fea62cad
892bebe2
9c5e7b73
0bc9ca30
11a5e6a9
5fa0e42e
e69b5bcf
1739595c
d5cd4465
1e5b153a
d21be5eb
74b0af48
5e52c1e1
75554b06
7ed0f5c7
48c577f4
e1589b1d
476b1192
b0dd2763
49bc1f60
5ae8cc19
d7a4b4de
41f0d6bf
0bb3d18c
63b110d5
7f4340ea
4c661fdb
e3927a78
b77ee551
b88c81b6
ec1cdeb7
0cb0c624
a77b858d
0a570342
3116af53
7d462090
7427ed89
2056118e
9fd2edaf
9594b5bc
4b18d945
1c25b89a
5b6ab5cb
95d571a8
6472c4c1
eb16c466
d56ce3a7
86e40054
7c25ebfd
2cbac0f2
9f7a1343
01aacdc0
a2ea4af9
f62ffa3e
baa0a09f
014f05ec
22fb9db5
7e2d7c4a
8078a7bb
ac1c94d8
f4956031
7dcf1316
02000497
bf322684
fe2ece6d
d2214aa2
78365333
08ed26f0
1c76e469
aa6d6eee
2278ef8f
1e15c21c
ae105e25
4f458bfa
ae9ef5ab
35cae408
1f0db7a1
4e506dc6
06d54187
d82e38b4
b02d2cdd
96d5a052
213a6f23
cbd02c20
75d4b9d9
d3096f9e
2d3ada7f
6ddbea4c
4ace1a95
0a18e7aa
3aac9f9b
61035f38
32c2cb11
56f5d476
36ab9a77
3f2b36e4
6878074d
3fe2c202
da356713
b9d6dd50
13cacb49
fabefc4e
e685616f
55547e7c
636bd305
aa128f5a
cb30a58b
aaa90668
865b9a81
5eda4726
92020f67
dc3c2114
c1265dbd
6b13afb2
ac963b03
a9443a80
9ae018b9
510914fe
ffb7845f
4bf27eac
dde08775
5b5d830a
487a077b
0e5ed998
e83f25f1
a9d8c5d6
b717a057
4233f744
880f302d
3ef36962
5b8beaf3
071b43b0
5f5ba229
5a22b9ae
bff0434f
0be8eadc
8be337e5
2ae4c2ba
cc97c56b
3687d8c8
0e946d61
a88c5086
d1eb4d47
dea5b974
2ec97e9d
1accef12
540576e3
071ef8e0
d5446799
9f06ea5e
f40e9e3f
c22ac30c
9aeae455
b6534e6a
9358df5b
ac4703f8
074270d1
a84fe736
8c3c1637
29e467a4
3aac490d
46ab40c2
9cb1ded3
d3d25a10
00616909
5d70a70e
deb1952f
3e6b073c
042e8cc5
dc14261a
ea4c554b
077f5b28
a7f03041
833e89e6
fd88fb27
d70301d4
b4ce8f7d
a3595e72
c60022c3
be786740
e439a679
37daefbe
2838281f
231cb76c
fca53135
6b5249ca
20c1273b
1ed3de58
fe04abb1
50333896
9b10fc17
03d48804
9a0751ed
5a624822
da1f42b3
6f142070
f4141fe9
e580c46e
cec1570f
1572d39c
6505d1a5
d3f8b97a
77c6552b
37a78d88
bea6e321
12c8f346
27d31907
68ebfa34
4aed905d
8e10fdd2
4cfe3ea3
146885a0
82f7d559
e25d251e
162c21ff
ed605bcc
39c76e15
d6b2752a
122adf1b
361d68b8
b6bdd691
6b5ab9f6
a48e51f7
899c5864
fbd84acd
09707f82
ec4c1693
93f896d0
33abc6c9
1f2b11ce
781788ef
e5984ffc
03210685
34ea7cda
e47dc50b
cd186fe8
3af08601
47038ca6
3fc1a6e7
e3f8a294
24de813d
f04bcd32
cf77ca83
ba075400
68b6f439
b1658a7e
93e28bdf
cb8db02c
45099af5
60cbd08a
a50e06fb
ae3ba318
97a5f171
8f9e6b56
45ac17d7
20d3d8c4
f1d733ad
6f2de6e2
47b05a73
6997bd30
b4605da9
83478f2e
1eac2acf
2f737c5c
ef382b65
2d41703a
bbeaa4eb
b9ea0248
810518e1
dbc65606
104ca4c7
43c0faf4
b259621d
6b61cc92
cfe4c663
cc6cd260
48af0319
03cc1fde
d35365bf
943cb48c
cd23b7d5
7df65bea
32e29edb
2f468d78
82f4fc51
1ed64cb6
f7624db7
db130924
49bc0c8d
32f27e42
fcc40e53
83099390
6769e489
d6ae3c8e
62773caf
9f9c58bc
f6034045
f755939a
a584f4cb
dc3444a8
711c9bc1
58e94f66
406c12a7
2fdd0354
9f1632fd
2caafbf2
6cbd3243
d4b100c0
d21801f9
8468e53e
6276af9f
4a0568ec
3ccdc4b5
ae8a174a
3120a6bb
4d5627d8
d6e2f731
46da5e16
0ea8f397
75f1e984
0d3ed56d
881645a2
b7ff3233
df6619f0
3a005b69
2a3719ee
3f70be8f
0eaae51c
a03a4525
d97ee6fa
64c4b4ab
fe0f3708
676f0ea1
124478c6
5317f087
fbe4bbb4
d2ccf3dd
ed7f5b52
60790e23
c7ebdf20
b029f0d9
2a13da9e
2b44697f
1b7fcd4c
babfc195
7edf02aa
31401e9b
88827238
6da7e211
01829f76
bc780977
5b0879e4
82178e4d
2df13d02
c1d9c613
e9c55050
155bc249
daba274e
0d90b06f
8137217c
32953a05
26156a5a
d921e48b
d592d968
3c347181
27afd226
a7483e67
a7702414
7135a4bd
f336eab2
01905a03
07356d80
8a1ccfb9
37a4fffe
73b4935f
6343e1ac
29b1ae75
874d1e0a
e0b9067b
4ce36c98
9d7bbcf1
14a710d6
0dc78f57
9feeba44
29fe372d
6fdb6462
fecbc9f3
793f36b0
deb41929
910f64ae
80cf124f
27d90ddc
adcc1ee5
3b711dba
fe14846b
04d72bc8
43a4c461
85035b86
77f4fc47
de173c74
da08459d
0f29aa12
427b15e3
5fa5abe0
03289e99
3bf4555e
ddbf2d3f
a7e9a60c
285b8b55
6c2c696a
09035e5b
f29116f8
389687d1
121fb236
eb8f8537
063caaa4
c2aad00d
252cbbc2
ef4d3dd3
d0ebcd10
77416009
420ed20e
a923e42f
5f28aa3c
ce96f3c5
83ea011a
eb14944b
19f42e28
4df80741
e21714e6
dc162a27
f77204d4
a8fcd67d
9eaf9972
b1b141c3
0a549a40
ba855d79
11d9dabe
675c371f
9c091a6c
11755835
ddd4e4ca
8f97263b
bda37158
8d3042b1
57c48396
1ac7eb17
fb8a4b04
45d558ed
b13d4322
afd621b3
9fe31370
bc3b96e9
2e906f6e
f287260f
afbdf69c
0dadb8a5
75d8147a
d39a142b
8f01e088
a7663a21
c2c2fe46
c6a3c807
f7187d34
b5cb575d
8b20b8d2
79aadda3
ac5a38a0
4b6b0c59
e02d901e
6a83b0ff
1e3a3ecc
fbb71515
989e902a
75ec5e1b
de327bb8
6580ed91
0f6d84f6
3c68c0f7
996f9b64
e935d1cd
0364fa82
f8de7593
013d09d0
86dabdc9
e36c3cce
24f0d7ef
ce30f2fc
9fc86d85
939357da
071d040b
ca1842e8
18275d01
76df17a6
0695d5e7
8ca2a594
142bc83d
49d50832
60dfe983
56ce8700
4d11ab39
19c7757e
9d2d9adf
3915132c
b9d8c1f5
64e16b8a
d97b05fb
70563618
07c08871
2ef2b656
cd6a06d7
a5849bc4
1e843aad
96fbe1e2
1ede3973
7c11b030
ac56d4a9
397a3a2e
6458f9cf
9b199f5c
759f1265
6b73cb3a
f11563eb
1d4f5548
e4736fe1
1a436106
46e453c7
13a87df4
13d6291d
dc248792
c9c86563
86c98560
52b13a19
7d7f8ade
1151f4bf
2331978c
da925ed5
16f576ea
f3bb1ddb
7c26a078
36271351
782c17b6
26c3bcb7
91614c24
9378938d
7359f942
124d6d53
03790690
fde7db89
5592678e
30b78baf
230ffbbc
3be9a745
97d16e9a
18fb33cb
c6bf17a8
cc8272c1
94c7da66
0e8741a7
93c20654
408279fd
cf6736f2
b2dc5143
256333c0
eb81b8f9
162dd03e
34e8be9f
3f27cbec
a89bebb5
8f32b24a
1a24a5bb
f5bbbad8
2eec8e31
78f1a916
7d6de297
7a9dac84
31cadc6d
2bd740a2
5fa41133
f68b0cf0
48c5d269
a88cc4ee
66048d8f
9eac081c
5b602c25
bf0441fa
224673ab
f07f8a08
0c8c65a1
9a4483c6
c0769f87
c0873eb4
61e8badd
3cf51652
b693ad23
87b39220
a2bb27d9
3aaa459e
d1e9f87f
1b8fb04c
2aad6895
b9f11daa
be2f9d9b
bd2d8538
ac48f911
8b1b6a76
e2607877
2ad1bce4
1f33154d
dfcbb802
2f5a2513
205fc350
5628b949
ef41524e
3c37ff6f
7285c47c
f8baa105
9364455a
cc6f238b
b0a8ac68
5cc94881
aa915d26
9baa6d67
f9902714
7bc0ebbd
ca2625b2
0b667903
6ed2a080
ff9586b9
8dcceafe
0e4da25f
730144ac
237ed575
8f88b90a
6d54057b
9e93ff98
e47453f1
d4815bd6
42937e57
17957d44
bd693e2d
3a8f5f62
45e7a8f3
b80f29b0
eb489029
32880fae
4749e14f
2f3530dc
f4b105e5
d34978ba
f2ed436b
09527ec8
f1711b61
11866686
bb1aab47
4a74bf74
cdc30c9d
a8526512
83ccb4e3
07d85ee0
8548d599
fe6dc05e
6c0bbc3f
2c14890c
11c83255
1451846a
d109dd5b
520729f8
89a69ed1
46fb7d36
66fef437
6280eda4
aa25570d
737a36c2
03c49cd3
60b14010
c95d5709
c738fd0e
7732332f
91524d3c
ebfb5ac5
490bdc1a
8d38d34b
e8950128
7abbde41
e6fb9fe6
15bf5927
6acd07d4
d3a71d7d
94d1d472
8e3e60c3
ebdccd40
b30d1479
c764c5be
c91c461f
59617d6c
30417f35
58a37fca
aec9253b
7b9f0458
ca17d9b1
a061ce96
f49ada17
d92c0e04
bf1f5fed
4de43e22
656900b3
295e0670
ad9f0de9
4e2c1a6e
17e8f50f
8175199c
37519fa5
cb036f7a
aec9d32b
28883388
24e19121
0ec90946
7e907707
be310034
45251e5d
d8fc73d2
35337ca3
1ff7eba0
041a4359
6f89fb1e
5f773fff
398021cc
75a2bc15
78d6ab2a
e809dd1b
ab738eb8
50000491
6a8c4ff6
6c5f2ff7
f52ede64
120f58cd
19257582
034cd493
8d2d7cd0
5145b4c9
b43967ce
d16626ef
143595fc
eb6bd485
3b8832da
8718430b
8f4415e8
981a3401
38c6a2a6
a48604e7
5438a894
15f50f3d
4a2a4332
1f240883
1541ba00
efa86239
c9b5607e
c514a9df
3708762c
94a3e8f5
9d43068a
7a4404fb
5d9cc918
41971f71
fb530156
2b43f5d7
dc215ec4
f4ad41ad
b095dce2
11e81873
7337a330
69894ba9
3238e52e
a7a1c8cf
8a2bc25c
d901f965
88f2263a
619c22eb
cee0a848
f89dc6e1
e0cc6c06
129802c7
e87c00f4
75cef01d
49b34292
8e880463
a8d23860
e8ef7119
f4bef5de
ebec83bf
e8927a8c
fbfd05d5
fa4091ea
7eef9cdb
fa32b378
41152a51
748de2b6
6a412bb7
5f9b8f24
f4b11a8d
7b8d7442
61b2cc53
2e947990
a7a1d289
4d02928e
fa93daaf
4fef9ebc
8ccc0e45
ad99499a
a5cd72cb
8575eaa8
e6a449c1
4eb26566
2fbe70a7
e2930954
d06ac0fd
c4ef71f2
61d77043
23c166c0
5f276ff9
5b7ebb3e
21f6cd9f
10b62eec
d66612b5
d0274d4a
2b84a4bb
d54d4dd8
6cb22531
c414f416
3e4ed197
fd356f84
dbd2e36d
6d643ba2
5f24f033
7e5bfff0
b8c74969
d56e6fee
86345c8f
fe192b1c
4f821325
afd59cfa
d72432ab
3d1bdd08
7e65bca1
96508ec6
3ef14e87
5615c1b4
cd8081dd
3536d152
138a4c23
3b274520
bd885ed9
b4ccb09e
112b877f
9e0b934c
0a970f95
6b4f38aa
d17b1c9b
2f049838
5ea61011
a3c03576
9864e777
de86ffe4
afca9c4d
05723302
12b68413
8da63650
4631b049
e8547d4e
627b4e6f
5940677c
25dc0805
a1ff205a
9518628b
6bea7f68
581a1f81
977ee826
5f289c67
029c2a14
50c832bd
9fe160b2
ba189803
101bd380
6b4a3db9
0380d5fe
bf82b15f
ab2aa7ac
3b47fc75
2410540a
de4b047b
33709298
2d28eaf1
9967a6d6
457b6d57
d9284044
b250452d
4f0f5a62
20df87f3
f38b1cb0
f5190729
ee8cbaae
0360b04f
51fd53dc
d091ece5
a26dd3ba
9b22026b
73f9d1c8
87f97261
fe157186
8b5c5a47
53be4274
79f9d39d
96472012
07fa53e3
2fb711e0
cba50c99
96732b5e
8ef44b3f
7eab6c0c
c730d955
5ec29f6a
db6c5c5b
faa93cf8
6a72b5d1
f6e34836
ee8a6337
6eb130a4
611bde0d
e193b1c2
ca17fbd3
b322b310
66b54e09
9cef280e
38dc822f
04e7f03c
cc5bc1c5
db79b71a
c0b9124b
a361d428
9e3bb541
41ec2ae6
9a848827
61140ad4
a4cd647d
35c00f72
4ba77fc3
93110040
3dd0cb79
087bb0be
3d78551f
8b25e06c
c909a635
8bbe1aca
6e57243b
88c69758
24bb70b1
da0b1996
1889c917
ccb9d104
75e566ed
e0573922
ead7dfb3
3b84f970
383e84e9
f453c56e
2ee6c40f
ba983c9c
51f186a5
837aca7a
f955922b
343a8688
a718e821
a6db1446
3f992607
ee358334
68fae55d
27a42ed2
6f981ba3
9f419ea0
1d057a59
4072661e
e506ceff
6f3204cc
178a6315
275ac62a
58835c1b
cde0a1b8
e63b1b91
2cb71af6
24719ef7
ccda2164
e664dfcd
fab1f082
fb973393
67c9efd0
02ecabc9
419292ce
6d7775ef
e7a638fc
560b3b85
dcc90dda
546f820b
4c9be8e8
2ac90b01
3cba2da6
099233e7
6abaab94
9a3a563d
a14b7e32
fa442783
2560ed00
c07b1939
712f4b7e
fb97b8df
f567d92c
456b0ff5
b9f0a18a
776903fb
a60f5c18
b529b671
a4bf4c56
4f39e4d7
f4aa21c4
e45248ad
6bfbd7e2
10cdf773
7f099630
5bf7c2a9
1d83902e
d88697cf
2ca9e55c
8960e065
35bc813a
fd7ee1eb
fe9dfb48
2d841de1
df617706
6367b1c7
f23b83f4
4843b71d
640dfd92
0e23a363
6286eb60
7b69a819
198a60de
532312bf
145f5d8c
a163acd5
d7d7acea
c4801bdb
d96ac678
13bf4151
c3fbadb6
b1da9ab7
75c1d224
dd65a18d
fb8cef42
daf42b53
345bec90
d497c989
6cfebd8e
b00c29af
563b41bc
58aa7545
e8ad249a
3bfbb1cb
4858bda8
2f8220c1
36a8f066
94119fa7
4c500c54
becf07fd
bd43acf2
69ae8f43
ffcb99c0
9d0926f9
045ba63e
19a0dc9f
eeb091ec
362c39b5
2167e84a
5540a3bb
1c0ae0d8
0033bc31
d8443f16
414bc097
2db93284
7b56ea6d
fcbd36a2
a681cf33
a6d8f2f0
fa04c069
60dc1aee
90002b8f
5cf24e1c
ec9ffa25
5bf2f7fa
735df1ab
13e43008
2cfb13a1
b66899c6
be87fd87
ec9044b4
859448dd
86448c52
675ceb23
1246f820
709195d9
487b1b9e
d909167f
d2f3764c
ca7cb695
42f953aa
5b229b9b
0e07ab38
f4bf2711
fb710076
ce855677
a62842e4
a3de234d
4ee4ae02
5beee313
6198a950
5576a749
75f3a84e
705a9d6f
65670a7c
29f96f05
01e5fb5a
231da18b
37585268
9e26f681
9e787326
e1c2cb67
f2942d14
604b79bd
24689bb2
fda6b703
1b110680
3d3af4b9
48c0c0fe
7753c05f
3bc00aac
e10d2375
f4e3ef0a
239e037b
3b792598
e79981f1
1359f1d6
067f5c57
14a70344
78b34c2d
5d5b5562
7fb366f3
5bb30fb0
6c257e29
751d65ae
a5137f4f
c03176dc
b16ed3e5
58de2eba
e6b2c16b
74cd24c8
773dc961
fab07c86
d8ba0947
29f3c574
4eac9a9d
8907db12
bf03f2e3
0741c4e0
463d4399
b404965e
3678da3f
cfae4f0c
b8958055
fb7fba6a
182adb5b
1c774ff8
4afaccd1
d1d71336
7231d237
5acd73a4
578e650d
1f792cc2
32475ad3
f8402610
bf494509
7331530e
de22d12f
e9e9933c
dfb828c5
eb33921a
7595514b
7a5aa728
28778c41
a2e8b5e6
5a65b727
0a470dd4
8c6fab7d
317a4a72
d9ec9ec3
2ff13340
cad08279
851e9bbe
b470641f
6156436c
4bcdcd35
2724b5ca
be41233b
151a2a58
0d1b07b1
b4c06496
7694b817
06339404
da276ded
18963422
3022beb3
0657ec70
cc19fbe9
d107706e
2780930f
8b275f9c
cd8d6da5
4f3e257a
a33d512b
e218d988
9e0c3f21
3af91f46
f9bdd507
b7260634
914cac5d
2717e9d2
18d8baa3
5a3751a0
062cb159
02e6d11e
eb325dff
ef4fe7cc
516e0a15
542ae12a
b758db1b
7579b4b8
98323291
05ede5f6
54a00df7
50716464
d63666cd
580a6b82
d1bd9293
c11262d0
0bcfa2c9
3b77bdce
e924c4ef
7882dbfc
4fa6a285
2755e8da
5f22c10b
321fbbe8
4033e201
32b9b8a6
25ba62e7
0028ae94
10fb9d3d
ff38b932
e2404683
b72c2000
2f89d039
c035367e
30b6c7df
a4333c2c
3c2e36f5
6aea3c8a
c0ea02fb
79adef18
d2784d71
db379756
294bd3d7
1f1ee4c4
5d734fad
792dd2e2
0b8fd673
cf878930
f3a239a9
ab5a3b2e
e70766cf
b294085c
f6bbc765
21d2dc3a
b4bda0eb
dc874e48
f32674e1
c6028206
295360c7
60e706f4
fb347e1d
db34b892
389b4263
e3e79e60
7a1fdf19
9be1cbde
36f5a1bf
d698408c
3ac653d5
5fbac7ea
b46c9adb
49ced978
1e255851
167578b6
ed9009b7
03d41524
bd96288d
a3586a42
6e118a53
44cf5f90
f4c9c089
6586e88e
412078af
65f2e4bc
0f84dc45
f90cff9a
cb85f0cb
3f6790a8
171bf7c1
fcab7b66
2b80cea7
00f90f54
7baf4efd
6863e7f2
ba61ae43
e981ccc0
1526ddf9
c0c4913e
0be6eb9f
0916f4ec
37ee60b5
32f4834a
8758a2bb
f9f473d8
59715331
657f8a16
7664af97
3c28f584
8056f16d
89e231a2
25baae33
a001e5f0
7c7e3769
fad5c5ee
7367fa8f
eb37711c
a2b9e125
735c52fa
e6f3b0ab
a4d88308
884c6aa1
aa8ca4c6
2f3aac87
b3f6c7b4
fa240fdd
e01e4752
a20b8a23
3d12ab20
2bd6ccd9
a5b5869e
1982a57f
ea47594c
da5e5d95
f0ef6eaa
4b261a9b
8a36be38
de943e11
422dcb76
74c1c577
b1b585e4
6b6daa4d
6c232902
fb034213
cc371c50
f3f79e49
481ed34e
55d5ec6f
c6f9ad7c
7512d605
6318d65a
667ee08b
42f22568
9eefcd81
6f7dfe26
1378fa67
f9783014
1a4ac0bd
07bbd6b2
c610d603
bfb23980
e567abb9
0d8cabfe
25c0cf5f
54c16dac
84ce4a75
b2038a0a
2d4d027b
e6adb898
83c618f1
f2583cd6
759f4b57
fa11c644
8092532d
15735062
526345f3
208702b0
c06df529
763a10ae
1c624e4f
a9d199dc
0747bae5
a69a89ba
c59f806b
3bcc77c8
2f3e2061
b7578786
9333b847
fd154874
bbdb619d
30949612
98e991e3
be7877e0
65117a99
0722015e
5299693f
4f1d320c
55f62755
9a88d56a
77455a5b
e77162f8
9b3ee3d1
87d6de36
e1f54137
56d5b6a4
fd7cec0d
dd2aa7c2
2c52b9d3
60099910
43193c09
f9ff7e0e
5705202f
7057363c
96108fc5
28396d1a
9bcd904b
9d7f7a28
896f6341
b9f140e6
4562e627
966610d4
fa8df27d
38008572
290dbdc3
f27d6640
ca0c3979
ed4d86be
1e04731f
0bf2a66c
288df435
dad750ca
8e87223b
5099bd58
f3369eb1
e081af96
febba717
b5995704
5be574ed
a6a12f22
25499db3
b9d6df70
d93172e9
94471b6e
f1b6620f
2322829c
1a2554a5
de4d807a
9c81102b
62232c88
79bb9621
7b232a46
9cfe8407
49028934
2e1a735d
8757a4d2
20f559a3
80d904a0
2f8fe859
66e73c1e
61f9ecff
e9d9cacc
934db115
af46fc2a
f48a5a1b
d23ec7b8
d5e54991
a630b0f6
ecea7cf7
aff4a764
5183edcd
e12ee682
75bff193
c906d5d0
dbee99c9
51e8e8ce
346e13ef
f6cb7efc
483e0985
cb2ec3da
9732000b
6fcf8ee8
485ab901
cac543a6
e8fe91e7
4482b194
ea38e43d
13f1f432
c7186583
faa35300
acd48739
66c7217e
5471d6df
736a9f2c
e8ed5df5
602fd78a
46c701fb
08788218
0982e471
4ebbe256
a979c2d7
8b7fa7c4
d01056ad
882bcde2
f22db573
94b17c30
a088b0a9
8bbce62e
c32435cf
4bea2b5c
9112ae65
fd35373a
77585feb
989ca148
b984cbe1
44af8d06
545b0fc7
647e89f4
fea1451d
5f277392
fdeee163
5cf45160
55121619
2bc536de
876430bf
5f3d238c
3824fad5
41e9e2ea
3eb519db
7b5eec78
d0476f51
1bfb43b6
0d6178b7
39d25824
0542af8d
22efe542
0b0ae953
8feed290
7837b789
e69b138e
9dd0c7af
af1687bc
215b4345
8eb8da9a
446c2fcb
9aa263a8
0d71cec1
50ba0666
e60bfda7
308e1254
770b95fd
765022f2
43f0cd43
10e3ffc0
378094f9
40b97c3e
e8c8fa9f
8fe957ec
4bac87b5
b4cd1e4a
b1cca1bb
9f0a06d8
e86aea31
1bc6d516
cd999e97
5884b884
5ad2f86d
c4d32ca2
cccf8d33
99d6d8f0
b033ae69
535b70ee
206bc98f
d8e8941c
e1cfc825
a611adfa
21e56fab
1ff8d608
0059c1a1
22bcafc6
81095b87
dc494ab4
9b2fd6dd
f2c40252
b3962923
eb8a5e20
5f5803d9
7c7bf19e
c298347f
14073c4c
aa3c0495
253189aa
9185999b
d391d138
8c255511
27f69676
7b1a3477
312ec8e4
7679314d
0d2da402
dff3a113
fd818f50
91b49549
0ed5fe4e
02ed3b6f
adf8507c
77283d05
7597b15a
4f3c1f8b
beb7f868
ca74a481
ba8f8926
e44b2967
47483314
eec607bd
f9db11b2
0356f503
2dff6c80
d3d062b9
01e496fe
bac9de5f
262ed0ac
968b7175
0b6f250a
eb58017b
650e4b98
71aeaff1
e66287d6
82db3a57
b9688944
39ed5a2d
27574b62
88ef24f3
7206f5b0
61f26c29
a1e2bbae
594d1d4f
3eddbcdc
421ca1e5
3ba2e4ba
27e83f6b
f8f7cac8
1ffa7761
e40a9286
aac96747
fd22cb74
3186289d
3ced5112
85ab30e3
855b2ae0
9821b199
3fcb6c5e
d355f83f
2cf8150c
0f52ce55
ebddf06a
e8bbd95b
8b9775f8
cb3efad1
c8e2a936
2dd4b037
92c9f9a4
c2e7730d
caa822c2
a83a18d3
1a7f0c10
62253309
e159a90e
93836f2f
c830d93c
5f64f6c5
428b481a
2361cf4b
3cd04d28
31233a41
3705cbe6
4b7c1527
357113d4
5f28397d
f952c072
290adcc3
0ab59940
ab83f079
f10871be
6a34821f
bafb096c
cf4a1b35
56d5ebca
cf29213b
6b455058
470e35b1
0d4efa96
a0fe9617
0aeb1a04
6b1f7bed
3a782a22
ba4c7cb3
8601d270
cf84e9e9
ee12c66e
7d88310f
b289a59c
a7b93ba5
e0a8db7a
d520cf2b
e4597f88
aa26ed21
17593546
195b3307
d3cb0c34
af643a5d
f8635fd2
77edf8a3
4326b7a0
092f1f59
1c73a71e
395d7bff
8ecfadcc
4d295815
e8af172a
0017d91b
142fdab8
0f546091
bd7f7bf6
dd50ebf7
1b63ea64
c84d74cd
461f6182
d79e5093
afa748d0
e34990c9
34e613ce
3f5362ef
928021fc
afd17085
78539eda
ec9d3f0b
35ab61e8
b33d9001
b4dccea6
435ec0e7
67c8b494
95f22b3d
8f772f32
98cc8483
1fc68600
a85b3e39
14e50c7e
56c8e5df
930e022c
bba884f5
49c1728a
f90000fb
826f1518
ca497b71
af4c2d56
bfc3b1d7
69cc6ac4
ac295dad
48f5c8e2
b4a79473
fe876f30
d2ab27a9
6eab912e
5cdd04cf
28ac4e5c
c8659565
77e3923a
354f1eeb
62ddf448
f09f22e1
0b689806
d47ebec7
2d020cf4
c28a0c1d
9fe62e92
4e1e8063
fdad0460
7c404d19
7934a1de
346ebfbf
de4e068c
097fa1d5
2e64fdea
535998db
9e1aff78
9a258651
848d0eb6
014ee7b7
47bc9b24
246b368d
2a536042
a1e04853
45ba4590
cee1ae89
a03b3e8e
b61d16af
61a62abc
fe2daa45
59b0b59a
96ae6ecb
8a0936a8
8283a5c1
e2d49166
b3b32ca7
0b0f1554
20e3dcfd
97085df2
f65bec43
a5f232c0
74164bf9
343a673e
a047099f
b327baec
e166aeb5
56f1b94a
c49ca0bb
3b4b99d8
1d208131
ab1a2016
36ea8d97
b2cc7b84
7acaff6d
5d9027a2
8bc06c33
c457cbf0
05252569
1a6d1bee
870b988f
5605b71c
19e1af25
a41308fa
14332eab
b5452908
052318a1
cef8bac6
a3f40a87
9587cdb4
d8b79ddd
6e35bd52
8bfcc823
4dae1120
7b153ad9
7cce5c9e
c449c37f
80331f4c
aa15ab95
8fbfa4aa
1e41189b
1a18e438
6d726c11
5ccb6176
d18ea377
54940be4
3500b84d
e2041f02
fac00013
25780250
9ead8c49
7a19294e
67a08a6f
4a62f37c
a039a405
e9628c5a
cd555e8b
daa9cb68
90b57b81
2fad1426
44395867
0c043614
4dbd4ebd
aac64cb2
a5791403
95f89f80
787519b9
d5c881fe
266eed5f
e00833ac
86449875
b126c00a
4dbf007b
e69ade98
215346f1
9f78d2d6
1e332957
82ab4c44
14c4612d
43074662
135703f3
8032e8b0
c0b2e329
a81766ae
4bd3ec4f
af55dfdc
d1ed88e5
c7f73fba
fd8cfe6b
dc4f1dc8
b972ce61
30c99d86
0f7b1647
5a1c4e74
1facef9d
5e120c12
7548cfe3
8be9dde0
4f6de899
0e00d75e
a8ae873f
993ef80c
54ab7555
9f7f0b6a
5c8e585b
38e988f8
4afb11d1
44fa7436
45d01f37
3eaa3ca4
17cdfa0d
97f19dc2
95fd77d3
57a07f10
8c6d2a09
d93fd40e
839dbe2f
21767c3c
abb55dc5
ea29231a
fc520e4b
884d2028
8f931141
ca2656e6
5cb14427
176816d4
2a3e807d
2570fb72
c9e3fbc3
a899cc40
df37a779
404f5cbe
8900911f
9e6f6c6c
b0024235
4b2086ca
7027203b
951ce358
78a1ccb1
eb284596
4d5d8517
3628dd04
77d582ed
841b2522
df2b5bb3
9ad8c570
1f1460e9
8e6a716e
baf6000f
695cc89c
e64922a5
0650367a
3d1c8e2b
98bbd288
9f4e4421
bf9b4046
5ed3e207
877f8f34
852a015d
2a3b1ad2
0dc297a3
d1206aa0
030a5659
d38c121e
615d0aff
0e3190cc
ef00ff15
b063322a
ca01581b
6b4cedb8
b47f7791
fbda46f6
15d35af7
c2bf2d64
aa92fbcd
36dbdc82
e758af93
a4f3bbd0
91e087c9
946f3ece
f9d4b1ef
7ba0c4fc
f660d785
dec479da
4f647e0b
b3b334e8
f0dc6701
a10059a6
24daefe7
99fab794
8427723d
21c86a32
475ca383
5695b900
921df539
7a8ef77e
27bbf4df
331d652c
245fabf5
d79f0d8a
c794fffb
1791a818
84cc1271
ace87856
5c29a0d7
ea052dc4
61be64ad
6b8bc3e2
42fd7373
3d096230
fa099ea9
04263c2e
a431d3cf
78da715c
0cb47c65
41dded3a
dea1ddeb
6b4b4748
087579e1
ca2da306
99be6dc7
ea718ff4
b6eed31d
4d70e992
192a1f63
f611b760
5faa8419
34300cde
2e154ebf
83cae98c
1ed648d5
d52c18ea
e25a17db
e2031278
ebbf9d51
002ad9b6
b95856b7
5d92de24
8b0fbd8d
6982db42
2291a753
9631b890
68c7a589
4267698e
7a0565af
ada1cdbc
15fc1145
09f4909a
b24cadcb
3d9c09a8
e6517cc1
62fb1c66
84765ba7
c07c1854
e93823fd
7a8c98f2
c1a30b43
d8ac65c0
3ae802f9
4b47523e
2261189f
a2d21dec
691cd5b5
c962544a
afc89fbb
feb92cd8
67921831
c3796b16
a2577c97
7b003e84
503f066d
041922a2
528d4b33
4f84bef0
eb529c69
000ac6ee
9747678f
928eda1c
baef9625
1d6063fa
addcedab
94bd7c08
06a86fa1
5f40c5c6
87fab987
0fb250b4
22bb64dd
02737852
1b3f6723
937dc420
ef0e71d9
56acc79e
0e97527f
5ecb024c
49eb5295
e099bfaa
e158979b
8dcbf738
f27b8311
90ac2c76
681f1277
4be54ee4
17043f4d
9aa69a02
3b685f13
741a7550
8ae28349
39e8544e
73efd96f
cc39967c
60470b05
6e79675a
d0ca9d8b
c6c79e68
61b25281
7ed69f26
23438767
77ac3914
a73095bd
ca7d87b2
9c773303
279dd280
4355d0b9
39386cfe
58affc5f
b24d96ac
c3f9bf75
532a5b0a
4481ff7b
9b537198
02b3ddf1
cd9b1dd6
37a71857
85da0f44
8117682d
18834162
e19ae2f3
7b0adbb0
4caf5a29
38d811ae
e3f6bb4f
2b3a02dc
26ba6fe5
fb979aba
368dbd6b
15d270c8
6ba72561
4d94a886
b148c547
4401d174
f64fb69d
4402c712
57c26ee3
022490e0
faf61f99
21c2425e
c2a3163f
c3f1db0c
96001c55
656c266a
c2bcd75b
1f679bf8
8a7328d1
ac1e3f36
19e78e37
8a767fa4
6c30810d
f50718c2
e59cd6d3
476df210
31f12109
91b1ff0e
17540d2f
ac281f3c
eb01c4c5
cf12fe1a
169e4d4b
aff5f328
14bee841
2352e1e6
69027327
6c4b19d4
cbd0c77d
6c5b3672
fb991ac3
fc29ff40
d5275e79
8b2247be
6a68a01f
e64fcf6c
3ab66935
67b721ca
61811f3b
fe207658
f7f163b1
2a0d9096
f3d87417
6752a004
f20789ed
338a2022
83e63ab3
285bb870
37dfd7e9
254e1c6e
99ffcf0f
779beb9c
45d509a5
ff43917a
c4744d2b
af4a2588
c9319b21
23e94b46
5d689107
94201234
1f6bc85d
ccded5d2
d27336a3
5ac61da0
8d218d59
3c307d1e
c9f899ff
97ff73cc
e8d4a615
b6634d2a
4246d71b
079600b8
35668e91
114111f6
8671c9f7
d6067064
685482cd
63645782
94ef0e93
d8ec2ed0
57b37ec9
208469ce
53f200ef
e22d67fc
8bec3e85
ae8154da
af87bd0b
19e707e8
71373e01
3f2fe4a6
7d731ee7
0b18ba94
24d8b93d
7ae5a532
c2c8c283
cf10ec00
da1cac39
47c4e27e
b74b03df
8398c82c
9312d2f5
b9c8a88a
a285fefb
f7e03b18
a90aa971
f790c356
6eab8fd7
3c29f0c4
60cf6bad
9fedbee2
8d2f5273
80375530
86a415a9
fc2ce72e
8922a2cf
6c74945c
cdff6365
0b24483a
63509ceb
e1e49a48
7107d0e1
30feae06
941a1cc7
cccd12f4
4bcf9a1d
17c7a492
4f11be63
76226a60
6f50bb19
0cb777de
6457ddbf
7fb3cc8c
e828efd5
e63f33ea
dbb696db
77172578
3515b451
3ed4a4b6
257dc5b7
ab552124
a930448d
907e5642
7d1f0653
b1552b90
b5e99c89
7d1f948e
d989b4af
c30970bc
d8c67845
4f846b9a
8746eccb
e55adca8
a8db53c1
812da766
48558aa7
80d51b54
40086afd
d0dcd3f2
95c62a43
d91298c0
fbf5b9f9
35e03d3e
5f17279f
8ee880ec
52cefcb5
bc1eef4a
63509ebb
1952bfd8
37bfaf31
14e4b616
ffe06b97
e1200184
4b2f0d6d
686e1da2
11362a33
6b5db1f0
d2bc1369
b43471ee
411f368f
be83fd1c
34f97d25
c1f9befa
dee2acab
ee61cf08
74e9c6a1
8394d0c6
1d1d6887
7ac8d3b4
e93b2bdd
5f7d3352
515e0623
ecf97720
2b43a8d9
ba17329e
9180e17f
dfcee54c
f9bcf995
c7bfdaaa
cacc169b
5eab0a38
8b409a11
7398f776
2ecb8177
472291e4
8c83c64d
e7151502
91ecbe13
1968e850
c6537a49
fe437f4e
17db286f
637c397c
27507205
b4dc425a
499bdc8b
b3117168
ad6b2981
580c2a26
7169b667
ba403c14
6b1fdcbd
0900c2b2
d8515203
12ef0580
a47287b9
dc3457fe
418d0b5f
ccfef9ac
bfaae675
a179f60a
bfa0fe7b
b3380498
85d074f1
20c968d6
bf370757
f2f4d244
eee66f2d
57cb3c62
e3bac1f3
928eceb0
75e7d129
0424bcae
11b58a4f
e28a25dc
b08356e5
8683f5ba
c2ea7c6b
d581c3c8
a6977c61
ea6bb386
80327447
ead35474
256e7d9d
9ebf8212
1d180de3
180b43e0
0aba5699
2b0fad5e
1133a53f
dd10be0c
4350c355
eda5416a
0b47565b
6f11aef8
f9a73fd1
ae4e0a36
9a1afd37
a62ec2a4
300f080d
91e893c2
871835d3
19e76510
c2b11809
bab02a0e
3ea65c2f
9845c23c
8d4a2bc5
a148d91a
62468c4b
e3cac628
30a6bf41
f28b6ce6
606fa227
641a1cd4
b3df0e7d
7e117172
ae2a39c3
35663240
fd531579
818132be
fe6caf1f
c29c326c
df669035
5c99bcca
93371e3b
d6500958
34fcfab1
79fedb96
846f6317
ce686304
49b590ed
f8c51b22
987d19b3
5e8aab70
89e74ee9
62bdc76e
0aa59e0f
0d470e9c
365cf0a5
7b82ec7a
5b280c2b
58047888
97d0f221
f4435646
05194007
29ac9534
ee298f5d
904e90d2
b5ffd5a3
1017d0a0
1774c459
0660e81e
633028ff
5c3956cc
aaa44d15
aaaf682a
58e8561b
190b13b8
0209a591
adb3dcf6
1f2c38f7
8539b364
719209cd
7bb8d282
d0616d93
7b90a1d0
a4c275c9
892594ce
3dab4fef
f6260afc
e073a585
978a2fda
fd06fc0b
9846dae8
a44e1501
3f6b6fa6
3d274de7
eb22bd94
e806003d
4acee032
fb10e183
b9381f00
f0576339
2c86cd7e
f57612df
b4802b2c
77c1f9f5
a03e438a
79d2fdfb
535ace18
a7054071
3f450e56
e7497ed7
903ab3c4
195c72ad
961bb9e2
833d3173
f8114830
e87a8ca9
06bf922e
fbaf71cf
337ab75c
7c464a65
83b6a33a
b35b5beb
f6a9ed48
9a5627e1
efdbb906
b391cbc7
041495f4
f12c611d
aeea5f92
dfd55d63
addf1d60
1b32f219
b2cae2de
c7366cbf
0208af8c
d57796d5
119e4eea
2f6f15db
8d573878
e627cb51
f08a6fb6
35bf34b7
61036424
eecccb8d
4f45d142
a1886553
c7249e90
26479389
0063bf8e
c4aa03af
d1dd13bc
b68cdf45
da60469a
059d2bcb
b145afa8
3a212ac1
ed6c3266
ef50b9a7
7c1a1e54
9554b1fd
49f90ef2
62c54943
d724cbc0
273f70f9
a405283e
4669369f
a76ae3ec
0e7d23b5
df278a4a
cf349dbb
bb1852d8
fda94631
4f5c0116
3f855a97
152bc484
db9b146d
3a8f18a2
b7bb0933
47e2a4f0
2b618a69
e6ea1cee
7493058f
09e5201c
f7ff6425
41df19fa
97446bab
f2322208
bfe71da1
ebf4dbc6
535c1787
06cb56b4
9c36f2dd
3552ee52
1e58a523
8a212a20
9fb4dfd9
570d9d9e
3d06707f
333ec84c
298aa095
f531f5aa
ca9b959b
bcb61d38
a7c1b111
b591c276
1593f077
764bd4e4
057f4d4d
774f9002
ee4d1d13
45635b50
c1007149
772aaa4e
4362776f
402adc7c
6555d905
6c8b1d5a
27c91b8b
cf874468
e3e00081
6b4db526
1eabe567
03c03f14
098b23bd
164ffdb2
49077103
87ec3880
0bcb3eb9
6ebc42fe
d1061a5f
601c5cac
e9580d75
4c15910a
af1bfd7b
5e489798
1aa90bf1
4903b3d6
a4e2f657
f9fb9544
ce31762d
b0df3762
09b6a0f3
f6bec1b0
ac5c4829
b9fd67ae
c510594f
054648dc
df483de5
18bc50ba
92a33b6b
4b5d16c8
da43d361
b74ebe86
6c382347
7e90d774
1d09449d
1e483d12
b549ace3
fd9df6e0
eeba8d99
d9e9185e
8460343f
149ba10c
cc9d6a55
e82a5c6a
262dd55b
57e7c1f8
089756d1
fb89d536
b66a6c37
c1d305a4
d3698f0d
1e960ec2
6a6f94d3
ff0cd810
aead0f09
043a550e
e994ab2f
15cf653c
028e92c5
10cab41a
cf4acb4b
53cb9928
534a9641
e7cff7e6
32f8d127
2ed51fd4
5269557d
0a93ac72
d19758c3
844e6540
c7bacc79
d36c1dbe
350cbe1f
6354956c
0e12b735
d9c857ca
f5491d3b
4dab9c58
9fc491b1
8afc2696
ef225217
9b6a2604
eedf97ed
83cc1622
0ceff8b3
6d659e70
852ac5e9
f6b9726e
fce76d0f
5a5e319c
27e0d7a5
2b0e477a
f137cb2b
c2eacb88
7b2c4921
e0a96146
45e5ef07
78251834
6163565d
248a4bd2
a86874a3
211583a0
1203fb59
e21d531e
1d03b7ff
8adf39cc
a46ff415
3d47832a
fde5d51b
cfac26b8
8a68bc91
8132a7f6
d002a7f7
0058f664
364b90cd
2fd94d82
89afcc93
bce114d0
e90d6cc9
7e52bfce
a7009eef
e78aadfc
63f70c85
49df0ada
27e23b0b
5ed2ade8
fa20ec01
51b2faa6
53f77ce7
6a18c094
3daf473d
41841b32
e0350083
450b5200
44ce1a39
d8d4b87e
d23d21df
f5d38e2c
426d20f5
3affde8a
3d7bfcfb
5a016118
eebbd771
34055956
b6036dd7
163776c4
fb6579ad
fe15b4e2
15271073
d4973b30
8f8d03a9
d3de3d2e
ebd840cf
fdecda5c
87893165
5b94fe3a
bec21aeb
d99b4048
f4607ee1
b6c4c406
e8257ac7
c04818f4
1705281d
c2d91a92
bb74fc63
cd47d060
d3512919
d66a4dde
46b0fbbf
3ac9928c
56c23dd5
074969ea
cd8394db
54c34b78
6ef5e251
c54c3ab6
da1ca3b7
ae9da724
cbe5528d
55d94c42
7fcdc453
07a01190
29e18a89
7c33ea8e
2b6652af
0a1cb6bc
1f4f4645
5a88219a
1d4f6acb
d15c82a8
0a2301c1
57b6bd66
6967e8a7
e24b2154
591cf8fd
95e149f2
18a06843
02e2fec0
2cc527f9
45b6133e
c857459f
1c5946ec
0c274ab5
e27c254a
e3749cbb
1409e5d8
294edd31
22df4c16
51464997
47238784
71831b6d
2a7c13a2
361be833
151397f0
65430169
482bc7ee
21a2d48f
a4b2431c
74014b25
4d1074fa
c7022aab
d02e7508
57a074a1
4860e6c6
1ab6c687
e3b9d9b4
abaeb9dd
33f4a952
722f4423
9af4dd20
bc6216d9
dd90089e
0127ff7f
891aab4c
49544795
18f010aa
d0c7149b
d7ed3038
b7fec811
06968d76
0c785f77
096117e4
f1f6d44d
fb560b02
40897c13
2809ce50
eae96849
549dd54e
e685c66f
92457f7c
8a574005
4585f85a
5b525a8b
4c291768
7510d781
689b4026
1b0a1467
842c4214
f2726abd
a26b38b2
de999003
b6956b80
e95ff5b9
a0d02dfe
f71b295f
9ba5bfac
b1013475
02fd2c0a
02f2fc7b
cc852a98
313da2f1
f649fed6
d8aae557
caee5844
8ef87d2d
d3bf3262
438e7ff3
d79ab4b0
600cbf29
0a6212ae
ee07284f
c36e6bdc
230924e5
6240abba
95b7fa6b
a76469c8
76ac2a61
643dc986
6559d247
2f3a5a74
4d200b9d
729cf812
10574be3
e2dca9e0
16f6c499
de4e835e
0c28c33f
9a92840c
a1e61155
04fb776a
0370545b
09e9d4f8
27436dd1
43d1a036
5ed5db37
0d6348a4
c640160d
4b0f89c2
7fa2f3d3
26de4b10
65e50609
1e50800e
081efa2f
54c5083c
bacef9c5
cd988f1a
4dab0a4b
2ff86c28
ecaa6d41
b32082e6
d09e0027
fc7c22d4
176f9c7d
c1e1e772
55e077c3
18e29840
a45e8379
30e308be
fe48cd1f
f878f86c
36bade35
8f42f2ca
77b71c3b
94332f58
a84828b1
0d057196
23f14117
fe57e904
51859eed
849f1122
d13ed7b3
84ec9170
99aa3ce9
91411d6e
60c53c0f
8ee1549c
8a60bea5
bde5a27a
76a38a2b
1ffd1e88
e343a021
991b6c46
0fce9e07
af899b34
e9191d5d
399206d2
99ad13a3
bdbf36a0
eccf3259
7f65be1e
e77346ff
53f11ccc
46379b15
1e2b9e2a
213f541b
5b7939b8
3e83d391
3bbd72f6
88f516f7
77643964
268117cd
2fc5c882
b0da2b93
ccdd87d0
949463c9
b00beace
7ff1edef
e65b50fc
86767385
757fe5da
20197a0b
9d8a80e8
e2afc301
260685a6
b1e3abe7
b7fac394
95d48e3d
0f055632
62351f83
a28a8500
4780d139
fcaea37e
3da030df
7792f12c
631447f5
3a0d798a
dd80fbfb
3bd3f418
f02e6e71
85d1a456
cad95cd7
fe2039c4
76ea80ad
87dbafe2
32ecef73
45c92e30
ebdb7aa9
1388e82e
499d0fcf
fbcafd5c
5fc81865
42bf593a
7584d9eb
bab89348
ef26d5e1
35b9cf06
21d529c7
31679bf4
2d59ef1d
0393d592
d1f09b63
045c8360
07ab6019
2795b8de
d2c78abf
59f6758c
dc08e4d5
774084ea
a5f413db
fd5b5e78
3f7ff951
6d1a05b6
029612b7
c423ea24
b079d98d
5438c742
07ef2353
a2c78490
30b78189
a090158e
fdbea1af
9bc859bc
830dad45
7ffbfc9a
be5da9cb
759f55a8
88e0d8c1
700d4866
a69b17a7
e3682454
fb613ffd
649584f2
a7578743
8c4d31c0
7c86def9
caf2fe3e
d4e1549f
1db3a9ec
bbcd71b5
761cc04a
90109bbb
542778d8
2ab07431
3f6e9716
25233897
a7074a84
7ce7226d
e8350ea2
7c58c733
02f08af0
f0607869
87f972ee
384ea38f
beeb661c
18ff3225
938dcffa
5e1be9ab
b856c808
ac15cba1
48d8f1c6
632d7587
41945cb4
87a280dd
0b626452
3ce1e323
4f749020
f14b4dd9
fd9e739e
cde58e7f
11628e4c
c919ee95
e2fa2baa
cd4e939b
e0504338
2bf7df11
16a75876
0378ce77
30625ae4
c1ea5b4d
23288602
78a1db13
f15c4150
b40e5f49
469d004e
f145156f
89cc227c
0654a705
efccd35a
d437998b
58f6ea68
d0fdae81
fff4cb26
56844367
6b844514
95d5b1bd
5d5273b2
8907af03
ceea9e80
ad30acb9
227018fe
a3cc385f
af9b22ac
86a65b75
7630c70a
ab25fb7b
2dedbd98
398e39f1
d89c49d6
4a8ed457
95cd1b44
a13b842d
706b2d62
81425ef3
6522a7b0
00f93629
a552bdae
7c99f74f
4d028edc
ebc60be5
131106ba
bc28b96b
1997bcc8
ebd08161
a138d486
5b978147
2ccfdd74
25b2d29d
4bbdb312
1e40eae3
f7c75ce0
f36efb99
e83fee5e
988d523f
9ef5670c
332ab855
f418926a
930ed35b
b517e7f8
c5ab84d1
37256b36
835d4a37
b8df8ba4
78929d0d
c75504c2
b6b252d3
c15bbe10
5858fd09
b8f2ab0e
8a45492f
8526ab3c
260b60c5
87b26a1a
cd67494b
a8513f28
6cc64441
047d0de6
295f2f27
fd0f25d4
72f1e37d
53fc2272
2b0596c3
2322cb40
033e3a79
49e5f3be
4a20dc1f
b2095b6c
c95f0535
2d098dca
0a811b3b
d9e6c258
be87bfb1
b01abc96
12dc3017
2731ac04
e1a7a5ed
ab3e0c22
d569b6b3
d51f8470
3765b3e9
e254c86e
263f0b0f
dad0779c
cddca5a5
e408fd7a
db6b492b
9f3b7188
4016f721
cd997746
52d34d07
ffda1e34
f54ae45d
7f65c1d2
79cdb2a3
1614e9a0
17d66959
8e3a291e
b27ed5ff
e76effcc
fffb4215
fd5bb92a
b2f4d31b
ec724cb8
8e5aea91
8d543df6
3a0385f7
1a5b7c64
b2329ecd
2b7e4382
35e08a93
db85fad0
17575ac9
ce5115ce
b87f3cef
2297f3fc
b7f1da85
ca6cc0da
d5acb90b
846e53e8
cdfa9a01
6c6610a6
46ebdae7
04c8c694
6075d53d
63529132
71113e83
01b5b800
686f8839
48148e7e
279f3fdf
69be542c
49b76ef5
4d67148a
49e1fafb
28d28718
1b5d0571
e4a9ef56
15cb4bd7
77f4fcc4
fbeb87ad
e36daae2
cc8ece73
7ba72130
6d65f1a9
75bf932e
04fddecf
5d15205c
7502ff65
e935b43a
c7a398eb
ca01e648
faa92ce1
1cbada06
50a0d8c7
87731ef4
a42ab61d
211a9092
13483a63
831d3660
28419719
564d23de
5b7a19bf
8f8f588c
d54b8bd5
11839fea
a8c092db
b71f7178
c7c61051
97f3d0b6
9f2b81b7
d1962d24
0c8a608d
fa644242
29ec8253
c89af790
aac97889
1d78408e
2bb2f0af
b6dffcbc
51c81445
fabbd79a
d8c7e8cb
ce0e28a8
265aafc1
e66fd366
96ea46a7
af712754
ec2186fd
6615bff2
feeaa643
a36364c0
868495f9
e3bbe93e
5c07639f
db7a0cec
8d6f98b5
4a095b4a
c5089abb
ab710bd8
71ce0b31
5509e216
ab1c2797
64d70d84
6dc7296d
23ba09a2
7a71a633
41797df0
3cb9ef69
56531dee
a896728f
8890891c
56f91925
c5572afa
4c91a8ab
daab1b08
2d4722a1
9d5cfcc6
1cc02487
505adfb4
a01247dd
6b9c1f52
6e708223
d7a04320
ae7084d9
6738de9e
933f1d7f
fc16714c
18db9595
035046aa
b032129b
05df5638
73acf611
95c42376
ea953d77
1b4f9de4
e559e24d
9ec70102
86963a13
d15ab450
8c6f5649
fd282b4e
53a0646f
56bec57c
494e0e05
1b5fae5a
8278d88b
25f0bd68
67a68581
e15a5626
c11a7267
e9c84814
63b4f8bd
f705aeb2
3851ce03
00ebd180
c73d63b9
a39c03fe
c719475f
cbfc85ac
da478275
55b0620a
97b4fa7b
b2825098
a39ad0f1
9ffa94d6
ea8ec357
8a97de44
74fa8b2d
36e32862
b2d23df3
cf569ab0
ff21ad29
3acf68ae
60c8c64f
d202b1dc
a97ef2e5
db2d61ba
f5f5786b
d1f70fc8
a9b0d861
1e3fdf86
3ef13047
a7516074
16c1999d
59aa6e12
cf0689e3
6c5e0fe0
f4233299
a7bd595e
198de13f
51c44a0c
f06b5f55
6581ad6a
c509525b
8971faf8
53cf9bd1
85853636
1400b937
f447cea4
5a61240d
43667fc2
ff9db1d3
fe853110
f608f409
8420d60e
6007982f
d6f44e3c
b443c7c5
ef18451a
3e7f884b
ecd61228
439e1b41
8be598e6
2d3c5e27
608e28d4
d4f02a7d
70e25d72
4106b5c3
d30efe40
5459f179
ce74debe
0894eb1f
c005be6c
35ff2c35
631c28ca
9da71a3b
4ec65558
528356b1
243c0796
abe31f17
45f76f04
0f45aced
a7a90722
097095b3
8dfe7770
ce5d2ae9
99f4736e
3d54da0f
6e2b9a9c
62548ca5
4d78587a
0f8f082b
70a5c488
01a64e21
2e238246
fef3fc07
9916a134
f5f8ab5d
a6057cd2
38ca51a3
5a169ca0
0319a059
be9a941e
6e2664ff
7558e2cc
41bae915
8ad7d42a
a306521b
b2975fb8
e9ee0191
25f708f6
d32df4f7
193ebf64
496025cd
d302be82
08c2e993
18da6dd0
e15651c9
892240ce
40a88bef
cc4096fc
68694185
f8a59bda
389bf80b
437e26e8
2c017101
d4d19ba6
031009e7
8082c994
0d931c3d
ee6bcc32
fcc95d83
928ceb00
179a3f39
6b06797e
803a4edf
fc55b72c
665695f5
250caf8a
729ef9fb
50fd1a18
e0479c71
008e3a56
86d93ad7
b3b5bfc4
fa688ead
c0cba5e2
d20cad73
a6311430
842c68a9
aa823e2e
0dfaadcf
51cb435c
3739e665
fef80f3a
a51e57eb
37773948
86e783e1
1bc7e506
648887c7
f26aa1f4
eb777d1d
cb6d4b92
6f7bd963
7989e960
a513ce19
12908ede
d0c8a8bf
0b943b8c
b28a32d5
8612baea
c5e911db
b20f8478
77c82751
f5d99bb6
9fdcf0b7
06f47024
5016e78d
f85bbd42
d5c5e153
a91a6a90
08176f89
a2ec6b8e
a5433faf
8b639fbc
fb7e7b45
7ac7b29a
5c8e27cb
0aa8fba8
529086c1
6ade5e66
2a5575a7
76662a54
9b5dcdfd
4a61faf2
0f59c543
782597c0
babe4cf9
4010d43e
4dc9729f
85ac6fec
f10dbfb5
0e41f64a
725c99bb
49e69ed8
6ea7a231
13b12d16
d3311697
b092d084
b423306d
8d0b04a2
20668533
00ae70f0
ba4f6669
6338c8ee
627a418f
31a1ac1c
9def0025
926c85fa
826367ab
672b6e08
4b3479a1
f5ed07c6
376ed387
400d62b4
64fe0edd
04a1da52
f6db2123
6377f620
63d1bbd9
ca5f499e
4134ac7f
7936544c
a8993c95
29f261aa
6971919b
789a6938
ff1e0d11
33ecee76
b1cdac77
fa28e0e4
cc45694d
1e317c02
5a669913
f8052750
e40c4d49
283f564e
fd97b36f
291d687c
c3437505
783e895a
5616178b
e3169068
a90b5c81
bccbe126
4acca167
2ef84b14
cc103fbd
1f84e9b2
dc77ed03
7c990480
a7861ab9
d453eefe
5102565f
20c9e8ac
1be4a975
517bfd0a
b89ff97b
8a42e398
df6367f1
fc64dfd6
a8aab257
d94ea144
7a35922d
d7272362
c83e1cf3
46368db0
ca862429
7ad813ae
8a93954f
826ed4dc
cc33d9e5
6a95bcba
331e376b
008262c8
204d2f61
8b52ea86
ff66df47
cebee374
904c609d
4c632912
12a828e3
70a0c2e0
89136999
ccc6c45e
7f2a703f
e2ff2d0c
49a80655
0936c86a
895fd15b
b6f80df8
41afb2d1
def10136
00c02837
ef9c11a4
dbabab0d
6f43fac2
4a6510d3
0e5aa410
aef4eb09
2fdb010e
7965e72f
7a2df13c
d5782ec5
b3ca201a
90f3c74b
2d86e528
e131f241
f95a23e6
cc358d27
56f92bd4
ad6a717d
c8949872
87e3d4c3
58a73140
07b1a879
6e8fc9be
29a4fa1f
526e216c
ec9b5335
e17ac3ca
2129193b
22d1e858
d43aedb1
19695296
df060e17
8aa93204
4a5fb3ed
29e00222
5d5374b3
df896a70
ce90a1e9
68201e6e
9606a90f
78f2bd9c
b7c873a5
aa33b37a
030ec72b
c43c1788
97f1a521
6ab98d46
0430ab07
ab3f2434
5b22725d
5d7137d2
c6a2f0a3
b9c44fa0
1e98d759
c086ff1e
0a69f3ff
2daec5cc
7b769015
769fef2a
e173d11b
dde872b8
c13d1891
b5a5d3f6
447463f7
a40e0264
5c09accd
d6533982
19814893
b4dae0d0
629148c9
907f6bce
086ddaef
135539fc
07dca885
b02a76da
38e7370b
0ab9f9e8
6cc44801
0f4926a6
d65038e7
5b28cc94
0d2c633d
60510732
f55d7c83
85101e00
c500f639
1584647e
37715ddf
5f591a2c
28f1bcf5
70fe4a8a
47b7f8fb
e453ad18
aeee3371
897e8556
0e0329d7
e16282c4
e26195ad
cff5a0e2
33668c73
f5670730
a02edfa9
61d0e92e
54937ccf
09ed665c
166ccd65
34066a3a
fdf516eb
33188c48
03e1dae1
e2e0f006
4d8c36c7
a24e24f4
7340441d
b28c0692
d68b7863
17a29c60
ee220519
0c5ff9de
22b337bf
fe051e8c
e3c4d9d5
84edd5ea
ed6d90db
1e2b9778
bf863e51
36cb66b6
f4aa5fb7
943eb324
eb1f6e8d
fe1f3842
fb7b4053
7445dd90
b8a16689
e0ec968e
5a6f8eaf
495342bc
f030e245
b01f8d9a
39b066cb
5b6fcea8
7d825dc1
ad58e966
50dca4a7
68472d54
791614fd
c17a35f2
c8a4e443
3a93cac0
893403f9
8ff1bf3e
9a27819f
4c4ad2ec
56a7e6b5
72c6914a
880c98bb
5f8831d8
913d3931
2b647816
8d620597
ba3a9384
bffb376d
d427ffa2
5e376433
708f63f0
d920dd69
5eaa73ee
55fa108f
ea1ecf1c
5de0e725
aacde0fa
ef9126ab
8dd7c108
75ddd0a1
028912c6
a3398287
40abe5b4
4665d5dd
86739552
c621c023
22fba920
816ef2d9
d711b49e
c7c63b7f
b8c2374c
e852e395
06e07caa
e90d109b
68817c38
3e4b2411
a121b976
49221b77
fcee23e4
e6acf04d
5167f702
e412f813
955b9a50
2ae54449
77e2814e
df2b026f
30e80b7c
e434dc05
b669645a
3f0f568b
c0686368
052c3381
42496c26
e39ad067
6b144e14
3ee786bd
86d024b2
657a0c03
71f23780
be0ad1b9
6497d9fe
3187655f
de034bac
bb7dd075
1993980a
fde6f87b
e52f7698
5ce7fef1
9ddb2ad6
74e2a157
b1f16444
20ec992d
01371e62
b185fbf3
f9c280b0
d3269b29
156cbeae
e9fa644f
8e46f7dc
c3e4c0e5
714a17ba
63a2f66b
d539b5c8
bfa58661
9871f586
8cf88e47
d3186674
0253279d
d3e7e412
d925c7e3
348f75e0
223fa099
075c2f5e
b962ff3f
82a6100c
aee0ad55
8f37e36a
d012505b
6daa20f8
ff4bc9d1
f368cc36
399b9737
dadc54a4
6c72320d
faed75c2
87086fd3
20dc1710
f31ce209
6c212c0e
c660362f
9ed3943c
f9a895c5
85c7fb1a
b4c4064b
9a63b828
b581c941
fcdaaee6
f64abc27
10502ed4
6c60b87d
0b12d372
ef9cf3c3
e3eb6440
8d455f79
da36b4be
9d51091f
9942846c
5d337a35
58255eca
8507183b
86097b58
b3ae84b1
3fa29d96
9c44fd17
2546f504
02f5baed
e1e2fd22
c11253b3
f9c05d70
a80018e9
fcd7c96e
2054780f
2b25e09c
3e385aa5
aa3b0e7a
a5ea862b
c9fe6a88
72f8fc21
335b9846
52895a07
6653a734
94c8395d
55a8f2d2
13578fa3
651e02a0
da540e59
43ff6a1e
774982ff
4070a8cc
1d2e3715
70b40a2a
5e3d501b
9e6585b8
84482f91
ec609ef6
7dd6d2f7
eac94564
5a2f33cd
e56fb482
581ba793
df8753d0
0b083fc9
946896ce
ffcf29ef
27d5dcfc
064c0f85
a0fb51da
c68e760b
0a21cce8
00431f01
cbccb1a6
b0ac67e7
c4bacf94
cf41aa3d
69024232
4acd9b83
093f5100
e0a3ad39
f78e4f7e
3d446cdf
c2c87d2c
0188e3f5
e13be58a
b92cf7fb
12d64018
f750ca71
2f7ad056
9b4918d7
30fb45c4
23d69cad
c0eb9be2
e09c6b73
9948fa30
316d56a9
4bab942e
c8c84bcf
b57b895c
829bb465
3860c53a
c227d5eb
ece5df48
e19831e1
2205fb06
fbabe5c7
c71da7f4
ab850b1d
8676c192
38771763
8d674f60
736c3c19
f3bb64de
4139c6bf
96e2018c
d8fb80d5
be14f0ea
0f4e0fdb
2b73aa78
0f005551
0ac931b6
8d93ceb7
a974f624
4da3f58d
bbaeb342
8b0c9f53
5a1d5090
2c675d89
8778c18e
3b37ddaf
20aee5bc
9fdf4945
4ac3689a
602ea5cb
f062a1a8
173034c1
5ddf7466
fa7fd3a7
b5143054
f54a5bfd
7b5e70f2
1acc0343
1aadfdc0
61e5baf9
835eaa3e
3121909f
5f5535ec
2e3e0db5
27972c4a
f61897bb
1c55c4d8
498ed031
4c23c316
c9aef497
b1ce5684
014f3e6d
a910faa2
23e44333
c11c56f0
092e5469
f8a81eee
7315df8f
e207f21c
06cece25
be7b3bfa
841ae5ab
7eb01408
1d4327a1
73311dc6
50203187
823668b4
b4499cdd
a1115052
cc445f23
462b5c20
774829d9
3d501f9e
16f3ca7f
eaba1a4c
48088a95
4a1a97aa
1f048f9b
05948f38
a1343b11
8d628476
a0928a77
539f66e4
a490774d
e86a7202
139b5713
d95e0d50
d0fa3b49
9c11ac4e
e85a516f
9e1eae7c
1c224305
85e03f5a
2d64958b
ede63668
ec090a81
21d2f726
7b84ff67
ce1c5114
2c3acdbd
dce75fb2
c3582b03
10f76a80
7acb88b9
0467c4fe
58a8745f
33a8aeac
2912f775
5df7330a
5789f77b
f3480998
8c2895f1
345d75d6
3f369057
44802744
d91fa02d
65131962
5ea9daf3
19fa73b0
89031229
ba8d69ae
6efd334f
258b1adc
0091a7e5
9f4a72ba
7783b56b
801d08c8
f7b9dd61
f59d0086
d7a63d47
e45de974
dcd5ee9d
a0389f12
127f66e3
e82a28e0
2fa7d799
077d9a5e
b8378e3f
60b8f30c
90155455
a784fe6a
8920cf5b
dd8833f8
fca3e0d1
72ec9736
ae930637
e60897a4
7cb4b90d
9662f0c2
a587ced3
66098a10
3280d909
e8f3570e
36f6852f
74e5373c
90d4fcc5
1511d61a
99f0454b
636c8b28
308da041
466739e6
9b7beb27
bc9331d4
81d2ff7d
e85d0e72
683212c3
a4db9740
55151679
c1699fbe
5399181f
c482e76c
f7c7a135
771bf9ca
b941173b
a86d0e58
60de1bb1
46e7e896
d39fec17
45d0b804
a907c1ed
7fb1f822
24ad32b3
0ca35070
caab8fe9
081b746e
cc3e470f
b4c5039c
65a441a5
fd8e697a
e822452b
b1ecbd88
02bc5321
3809a346
d9fe0907
fa542a34
12ea005d
3eacadd2
0ee82ea3
8c23b5a0
a64b4559
f903d51e
a4c511ff
dd9e8bcc
96e1de15
2914252a
0962cf1b
240e98b8
a30f4691
7a2769f6
6f5541f7
1d708864
b3d0bacd
b0582f82
b4920693
c8dfc6d0
4abb36c9
44ddc1ce
16cc78ef
39c27ffc
d3b77685
7b182cda
d191b50b
71b59fe8
567df601
ba5c3ca6
822496e7
ed38d294
c3d2f13d
b87f7d32
ed19ba83
4f1a8400
da826439
c1243a7e
81b37bdf
56a3e02c
601c0af5
25c5808a
b6fdf6fb
0c84d318
296f6171
a2831b56
1eab07d7
d28008c4
2ec7a3ad
43ad96e2
c9ae4a73
c1d6ed30
a7e7cda9
18123f2e
5a991acf
8475ac5c
ebc69b65
bc07203a
e1b694eb
94df3248
900a88e1
89370606
5ee794c7
90d92af4
0445d21d
f72d7c92
853eb663
0ad80260
a4f27319
78a2cfde
1c5c55bf
062ae48c
022e27d5
e1880bea
1b8a8edb
09e7bd78
d6366c51
21d2fcb6
5a993db7
76973924
e7a47c8d
e10a2e42
7479fe53
8aa0c390
d3695489
4690ec8e
379c2caf
417688bc
7a89b045
fab3439a
c008e4cb
f98174a8
8f9a0bc1
2c71ff66
173f02a7
8ccd3354
7ffaa2fd
280eabf2
f5cf2243
487430c0
b4d371f9
ca57953e
02b79f9f
eecb98ec
e7d034b5
dcb3c74a
ac8096bb
b04f57d8
079c6731
25ef0e16
7817e397
c74e1984
e81f456d
bbc5f5a2
616d2233
225549f0
ba77cb69
e131c9ee
a9cdae8f
495d151c
08b8b525
7d7496fa
3000a4ab
69b46708
b1647ea1
f7e528c6
2e22e087
34acebb4
1ea963dd
047b0b52
f942fe23
fd070f20
b55d60d9
ad1a8a9e
1ebd597f
3f1dfd4c
37ba3195
a3a0b2aa
fb580e9b
7fd3a238
97d95211
a8af4f76
a81ef977
2e3ca9e4
75effe4d
9338ed02
d8ffb613
f40c8050
464b3249
44ccd74e
0925a06f
a0c1517c
db0baa05
96a31a5a
1115d48b
9b900968
cda1e181
0b688226
028b2e67
88105414
040a14bd
d1ca9ab2
e6124a03
89a89d80
4dc83fb9
63c3affe
b665835f
51ba11ac
d4a41e75
cea6ce0a
b588f67b
e48c9c98
dd252cf1
6febc0d6
f7a67f57
c0faea44
12cea72d
b2bb1462
bfa9b9f3
d6de66b0
5c1b8929
1a3a14ae
099c024f
783b3ddc
f23a8ee5
a496cdba
5ec0746b
312c5bc8
388a3461
52d40b86
cf6fec47
328f6c74
8fd4b59d
61555a12
aeb505e3
bb70dbe0
214c0e99
7d2b055e
6ba81d3f
ad37d60c
5d45fb55
021e196a
a48b4e5b
369246f8
a9b7f7d1
0d7c6236
4fa67537
4120daa4
7c73400d
f1a46bc2
95e32dd3
0de2fd10
dd20d009
5651820e
bb28d42f
2c62da3c
0afd63c5
11a7b11a
3078844b
b8a15e28
c2557741
85ffc4e6
abc91a27
8bc234d4
5dc1467d
10734972
e1a331c3
cb77ca40
cf20cd79
d4288abe
3c7d271f
042f4a6c
2c57c835
ee5e94ca
add7163b
b9fca158
4bc9b2b1
df393396
7516db17
1c467b04
ac95c8ed
b34cf322
782411b3
48324370
a69306e9
39eb1f6e
89c4160f
45d0269c
9e0c28a5
542dc47a
b9b6042b
ac071088
b73baa21
28c3ae46
8a8eb807
9740ad34
4587c75d
c87c68d2
a954cda3
5ed568a0
f27e7c59
8f94401e
82dca0ff
35386ecc
58918515
4fc0402a
d2e44e1b
9ee3abb8
8d925d91
0efa34f6
08efb0f7
6c03cb64
d8ee41cd
e70caa82
1ee46593
a0e439d0
91aa2dc9
51deecce
3d65c7ef
791b22fc
e01edd85
ee8107da
49f0f40b
717572e8
df74cd01
8af7c7a6
3ab8c5e7
04a2d594
5ae0383d
fec8b832
cc41d983
86a1b700
229d1b39
2246257e
f4be8adf
4aeb432c
b4ab31f5
ee9b1b8a
312af5fb
015f6618
b549f871
92976656
8828f6d7
f5f0cbc4
7334aaad
083b91e2
de9c2973
9f10e030
739e44a9
7704ea2e
fa05e9cf
a6dbcf5c
c1ed8265
6ef97b3a
4ca153eb
5b048548
7f38dfe1
c8741106
673f43c7
2f80adf4
ed82991d
b4b03792
ace25563
bff4b560
f2b4aa19
4b163ade
a41ae4bf
7bdfc78c
cf5cced5
9f4726ea
02230ddb
e987d078
85288351
2be8c7b6
4bbaacb7
2ba57c24
2921038d
1e31a942
a7c35d53
35d03690
1da74b89
ce35178e
3f9c7baf
dbaa2bbc
f0301745
6fef1e9a
493f23cb
a6cc47a8
56bfe2c1
c9108a66
971a31a7
1f723654
8926e9fd
778ae6f2
49ae4143
f3e663c0
f1fd28f9
14dc803e
fee9ae9f
2aadfbec
f35e5bb5
421c624a
9b4495bb
4b74ead8
3b65fe31
68c65916
889cd297
2ab9dc84
e46b4c6d
bc46f0a2
06d20133
c43a3cf0
5cfd4269
c84774ee
ea217d8f
501e381c
d39e9c25
97b9f1fa
e34263ab
7ee4ba08
a241d5a1
40a533c6
2d418f87
880f6eb4
f5852add
60b0c652
3d1d9d23
778ec220
abae97d9
d670f59e
cf22e87f
e5ede04c
2767d895
c372cdaa
6e078d9b
073eb538
923a6911
a3081a76
4fc76877
bcc5ece4
cacb854d
01d36802
24401513
1566f350
fad82949
2214024e
318cef6f
68cff47c
90f11105
98b1f55a
da23138b
f965dc68
19f6b881
af0a0d26
68ad5d67
c8f05714
36555bbd
1579d5b2
bda86903
0c05d080
a700f6b9
32ab9afe
3abe925f
683774ac
2e314575
1ba2690a
07e3f57b
e8fd2f98
bfddc3f1
00860bd6
8e326e57
5761ad44
3df9ae2d
9a2f0f62
c48598f3
606e59b0
bc700029
e472bfae
a9d6d14f
b65760dc
08df75e5
312f28ba
0959336b
1867aec8
f2168b61
60171686
64559b47
edacef74
8b4f7c9d
c73e1512
9dc6a4e3
de638ee0
672c4599
1864705e
c3b4ac3f
9822b90c
8672a255
4f03346a
1251cd5b
a8c859f8
76880ed1
73182d36
0cd5e437
1c251da4
dbadc70d
bcb1e6c2
481a8cd3
48687010
62fcc709
643bad0e
42f7232f
f54c7d3c
d821cac5
2b898c1a
685cc34b
ca023128
dad94e41
6ba44fe6
17324927
addd37d4
702b8d7d
33558472
4bf050c3
87bffd40
6b688479
c27375be
47fd361f
8847ad6c
6ae3ef35
6ded2fca
52c9153b
eab83458
e47149b1
b8967e96
70a9ca17
d8a83e04
7d9fcfed
2cb3ee22
ab76f0b3
dc6d3670
abb67de9
4246ca6e
48e5e50f
0e47499c
57700fa5
5e191f7a
0aa5c32b
e84d6388
00770121
b589b946
543b6707
6d193034
9ca18e5d
a31823d2
d29d6ca3
0d331ba0
2eedb359
b7b0ab1e
01902fff
773e51cc
d23d2c15
94b85b2a
aac1cd1b
3ee4beb8
b3d17491
